[0.000000] (-) TimerEvent: {}
[0.002691] (-) JobUnselected: {'identifier': 'gps_ros2'}
[0.007243] (-) JobUnselected: {'identifier': 'package1'}
[0.008989] (-) JobUnselected: {'identifier': 'temperature_interface'}
[0.010166] (gps_mavros) JobQueued: {'identifier': 'gps_mavros', 'dependencies': OrderedDict()}
[0.014898] (gps_mavros) JobStarted: {'identifier': 'gps_mavros'}
[0.088104] (-) TimerEvent: {}
[0.194688] (-) TimerEvent: {}
[0.306497] (-) TimerEvent: {}
[0.416334] (-) TimerEvent: {}
[0.521231] (-) TimerEvent: {}
[0.626919] (-) TimerEvent: {}
[0.731197] (-) TimerEvent: {}
[0.835692] (-) TimerEvent: {}
[0.940231] (-) TimerEvent: {}
[1.043884] (-) TimerEvent: {}
[1.150034] (-) TimerEvent: {}
[1.271008] (-) TimerEvent: {}
[1.383034] (-) TimerEvent: {}
[1.493326] (-) TimerEvent: {}
[1.596574] (-) TimerEvent: {}
[1.715411] (-) TimerEvent: {}
[1.823554] (-) TimerEvent: {}
[1.930902] (-) TimerEvent: {}
[2.032508] (-) TimerEvent: {}
[2.148687] (-) TimerEvent: {}
[2.262744] (-) TimerEvent: {}
[2.372207] (-) TimerEvent: {}
[2.468279] (gps_mavros) JobProgress: {'identifier': 'gps_mavros', 'progress': 'cmake'}
[2.481583] (-) TimerEvent: {}
[2.584979] (-) TimerEvent: {}
[2.706265] (-) TimerEvent: {}
[2.773637] (gps_mavros) JobProgress: {'identifier': 'gps_mavros', 'progress': 'build'}
[2.806609] (-) TimerEvent: {}
[2.831425] (gps_mavros) Command: {'cmd': ['/usr/bin/cmake', '--build', '/ODLC_Machine_Inferencing_System_2025-2026/ros2_workspace/build/gps_mavros', '--', '-j12', '-l12'], 'cwd': '/ODLC_Machine_Inferencing_System_2025-2026/ros2_workspace/build/gps_mavros', 'env': OrderedDict([('PYTHON_BASIC_REPL', '1'), ('HOSTNAME', 'docker-desktop'), ('GIT_ASKPASS', '/vscode/vscode-server/bin/linux-x64/03c265b1adee71ac88f833e065f7bb956b60550a/extensions/git/dist/askpass.sh'), ('SHLVL', '2'), ('LD_LIBRARY_PATH', '/ODLC_Machine_Inferencing_System_2025-2026/ros2_workspace/install/gps_mavros/lib:/opt/ros/humble/opt/rviz_ogre_vendor/lib:/opt/ros/humble/lib/x86_64-linux-gnu:/opt/ros/humble/lib'), ('BROWSER', '/vscode/vscode-server/bin/linux-x64/03c265b1adee71ac88f833e065f7bb956b60550a/bin/helpers/browser.sh'), ('HOME', '/home/ubuntu'), ('OLDPWD', '/ODLC_Machine_Inferencing_System_2025-2026/ros2_workspace/source'), ('TERM_PROGRAM_VERSION', '1.105.0'), ('VSCODE_IPC_HOOK_CLI', '/tmp/vscode-ipc-45d6664b-9d05-4b08-bcfb-6f21bd310d14.sock'), ('ROS_PYTHON_VERSION', '3'), ('VSCODE_GIT_ASKPASS_MAIN', '/vscode/vscode-server/bin/linux-x64/03c265b1adee71ac88f833e065f7bb956b60550a/extensions/git/dist/askpass-main.js'), ('VSCODE_GIT_ASKPASS_NODE', '/vscode/vscode-server/bin/linux-x64/03c265b1adee71ac88f833e065f7bb956b60550a/node'), ('PYDEVD_DISABLE_FILE_VALIDATION', '1'), ('BUNDLED_DEBUGPY_PATH', '/home/ubuntu/.vscode-server/extensions/ms-python.debugpy-2025.14.0-linux-x64/bundled/libs/debugpy'), ('VSCODE_PYTHON_AUTOACTIVATE_GUARD', '1'), ('COLORTERM', 'truecolor'), ('REMOTE_CONTAINERS', 'true'), ('WAYLAND_DISPLAY', 'vscode-wayland-7867dc08-88f4-4bd5-8596-ea9712f5a7a1.sock'), ('COLCON_PREFIX_PATH', '/ODLC_Machine_Inferencing_System_2025-2026/ros2_workspace/install'), ('ROS_DISTRO', 'humble'), ('REMOTE_CONTAINERS_IPC', '/tmp/vscode-remote-containers-ipc-d5105989-edb8-4c74-b48b-69aa229c9a3c.sock'), ('_', '/usr/bin/colcon'), ('ROS_VERSION', '2'), ('TERM', 'xterm-256color'), ('ROS_LOCALHOST_ONLY', '0'), ('PATH', '/vscode/vscode-server/bin/linux-x64/c306e94f98122556ca081f527b466015e1bc37b0/bin/remote-cli:/home/ubuntu/.local/bin:/opt/ros/humble/bin:/usr/local/sbin:/usr/local/bin:/usr/sbin:/usr/bin:/sbin:/bin:/home/ubuntu/ardu_ws/Micro-XRCE-DDS-Gen/scripts:/home/ubuntu/.vscode-server/data/User/globalStorage/github.copilot-chat/debugCommand:/home/ubuntu/ardu_ws/Micro-XRCE-DDS-Gen/scripts:/home/ubuntu/ardu_ws/src/ardupilot/Tools/autotest'), ('XDG_RUNTIME_DIR', '/tmp/user/1000'), ('REMOTE_CONTAINERS_SOCKETS', '["/home/ubuntu/.gnupg/S.gpg-agent"]'), ('DISPLAY', 'host.docker.internal:0.0'), ('VSCODE_DEBUGPY_ADAPTER_ENDPOINTS', '/home/ubuntu/.vscode-server/extensions/ms-python.debugpy-2025.14.0-linux-x64/.noConfigDebugAdapterEndpoints/endpoint-c94bd0c74effbbe6.txt'), ('LANG', 'C.UTF-8'), ('PYTHONSTARTUP', '/home/ubuntu/.vscode-server/data/User/workspaceStorage/1d87b516b83a512fdf37d51607465b70/ms-python.python/pythonrc.py'), ('LS_COLORS', 'rs=0:di=01;34:ln=01;36:mh=00:pi=40;33:so=01;35:do=01;35:bd=40;33;01:cd=40;33;01:or=40;31;01:mi=00:su=37;41:sg=30;43:ca=30;41:tw=30;42:ow=34;42:st=37;44:ex=01;32:*.tar=01;31:*.tgz=01;31:*.arc=01;31:*.arj=01;31:*.taz=01;31:*.lha=01;31:*.lz4=01;31:*.lzh=01;31:*.lzma=01;31:*.tlz=01;31:*.txz=01;31:*.tzo=01;31:*.t7z=01;31:*.zip=01;31:*.z=01;31:*.dz=01;31:*.gz=01;31:*.lrz=01;31:*.lz=01;31:*.lzo=01;31:*.xz=01;31:*.zst=01;31:*.tzst=01;31:*.bz2=01;31:*.bz=01;31:*.tbz=01;31:*.tbz2=01;31:*.tz=01;31:*.deb=01;31:*.rpm=01;31:*.jar=01;31:*.war=01;31:*.ear=01;31:*.sar=01;31:*.rar=01;31:*.alz=01;31:*.ace=01;31:*.zoo=01;31:*.cpio=01;31:*.7z=01;31:*.rz=01;31:*.cab=01;31:*.wim=01;31:*.swm=01;31:*.dwm=01;31:*.esd=01;31:*.jpg=01;35:*.jpeg=01;35:*.mjpg=01;35:*.mjpeg=01;35:*.gif=01;35:*.bmp=01;35:*.pbm=01;35:*.pgm=01;35:*.ppm=01;35:*.tga=01;35:*.xbm=01;35:*.xpm=01;35:*.tif=01;35:*.tiff=01;35:*.png=01;35:*.svg=01;35:*.svgz=01;35:*.mng=01;35:*.pcx=01;35:*.mov=01;35:*.mpg=01;35:*.mpeg=01;35:*.m2v=01;35:*.mkv=01;35:*.webm=01;35:*.webp=01;35:*.ogm=01;35:*.mp4=01;35:*.m4v=01;35:*.mp4v=01;35:*.vob=01;35:*.qt=01;35:*.nuv=01;35:*.wmv=01;35:*.asf=01;35:*.rm=01;35:*.rmvb=01;35:*.flc=01;35:*.avi=01;35:*.fli=01;35:*.flv=01;35:*.gl=01;35:*.dl=01;35:*.xcf=01;35:*.xwd=01;35:*.yuv=01;35:*.cgm=01;35:*.emf=01;35:*.ogv=01;35:*.ogx=01;35:*.aac=00;36:*.au=00;36:*.flac=00;36:*.m4a=00;36:*.mid=00;36:*.midi=00;36:*.mka=00;36:*.mp3=00;36:*.mpc=00;36:*.ogg=00;36:*.ra=00;36:*.wav=00;36:*.oga=00;36:*.opus=00;36:*.spx=00;36:*.xspf=00;36:'), ('VSCODE_GIT_IPC_HANDLE', '/tmp/user/1000/vscode-git-58379d938b.sock'), ('TERM_PROGRAM', 'vscode'), ('AMENT_PREFIX_PATH', '/ODLC_Machine_Inferencing_System_2025-2026/ros2_workspace/install/gps_ros2:/ODLC_Machine_Inferencing_System_2025-2026/ros2_workspace/install/gps_mavros:/opt/ros/humble'), ('SHELL', '/bin/bash'), ('GZ_VERSION', 'harmonic'), ('VSCODE_GIT_ASKPASS_EXTRA_ARGS', ''), ('PWD', '/ODLC_Machine_Inferencing_System_2025-2026/ros2_workspace/build/gps_mavros'), ('LC_ALL', 'C.UTF-8'), ('PYTHONPATH', '/ODLC_Machine_Inferencing_System_2025-2026/ros2_workspace/install/gps_ros2/lib/python3.10/site-packages:/ODLC_Machine_Inferencing_System_2025-2026/ros2_workspace/install/gps_mavros/local/lib/python3.10/dist-packages:/opt/ros/humble/lib/python3.10/site-packages:/opt/ros/humble/local/lib/python3.10/dist-packages'), ('COLCON', '1'), ('CMAKE_PREFIX_PATH', '/ODLC_Machine_Inferencing_System_2025-2026/ros2_workspace/install/gps_mavros:/ODLC_Machine_Inferencing_System_2025-2026/ros2_workspace/install/gps_ros2:/opt/ros/humble')]), 'shell': False}
[3.000651] (-) TimerEvent: {}
[3.107284] (-) TimerEvent: {}
[3.210970] (-) TimerEvent: {}
[3.314566] (-) TimerEvent: {}
[3.422484] (-) TimerEvent: {}
[3.528251] (-) TimerEvent: {}
[3.639352] (-) TimerEvent: {}
[3.745897] (-) TimerEvent: {}
[3.850549] (-) TimerEvent: {}
[3.964724] (-) TimerEvent: {}
[4.073372] (-) TimerEvent: {}
[4.182713] (-) TimerEvent: {}
[4.301692] (-) TimerEvent: {}
[4.430624] (-) TimerEvent: {}
[4.540155] (-) TimerEvent: {}
[4.656006] (-) TimerEvent: {}
[4.759993] (-) TimerEvent: {}
[4.875413] (-) TimerEvent: {}
[4.981828] (-) TimerEvent: {}
[5.085879] (-) TimerEvent: {}
[5.202224] (-) TimerEvent: {}
[5.306711] (-) TimerEvent: {}
[5.409270] (-) TimerEvent: {}
[5.515159] (-) TimerEvent: {}
[5.622225] (-) TimerEvent: {}
[5.734268] (-) TimerEvent: {}
[5.836780] (-) TimerEvent: {}
[5.938857] (-) TimerEvent: {}
[6.041282] (-) TimerEvent: {}
[6.148589] (-) TimerEvent: {}
[6.258020] (-) TimerEvent: {}
[6.381614] (-) TimerEvent: {}
[6.483907] (-) TimerEvent: {}
[6.596962] (-) TimerEvent: {}
[6.711614] (-) TimerEvent: {}
[6.818383] (-) TimerEvent: {}
[6.928907] (-) TimerEvent: {}
[7.033315] (-) TimerEvent: {}
[7.137481] (-) TimerEvent: {}
[7.242735] (-) TimerEvent: {}
[7.348491] (-) TimerEvent: {}
[7.454306] (-) TimerEvent: {}
[7.563223] (-) TimerEvent: {}
[7.669353] (-) TimerEvent: {}
[7.771809] (-) TimerEvent: {}
[7.878817] (-) TimerEvent: {}
[7.981896] (-) TimerEvent: {}
[8.090651] (-) TimerEvent: {}
[8.195341] (-) TimerEvent: {}
[8.307837] (-) TimerEvent: {}
[8.430609] (-) TimerEvent: {}
[8.560718] (-) TimerEvent: {}
[8.668151] (-) TimerEvent: {}
[8.780952] (-) TimerEvent: {}
[8.884312] (-) TimerEvent: {}
[8.992478] (-) TimerEvent: {}
[9.111530] (-) TimerEvent: {}
[9.221719] (-) TimerEvent: {}
[9.326087] (-) TimerEvent: {}
[9.436429] (-) TimerEvent: {}
[9.550528] (-) TimerEvent: {}
[9.658718] (-) TimerEvent: {}
[9.770983] (-) TimerEvent: {}
[9.893831] (-) TimerEvent: {}
[10.009180] (-) TimerEvent: {}
[10.112623] (-) TimerEvent: {}
[10.222650] (-) TimerEvent: {}
[10.339112] (-) TimerEvent: {}
[10.445271] (-) TimerEvent: {}
[10.554788] (-) TimerEvent: {}
[10.667601] (-) TimerEvent: {}
[10.777165] (-) TimerEvent: {}
[10.884289] (-) TimerEvent: {}
[10.987165] (-) TimerEvent: {}
[11.090944] (-) TimerEvent: {}
[11.193588] (-) TimerEvent: {}
[11.295684] (-) TimerEvent: {}
[11.401083] (-) TimerEvent: {}
[11.504267] (-) TimerEvent: {}
[11.609036] (-) TimerEvent: {}
[11.718524] (-) TimerEvent: {}
[11.823040] (-) TimerEvent: {}
[11.925116] (-) TimerEvent: {}
[12.030671] (-) TimerEvent: {}
[12.140183] (-) TimerEvent: {}
[12.248101] (-) TimerEvent: {}
[12.353929] (-) TimerEvent: {}
[12.459190] (-) TimerEvent: {}
[12.561508] (gps_mavros) StdoutLine: {'line': b'-- Found ament_cmake: 1.3.12 (/opt/ros/humble/share/ament_cmake/cmake)\n'}
[12.583323] (-) TimerEvent: {}
[12.686668] (-) TimerEvent: {}
[12.803639] (-) TimerEvent: {}
[12.908890] (-) TimerEvent: {}
[13.021603] (-) TimerEvent: {}
[13.123967] (-) TimerEvent: {}
[13.234522] (-) TimerEvent: {}
[13.336174] (-) TimerEvent: {}
[13.441798] (-) TimerEvent: {}
[13.553009] (-) TimerEvent: {}
[13.662818] (-) TimerEvent: {}
[13.772197] (-) TimerEvent: {}
[13.883422] (-) TimerEvent: {}
[13.992888] (-) TimerEvent: {}
[14.095239] (-) TimerEvent: {}
[14.202220] (-) TimerEvent: {}
[14.318720] (-) TimerEvent: {}
[14.430046] (-) TimerEvent: {}
[14.534918] (-) TimerEvent: {}
[14.638482] (-) TimerEvent: {}
[14.742354] (-) TimerEvent: {}
[14.853835] (-) TimerEvent: {}
[14.968926] (-) TimerEvent: {}
[15.071172] (-) TimerEvent: {}
[15.181065] (-) TimerEvent: {}
[15.310544] (-) TimerEvent: {}
[15.414203] (-) TimerEvent: {}
[15.518161] (-) TimerEvent: {}
[15.622723] (-) TimerEvent: {}
[15.729647] (-) TimerEvent: {}
[15.841220] (-) TimerEvent: {}
[15.947375] (-) TimerEvent: {}
[16.058176] (-) TimerEvent: {}
[16.160943] (-) TimerEvent: {}
[16.270736] (-) TimerEvent: {}
[16.373893] (-) TimerEvent: {}
[16.479338] (-) TimerEvent: {}
[16.593787] (-) TimerEvent: {}
[16.700647] (-) TimerEvent: {}
[16.806156] (-) TimerEvent: {}
[16.910769] (-) TimerEvent: {}
[17.017564] (-) TimerEvent: {}
[17.124247] (-) TimerEvent: {}
[17.261325] (-) TimerEvent: {}
[17.389888] (-) TimerEvent: {}
[17.526731] (-) TimerEvent: {}
[17.639608] (-) TimerEvent: {}
[17.743073] (-) TimerEvent: {}
[17.848909] (-) TimerEvent: {}
[17.957719] (-) TimerEvent: {}
[18.062272] (-) TimerEvent: {}
[18.166064] (-) TimerEvent: {}
[18.270950] (-) TimerEvent: {}
[18.374352] (-) TimerEvent: {}
[18.479727] (-) TimerEvent: {}
[18.595544] (-) TimerEvent: {}
[18.714883] (-) TimerEvent: {}
[18.839375] (-) TimerEvent: {}
[18.959232] (-) TimerEvent: {}
[19.067132] (-) TimerEvent: {}
[19.173426] (-) TimerEvent: {}
[19.275498] (-) TimerEvent: {}
[19.376916] (-) TimerEvent: {}
[19.484821] (-) TimerEvent: {}
[19.587443] (-) TimerEvent: {}
[19.699198] (-) TimerEvent: {}
[19.808599] (-) TimerEvent: {}
[19.918263] (-) TimerEvent: {}
[20.021917] (-) TimerEvent: {}
[20.128349] (-) TimerEvent: {}
[20.232031] (-) TimerEvent: {}
[20.335226] (-) TimerEvent: {}
[20.438931] (-) TimerEvent: {}
[20.542260] (-) TimerEvent: {}
[20.644603] (-) TimerEvent: {}
[20.747796] (-) TimerEvent: {}
[20.852169] (-) TimerEvent: {}
[20.954273] (-) TimerEvent: {}
[21.057629] (-) TimerEvent: {}
[21.160437] (-) TimerEvent: {}
[21.264630] (-) TimerEvent: {}
[21.381059] (-) TimerEvent: {}
[21.496034] (-) TimerEvent: {}
[21.601141] (-) TimerEvent: {}
[21.710986] (-) TimerEvent: {}
[21.827643] (-) TimerEvent: {}
[21.939678] (-) TimerEvent: {}
[22.045935] (-) TimerEvent: {}
[22.153979] (-) TimerEvent: {}
[22.269111] (-) TimerEvent: {}
[22.374008] (-) TimerEvent: {}
[22.486846] (-) TimerEvent: {}
[22.590782] (-) TimerEvent: {}
[22.696515] (-) TimerEvent: {}
[22.800492] (-) TimerEvent: {}
[22.905198] (-) TimerEvent: {}
[23.014292] (-) TimerEvent: {}
[23.121934] (-) TimerEvent: {}
[23.229520] (-) TimerEvent: {}
[23.335462] (-) TimerEvent: {}
[23.436926] (-) TimerEvent: {}
[23.540942] (-) TimerEvent: {}
[23.643101] (-) TimerEvent: {}
[23.750157] (-) TimerEvent: {}
[23.855018] (-) TimerEvent: {}
[23.959598] (-) TimerEvent: {}
[24.062767] (-) TimerEvent: {}
[24.180249] (-) TimerEvent: {}
[24.299413] (-) TimerEvent: {}
[24.407651] (-) TimerEvent: {}
[24.510552] (-) TimerEvent: {}
[24.623154] (-) TimerEvent: {}
[24.733578] (-) TimerEvent: {}
[24.842476] (-) TimerEvent: {}
[24.944142] (-) TimerEvent: {}
[25.059466] (-) TimerEvent: {}
[25.174626] (-) TimerEvent: {}
[25.276249] (-) TimerEvent: {}
[25.379886] (-) TimerEvent: {}
[25.482861] (-) TimerEvent: {}
[25.605914] (-) TimerEvent: {}
[25.715446] (-) TimerEvent: {}
[25.818744] (-) TimerEvent: {}
[25.919928] (-) TimerEvent: {}
[26.021642] (-) TimerEvent: {}
[26.131566] (-) TimerEvent: {}
[26.234933] (-) TimerEvent: {}
[26.342768] (-) TimerEvent: {}
[26.462830] (-) TimerEvent: {}
[26.566887] (-) TimerEvent: {}
[26.673733] (-) TimerEvent: {}
[26.792008] (-) TimerEvent: {}
[26.901870] (-) TimerEvent: {}
[27.020384] (-) TimerEvent: {}
[27.133978] (-) TimerEvent: {}
[27.248352] (-) TimerEvent: {}
[27.356968] (-) TimerEvent: {}
[27.480380] (-) TimerEvent: {}
[27.607620] (-) TimerEvent: {}
[27.719050] (-) TimerEvent: {}
[27.824452] (-) TimerEvent: {}
[27.931358] (-) TimerEvent: {}
[28.034829] (-) TimerEvent: {}
[28.143855] (-) TimerEvent: {}
[28.251509] (-) TimerEvent: {}
[28.366301] (-) TimerEvent: {}
[28.470679] (-) TimerEvent: {}
[28.576367] (-) TimerEvent: {}
[28.682698] (-) TimerEvent: {}
[28.794067] (-) TimerEvent: {}
[28.907119] (-) TimerEvent: {}
[29.012297] (-) TimerEvent: {}
[29.127078] (-) TimerEvent: {}
[29.253342] (-) TimerEvent: {}
[29.372257] (-) TimerEvent: {}
[29.491244] (-) TimerEvent: {}
[29.621655] (-) TimerEvent: {}
[29.727742] (-) TimerEvent: {}
[29.841687] (-) TimerEvent: {}
[29.947513] (-) TimerEvent: {}
[30.068034] (-) TimerEvent: {}
[30.177812] (-) TimerEvent: {}
[30.280785] (-) TimerEvent: {}
[30.391020] (-) TimerEvent: {}
[30.494332] (-) TimerEvent: {}
[30.613474] (-) TimerEvent: {}
[30.720611] (-) TimerEvent: {}
[30.830510] (-) TimerEvent: {}
[30.936513] (-) TimerEvent: {}
[31.041066] (-) TimerEvent: {}
[31.148315] (-) TimerEvent: {}
[31.257482] (-) TimerEvent: {}
[31.362931] (-) TimerEvent: {}
[31.466793] (-) TimerEvent: {}
[31.572970] (-) TimerEvent: {}
[31.678362] (-) TimerEvent: {}
[31.792695] (-) TimerEvent: {}
[31.896942] (-) TimerEvent: {}
[32.003593] (-) TimerEvent: {}
[32.106770] (-) TimerEvent: {}
[32.211710] (-) TimerEvent: {}
[32.317094] (-) TimerEvent: {}
[32.422377] (-) TimerEvent: {}
[32.525143] (-) TimerEvent: {}
[32.628209] (-) TimerEvent: {}
[32.738824] (-) TimerEvent: {}
[32.841193] (-) TimerEvent: {}
[32.954499] (-) TimerEvent: {}
[33.064661] (-) TimerEvent: {}
[33.169195] (-) TimerEvent: {}
[33.280024] (-) TimerEvent: {}
[33.383704] (-) TimerEvent: {}
[33.490484] (-) TimerEvent: {}
[33.595331] (-) TimerEvent: {}
[33.703443] (-) TimerEvent: {}
[33.813632] (-) TimerEvent: {}
[33.921700] (-) TimerEvent: {}
[34.026457] (-) TimerEvent: {}
[34.142837] (-) TimerEvent: {}
[34.251414] (-) TimerEvent: {}
[34.354655] (-) TimerEvent: {}
[34.462847] (-) TimerEvent: {}
[34.565531] (-) TimerEvent: {}
[34.672126] (-) TimerEvent: {}
[34.775994] (-) TimerEvent: {}
[34.833602] (gps_mavros) StdoutLine: {'line': b'-- Found rosidl_default_generators: 1.2.0 (/opt/ros/humble/share/rosidl_default_generators/cmake)\n'}
[34.877821] (-) TimerEvent: {}
[34.983946] (-) TimerEvent: {}
[35.092643] (-) TimerEvent: {}
[35.198120] (-) TimerEvent: {}
[35.300326] (-) TimerEvent: {}
[35.403181] (-) TimerEvent: {}
[35.435134] (gps_mavros) StdoutLine: {'line': b'-- Using all available rosidl_typesupport_c: rosidl_typesupport_fastrtps_c;rosidl_typesupport_introspection_c\n'}
[35.485854] (gps_mavros) StdoutLine: {'line': b'-- Found rosidl_adapter: 3.1.7 (/opt/ros/humble/share/rosidl_adapter/cmake)\n'}
[35.522718] (-) TimerEvent: {}
[35.634867] (-) TimerEvent: {}
[35.745555] (-) TimerEvent: {}
[35.846789] (-) TimerEvent: {}
[35.955278] (-) TimerEvent: {}
[36.063997] (-) TimerEvent: {}
[36.178930] (-) TimerEvent: {}
[36.198128] (gps_mavros) StdoutLine: {'line': b'-- Using all available rosidl_typesupport_cpp: rosidl_typesupport_fastrtps_cpp;rosidl_typesupport_introspection_cpp\n'}
[36.283783] (-) TimerEvent: {}
[36.392239] (-) TimerEvent: {}
[36.495513] (-) TimerEvent: {}
[36.600527] (-) TimerEvent: {}
[36.710518] (-) TimerEvent: {}
[36.818154] (-) TimerEvent: {}
[36.920609] (-) TimerEvent: {}
[37.025547] (-) TimerEvent: {}
[37.135126] (-) TimerEvent: {}
[37.246010] (-) TimerEvent: {}
[37.365721] (-) TimerEvent: {}
[37.467838] (-) TimerEvent: {}
[37.574176] (-) TimerEvent: {}
[37.681443] (-) TimerEvent: {}
[37.788825] (-) TimerEvent: {}
[37.899829] (-) TimerEvent: {}
[38.002646] (-) TimerEvent: {}
[38.107192] (-) TimerEvent: {}
[38.215166] (-) TimerEvent: {}
[38.330359] (-) TimerEvent: {}
[38.444365] (-) TimerEvent: {}
[38.548907] (-) TimerEvent: {}
[38.654216] (-) TimerEvent: {}
[38.765414] (-) TimerEvent: {}
[38.880143] (-) TimerEvent: {}
[38.991369] (-) TimerEvent: {}
[39.112871] (-) TimerEvent: {}
[39.276439] (-) TimerEvent: {}
[39.395910] (-) TimerEvent: {}
[39.503956] (-) TimerEvent: {}
[39.616256] (-) TimerEvent: {}
[39.724284] (-) TimerEvent: {}
[39.840046] (-) TimerEvent: {}
[39.943402] (-) TimerEvent: {}
[40.049460] (-) TimerEvent: {}
[40.154008] (-) TimerEvent: {}
[40.262220] (-) TimerEvent: {}
[40.371418] (-) TimerEvent: {}
[40.478344] (-) TimerEvent: {}
[40.585031] (-) TimerEvent: {}
[40.698023] (-) TimerEvent: {}
[40.806570] (-) TimerEvent: {}
[40.915777] (-) TimerEvent: {}
[41.019662] (-) TimerEvent: {}
[41.131878] (-) TimerEvent: {}
[41.235281] (-) TimerEvent: {}
[41.348355] (-) TimerEvent: {}
[41.452886] (-) TimerEvent: {}
[41.558184] (-) TimerEvent: {}
[41.665309] (-) TimerEvent: {}
[41.773869] (-) TimerEvent: {}
[41.878626] (-) TimerEvent: {}
[42.017164] (-) TimerEvent: {}
[42.121244] (-) TimerEvent: {}
[42.235039] (-) TimerEvent: {}
[42.338490] (-) TimerEvent: {}
[42.441358] (-) TimerEvent: {}
[42.567616] (-) TimerEvent: {}
[42.670856] (-) TimerEvent: {}
[42.776397] (-) TimerEvent: {}
[42.878611] (-) TimerEvent: {}
[42.988326] (-) TimerEvent: {}
[43.093175] (-) TimerEvent: {}
[43.205541] (-) TimerEvent: {}
[43.316653] (-) TimerEvent: {}
[43.419393] (-) TimerEvent: {}
[43.523195] (-) TimerEvent: {}
[43.625488] (-) TimerEvent: {}
[43.730169] (-) TimerEvent: {}
[43.847242] (-) TimerEvent: {}
[43.960213] (-) TimerEvent: {}
[44.077674] (-) TimerEvent: {}
[44.187428] (-) TimerEvent: {}
[44.290984] (-) TimerEvent: {}
[44.394629] (-) TimerEvent: {}
[44.501342] (-) TimerEvent: {}
[44.604764] (-) TimerEvent: {}
[44.712946] (-) TimerEvent: {}
[44.819721] (-) TimerEvent: {}
[44.926488] (-) TimerEvent: {}
[45.036714] (-) TimerEvent: {}
[45.140689] (-) TimerEvent: {}
[45.245079] (-) TimerEvent: {}
[45.359659] (-) TimerEvent: {}
[45.465680] (-) TimerEvent: {}
[45.572183] (-) TimerEvent: {}
[45.678744] (-) TimerEvent: {}
[45.789129] (-) TimerEvent: {}
[45.910691] (-) TimerEvent: {}
[46.016196] (-) TimerEvent: {}
[46.135234] (-) TimerEvent: {}
[46.250762] (-) TimerEvent: {}
[46.356569] (-) TimerEvent: {}
[46.464208] (-) TimerEvent: {}
[46.568951] (-) TimerEvent: {}
[46.693865] (-) TimerEvent: {}
[46.800715] (-) TimerEvent: {}
[46.904975] (-) TimerEvent: {}
[47.009573] (-) TimerEvent: {}
[47.114526] (-) TimerEvent: {}
[47.215721] (-) TimerEvent: {}
[47.321406] (-) TimerEvent: {}
[47.433387] (-) TimerEvent: {}
[47.540218] (-) TimerEvent: {}
[47.657279] (-) TimerEvent: {}
[47.760160] (-) TimerEvent: {}
[47.865448] (-) TimerEvent: {}
[47.973995] (-) TimerEvent: {}
[48.079296] (-) TimerEvent: {}
[48.183820] (-) TimerEvent: {}
[48.287456] (-) TimerEvent: {}
[48.408852] (-) TimerEvent: {}
[48.526719] (-) TimerEvent: {}
[48.630140] (-) TimerEvent: {}
[48.734719] (-) TimerEvent: {}
[48.837961] (-) TimerEvent: {}
[48.948377] (-) TimerEvent: {}
[49.052145] (-) TimerEvent: {}
[49.156796] (-) TimerEvent: {}
[49.266212] (-) TimerEvent: {}
[49.379792] (-) TimerEvent: {}
[49.487707] (-) TimerEvent: {}
[49.600459] (-) TimerEvent: {}
[49.717340] (-) TimerEvent: {}
[49.830522] (-) TimerEvent: {}
[49.939953] (-) TimerEvent: {}
[50.041442] (-) TimerEvent: {}
[50.147902] (-) TimerEvent: {}
[50.248964] (-) TimerEvent: {}
[50.354903] (-) TimerEvent: {}
[50.456317] (-) TimerEvent: {}
[50.558251] (-) TimerEvent: {}
[50.664282] (-) TimerEvent: {}
[50.774585] (-) TimerEvent: {}
[50.923556] (-) TimerEvent: {}
[51.037034] (-) TimerEvent: {}
[51.142087] (-) TimerEvent: {}
[51.264250] (-) TimerEvent: {}
[51.382707] (-) TimerEvent: {}
[51.504760] (-) TimerEvent: {}
[51.608368] (-) TimerEvent: {}
[51.713710] (-) TimerEvent: {}
[51.826013] (-) TimerEvent: {}
[51.935620] (-) TimerEvent: {}
[52.051034] (-) TimerEvent: {}
[52.155570] (-) TimerEvent: {}
[52.259307] (-) TimerEvent: {}
[52.362780] (-) TimerEvent: {}
[52.469654] (-) TimerEvent: {}
[52.572317] (-) TimerEvent: {}
[52.684060] (-) TimerEvent: {}
[52.786668] (-) TimerEvent: {}
[52.894906] (-) TimerEvent: {}
[52.998261] (-) TimerEvent: {}
[53.104934] (-) TimerEvent: {}
[53.210623] (-) TimerEvent: {}
[53.315280] (-) TimerEvent: {}
[53.422789] (-) TimerEvent: {}
[53.527813] (-) TimerEvent: {}
[53.635610] (-) TimerEvent: {}
[53.749584] (-) TimerEvent: {}
[53.855087] (-) TimerEvent: {}
[53.975967] (-) TimerEvent: {}
[54.078822] (-) TimerEvent: {}
[54.186159] (-) TimerEvent: {}
[54.290513] (-) TimerEvent: {}
[54.397288] (-) TimerEvent: {}
[54.504662] (-) TimerEvent: {}
[54.620846] (-) TimerEvent: {}
[54.724708] (-) TimerEvent: {}
[54.829796] (-) TimerEvent: {}
[54.931392] (-) TimerEvent: {}
[55.035844] (-) TimerEvent: {}
[55.143364] (-) TimerEvent: {}
[55.250493] (-) TimerEvent: {}
[55.358501] (-) TimerEvent: {}
[55.464375] (-) TimerEvent: {}
[55.571266] (-) TimerEvent: {}
[55.686557] (-) TimerEvent: {}
[55.792357] (-) TimerEvent: {}
[55.900361] (-) TimerEvent: {}
[56.012404] (-) TimerEvent: {}
[56.116321] (-) TimerEvent: {}
[56.238847] (-) TimerEvent: {}
[56.345201] (-) TimerEvent: {}
[56.454180] (-) TimerEvent: {}
[56.557897] (-) TimerEvent: {}
[56.663184] (-) TimerEvent: {}
[56.769499] (-) TimerEvent: {}
[56.874994] (-) TimerEvent: {}
[56.987863] (-) TimerEvent: {}
[57.109747] (-) TimerEvent: {}
[57.242199] (-) TimerEvent: {}
[57.351964] (-) TimerEvent: {}
[57.463977] (-) TimerEvent: {}
[57.573921] (-) TimerEvent: {}
[57.683704] (-) TimerEvent: {}
[57.791660] (-) TimerEvent: {}
[57.908298] (-) TimerEvent: {}
[58.018662] (-) TimerEvent: {}
[58.135633] (-) TimerEvent: {}
[58.239952] (-) TimerEvent: {}
[58.352560] (-) TimerEvent: {}
[58.463957] (-) TimerEvent: {}
[58.578508] (-) TimerEvent: {}
[58.690695] (-) TimerEvent: {}
[58.798495] (-) TimerEvent: {}
[58.912490] (-) TimerEvent: {}
[59.039455] (-) TimerEvent: {}
[59.170270] (-) TimerEvent: {}
[59.289998] (-) TimerEvent: {}
[59.402609] (-) TimerEvent: {}
[59.526082] (-) TimerEvent: {}
[59.633004] (-) TimerEvent: {}
[59.740135] (-) TimerEvent: {}
[59.847132] (-) TimerEvent: {}
[59.953551] (-) TimerEvent: {}
[60.060053] (-) TimerEvent: {}
[60.173196] (-) TimerEvent: {}
[60.282590] (-) TimerEvent: {}
[60.384540] (-) TimerEvent: {}
[60.487758] (-) TimerEvent: {}
[60.593449] (-) TimerEvent: {}
[60.701816] (-) TimerEvent: {}
[60.807527] (-) TimerEvent: {}
[60.914670] (-) TimerEvent: {}
[61.016924] (-) TimerEvent: {}
[61.129251] (-) TimerEvent: {}
[61.232802] (-) TimerEvent: {}
[61.339528] (-) TimerEvent: {}
[61.441817] (-) TimerEvent: {}
[61.549546] (-) TimerEvent: {}
[61.653668] (-) TimerEvent: {}
[61.757794] (-) TimerEvent: {}
[61.873680] (-) TimerEvent: {}
[62.019051] (-) TimerEvent: {}
[62.122182] (-) TimerEvent: {}
[62.242536] (-) TimerEvent: {}
[62.348369] (-) TimerEvent: {}
[62.462623] (-) TimerEvent: {}
[62.575560] (-) TimerEvent: {}
[62.695203] (-) TimerEvent: {}
[62.799011] (-) TimerEvent: {}
[62.911675] (-) TimerEvent: {}
[63.032688] (-) TimerEvent: {}
[63.142967] (-) TimerEvent: {}
[63.252871] (-) TimerEvent: {}
[63.362485] (-) TimerEvent: {}
[63.467079] (-) TimerEvent: {}
[63.571312] (-) TimerEvent: {}
[63.678645] (-) TimerEvent: {}
[63.786557] (-) TimerEvent: {}
[63.897387] (-) TimerEvent: {}
[64.001293] (-) TimerEvent: {}
[64.107533] (-) TimerEvent: {}
[64.218499] (-) TimerEvent: {}
[64.329242] (-) TimerEvent: {}
[64.440144] (-) TimerEvent: {}
[64.552901] (-) TimerEvent: {}
[64.664330] (-) TimerEvent: {}
[64.766550] (-) TimerEvent: {}
[64.874452] (-) TimerEvent: {}
[64.976698] (-) TimerEvent: {}
[65.079793] (-) TimerEvent: {}
[65.185299] (-) TimerEvent: {}
[65.288946] (-) TimerEvent: {}
[65.402371] (-) TimerEvent: {}
[65.509879] (-) TimerEvent: {}
[65.616930] (-) TimerEvent: {}
[65.725768] (-) TimerEvent: {}
[65.827223] (-) TimerEvent: {}
[65.936449] (-) TimerEvent: {}
[66.040285] (-) TimerEvent: {}
[66.142780] (-) TimerEvent: {}
[66.246375] (-) TimerEvent: {}
[66.351871] (-) TimerEvent: {}
[66.463495] (-) TimerEvent: {}
[66.568559] (-) TimerEvent: {}
[66.671492] (-) TimerEvent: {}
[66.788402] (-) TimerEvent: {}
[66.899406] (-) TimerEvent: {}
[67.005285] (-) TimerEvent: {}
[67.107705] (-) TimerEvent: {}
[67.210320] (-) TimerEvent: {}
[67.312951] (-) TimerEvent: {}
[67.416704] (-) TimerEvent: {}
[67.524606] (-) TimerEvent: {}
[67.631535] (-) TimerEvent: {}
[67.740085] (-) TimerEvent: {}
[67.845032] (-) TimerEvent: {}
[67.948455] (-) TimerEvent: {}
[68.057583] (-) TimerEvent: {}
[68.169459] (-) TimerEvent: {}
[68.282946] (-) TimerEvent: {}
[68.385733] (-) TimerEvent: {}
[68.489092] (-) TimerEvent: {}
[68.595834] (-) TimerEvent: {}
[68.722666] (-) TimerEvent: {}
[68.835531] (-) TimerEvent: {}
[68.943621] (-) TimerEvent: {}
[69.075650] (-) TimerEvent: {}
[69.206159] (-) TimerEvent: {}
[69.343850] (-) TimerEvent: {}
[69.470766] (-) TimerEvent: {}
[69.583455] (-) TimerEvent: {}
[69.708232] (-) TimerEvent: {}
[69.852305] (-) TimerEvent: {}
[69.960547] (-) TimerEvent: {}
[70.064641] (-) TimerEvent: {}
[70.170311] (-) TimerEvent: {}
[70.274966] (-) TimerEvent: {}
[70.377265] (-) TimerEvent: {}
[70.487014] (-) TimerEvent: {}
[70.592816] (-) TimerEvent: {}
[70.696516] (-) TimerEvent: {}
[70.800092] (-) TimerEvent: {}
[70.913928] (-) TimerEvent: {}
[71.015201] (-) TimerEvent: {}
[71.117532] (-) TimerEvent: {}
[71.221398] (-) TimerEvent: {}
[71.322777] (-) TimerEvent: {}
[71.424905] (-) TimerEvent: {}
[71.530781] (-) TimerEvent: {}
[71.635214] (-) TimerEvent: {}
[71.742671] (-) TimerEvent: {}
[71.848867] (-) TimerEvent: {}
[71.956786] (-) TimerEvent: {}
[72.060669] (-) TimerEvent: {}
[72.163832] (-) TimerEvent: {}
[72.270328] (-) TimerEvent: {}
[72.383336] (-) TimerEvent: {}
[72.498618] (-) TimerEvent: {}
[72.603305] (-) TimerEvent: {}
[72.708179] (-) TimerEvent: {}
[72.810867] (-) TimerEvent: {}
[72.920923] (-) TimerEvent: {}
[73.035060] (-) TimerEvent: {}
[73.156211] (-) TimerEvent: {}
[73.258448] (-) TimerEvent: {}
[73.373272] (-) TimerEvent: {}
[73.482513] (-) TimerEvent: {}
[73.590113] (-) TimerEvent: {}
[73.694198] (-) TimerEvent: {}
[73.795952] (-) TimerEvent: {}
[73.901766] (-) TimerEvent: {}
[74.004712] (-) TimerEvent: {}
[74.111510] (-) TimerEvent: {}
[74.219419] (-) TimerEvent: {}
[74.327969] (-) TimerEvent: {}
[74.435729] (-) TimerEvent: {}
[74.539714] (-) TimerEvent: {}
[74.645129] (-) TimerEvent: {}
[74.755031] (-) TimerEvent: {}
[74.866273] (-) TimerEvent: {}
[74.971160] (-) TimerEvent: {}
[75.081408] (-) TimerEvent: {}
[75.191609] (-) TimerEvent: {}
[75.303720] (-) TimerEvent: {}
[75.408621] (-) TimerEvent: {}
[75.512962] (-) TimerEvent: {}
[75.621261] (-) TimerEvent: {}
[75.750605] (-) TimerEvent: {}
[75.866654] (-) TimerEvent: {}
[75.971423] (-) TimerEvent: {}
[76.074354] (-) TimerEvent: {}
[76.191544] (-) TimerEvent: {}
[76.294504] (-) TimerEvent: {}
[76.397143] (-) TimerEvent: {}
[76.501997] (-) TimerEvent: {}
[76.608218] (-) TimerEvent: {}
[76.717352] (-) TimerEvent: {}
[76.834992] (-) TimerEvent: {}
[76.940137] (-) TimerEvent: {}
[77.052692] (-) TimerEvent: {}
[77.174762] (-) TimerEvent: {}
[77.282858] (-) TimerEvent: {}
[77.390844] (-) TimerEvent: {}
[77.493508] (-) TimerEvent: {}
[77.600265] (-) TimerEvent: {}
[77.707821] (-) TimerEvent: {}
[77.814485] (-) TimerEvent: {}
[77.920236] (-) TimerEvent: {}
[78.022973] (-) TimerEvent: {}
[78.129575] (-) TimerEvent: {}
[78.238001] (-) TimerEvent: {}
[78.343415] (-) TimerEvent: {}
[78.447562] (-) TimerEvent: {}
[78.554757] (-) TimerEvent: {}
[78.663025] (-) TimerEvent: {}
[78.765767] (-) TimerEvent: {}
[78.871527] (-) TimerEvent: {}
[78.987871] (-) TimerEvent: {}
[79.101059] (-) TimerEvent: {}
[79.221433] (-) TimerEvent: {}
[79.337948] (-) TimerEvent: {}
[79.451396] (-) TimerEvent: {}
[79.557789] (-) TimerEvent: {}
[79.672606] (-) TimerEvent: {}
[79.779858] (-) TimerEvent: {}
[79.887978] (-) TimerEvent: {}
[79.995494] (-) TimerEvent: {}
[80.104172] (-) TimerEvent: {}
[80.216527] (-) TimerEvent: {}
[80.326757] (-) TimerEvent: {}
[80.432402] (-) TimerEvent: {}
[80.541746] (-) TimerEvent: {}
[80.647236] (-) TimerEvent: {}
[80.761498] (-) TimerEvent: {}
[80.891518] (-) TimerEvent: {}
[80.992829] (-) TimerEvent: {}
[81.096290] (-) TimerEvent: {}
[81.219418] (-) TimerEvent: {}
[81.328958] (-) TimerEvent: {}
[81.432714] (-) TimerEvent: {}
[81.537765] (-) TimerEvent: {}
[81.645725] (-) TimerEvent: {}
[81.762912] (-) TimerEvent: {}
[81.873067] (-) TimerEvent: {}
[81.978543] (-) TimerEvent: {}
[82.081683] (-) TimerEvent: {}
[82.187436] (-) TimerEvent: {}
[82.298939] (-) TimerEvent: {}
[82.402707] (-) TimerEvent: {}
[82.470024] (gps_mavros) StdoutLine: {'line': b'-- Found ament_cmake_ros: 0.10.0 (/opt/ros/humble/share/ament_cmake_ros/cmake)\n'}
[82.504856] (-) TimerEvent: {}
[82.607121] (-) TimerEvent: {}
[82.709614] (-) TimerEvent: {}
[82.817675] (-) TimerEvent: {}
[82.931926] (-) TimerEvent: {}
[83.042708] (-) TimerEvent: {}
[83.154705] (-) TimerEvent: {}
[83.272790] (-) TimerEvent: {}
[83.375249] (-) TimerEvent: {}
[83.478219] (-) TimerEvent: {}
[83.579411] (-) TimerEvent: {}
[83.690553] (-) TimerEvent: {}
[83.795405] (-) TimerEvent: {}
[83.904715] (-) TimerEvent: {}
[84.015308] (-) TimerEvent: {}
[84.134943] (-) TimerEvent: {}
[84.256302] (-) TimerEvent: {}
[84.364449] (-) TimerEvent: {}
[84.468441] (-) TimerEvent: {}
[84.585523] (-) TimerEvent: {}
[84.692648] (-) TimerEvent: {}
[84.798970] (-) TimerEvent: {}
[84.904344] (-) TimerEvent: {}
[85.017785] (-) TimerEvent: {}
[85.129636] (-) TimerEvent: {}
[85.237845] (-) TimerEvent: {}
[85.339607] (-) TimerEvent: {}
[85.443094] (-) TimerEvent: {}
[85.551170] (-) TimerEvent: {}
[85.654596] (-) TimerEvent: {}
[85.780716] (-) TimerEvent: {}
[85.890312] (-) TimerEvent: {}
[86.012238] (-) TimerEvent: {}
[86.147554] (-) TimerEvent: {}
[86.254992] (-) TimerEvent: {}
[86.371334] (-) TimerEvent: {}
[86.478842] (-) TimerEvent: {}
[86.597628] (-) TimerEvent: {}
[86.702152] (-) TimerEvent: {}
[86.834859] (-) TimerEvent: {}
[86.946562] (-) TimerEvent: {}
[87.053275] (-) TimerEvent: {}
[87.178588] (-) TimerEvent: {}
[87.292292] (-) TimerEvent: {}
[87.417538] (-) TimerEvent: {}
[87.520356] (-) TimerEvent: {}
[87.635216] (-) TimerEvent: {}
[87.753611] (-) TimerEvent: {}
[87.859074] (-) TimerEvent: {}
[87.960076] (-) TimerEvent: {}
[88.077228] (-) TimerEvent: {}
[88.194013] (-) TimerEvent: {}
[88.310585] (-) TimerEvent: {}
[88.416611] (-) TimerEvent: {}
[88.587904] (-) TimerEvent: {}
[88.717353] (-) TimerEvent: {}
[88.858213] (-) TimerEvent: {}
[88.961411] (-) TimerEvent: {}
[89.073989] (-) TimerEvent: {}
[89.220253] (-) TimerEvent: {}
[89.354184] (-) TimerEvent: {}
[89.493267] (-) TimerEvent: {}
[89.612076] (-) TimerEvent: {}
[89.743507] (-) TimerEvent: {}
[89.859141] (-) TimerEvent: {}
[89.993447] (-) TimerEvent: {}
[90.116886] (-) TimerEvent: {}
[90.259094] (-) TimerEvent: {}
[90.373048] (-) TimerEvent: {}
[90.485908] (-) TimerEvent: {}
[90.604665] (-) TimerEvent: {}
[90.720199] (-) TimerEvent: {}
[90.838622] (-) TimerEvent: {}
[90.944972] (-) TimerEvent: {}
[91.085460] (-) TimerEvent: {}
[91.199810] (-) TimerEvent: {}
[91.306329] (-) TimerEvent: {}
[91.412221] (-) TimerEvent: {}
[91.522722] (-) TimerEvent: {}
[91.634555] (-) TimerEvent: {}
[91.743619] (-) TimerEvent: {}
[91.858609] (-) TimerEvent: {}
[91.964988] (-) TimerEvent: {}
[92.069694] (-) TimerEvent: {}
[92.180373] (-) TimerEvent: {}
[92.332109] (-) TimerEvent: {}
[92.450213] (-) TimerEvent: {}
[92.567019] (-) TimerEvent: {}
[92.675581] (-) TimerEvent: {}
[92.782842] (-) TimerEvent: {}
[92.918598] (-) TimerEvent: {}
[93.044572] (-) TimerEvent: {}
[93.171903] (-) TimerEvent: {}
[93.291068] (-) TimerEvent: {}
[93.433834] (-) TimerEvent: {}
[93.581328] (-) TimerEvent: {}
[93.702046] (-) TimerEvent: {}
[93.811507] (-) TimerEvent: {}
[93.924851] (-) TimerEvent: {}
[94.051694] (-) TimerEvent: {}
[94.166611] (-) TimerEvent: {}
[94.282266] (-) TimerEvent: {}
[94.390075] (-) TimerEvent: {}
[94.503333] (-) TimerEvent: {}
[94.615558] (-) TimerEvent: {}
[94.720397] (-) TimerEvent: {}
[94.823359] (-) TimerEvent: {}
[94.926195] (-) TimerEvent: {}
[95.039586] (-) TimerEvent: {}
[95.148713] (-) TimerEvent: {}
[95.252949] (-) TimerEvent: {}
[95.372812] (-) TimerEvent: {}
[95.483553] (-) TimerEvent: {}
[95.596827] (-) TimerEvent: {}
[95.705740] (-) TimerEvent: {}
[95.810253] (-) TimerEvent: {}
[95.922684] (-) TimerEvent: {}
[96.030705] (-) TimerEvent: {}
[96.133436] (-) TimerEvent: {}
[96.263382] (-) TimerEvent: {}
[96.368879] (-) TimerEvent: {}
[96.473667] (-) TimerEvent: {}
[96.575251] (-) TimerEvent: {}
[96.690731] (-) TimerEvent: {}
[96.807904] (-) TimerEvent: {}
[96.916066] (-) TimerEvent: {}
[97.030979] (-) TimerEvent: {}
[97.147885] (-) TimerEvent: {}
[97.263527] (-) TimerEvent: {}
[97.380606] (-) TimerEvent: {}
[97.494170] (-) TimerEvent: {}
[97.612003] (-) TimerEvent: {}
[97.717855] (-) TimerEvent: {}
[97.823044] (-) TimerEvent: {}
[97.965789] (-) TimerEvent: {}
[98.075152] (-) TimerEvent: {}
[98.183426] (-) TimerEvent: {}
[98.294532] (-) TimerEvent: {}
[98.416535] (-) TimerEvent: {}
[98.528057] (-) TimerEvent: {}
[98.634607] (-) TimerEvent: {}
[98.745269] (-) TimerEvent: {}
[98.890143] (-) TimerEvent: {}
[99.009123] (-) TimerEvent: {}
[99.141733] (-) TimerEvent: {}
[99.253773] (-) TimerEvent: {}
[99.404295] (-) TimerEvent: {}
[99.541408] (-) TimerEvent: {}
[99.676554] (-) TimerEvent: {}
[99.800593] (-) TimerEvent: {}
[99.913392] (-) TimerEvent: {}
[100.052452] (-) TimerEvent: {}
[100.172503] (-) TimerEvent: {}
[100.284248] (-) TimerEvent: {}
[100.426954] (-) TimerEvent: {}
[100.550318] (-) TimerEvent: {}
[100.675705] (-) TimerEvent: {}
[100.806676] (-) TimerEvent: {}
[100.928836] (-) TimerEvent: {}
[101.040100] (-) TimerEvent: {}
[101.147261] (-) TimerEvent: {}
[101.257225] (-) TimerEvent: {}
[101.364659] (-) TimerEvent: {}
[101.469356] (-) TimerEvent: {}
[101.581531] (-) TimerEvent: {}
[101.687508] (-) TimerEvent: {}
[101.807384] (-) TimerEvent: {}
[101.923259] (-) TimerEvent: {}
[102.055946] (-) TimerEvent: {}
[102.168335] (-) TimerEvent: {}
[102.274091] (-) TimerEvent: {}
[102.379653] (-) TimerEvent: {}
[102.500010] (-) TimerEvent: {}
[102.626560] (-) TimerEvent: {}
[102.734584] (-) TimerEvent: {}
[102.895003] (-) TimerEvent: {}
[103.005564] (-) TimerEvent: {}
[103.111222] (-) TimerEvent: {}
[103.214618] (-) TimerEvent: {}
[103.333893] (-) TimerEvent: {}
[103.442054] (-) TimerEvent: {}
[103.550596] (-) TimerEvent: {}
[103.662527] (-) TimerEvent: {}
[103.768561] (-) TimerEvent: {}
[103.872200] (-) TimerEvent: {}
[103.987946] (-) TimerEvent: {}
[104.092561] (-) TimerEvent: {}
[104.206854] (-) TimerEvent: {}
[104.308351] (-) TimerEvent: {}
[104.411684] (-) TimerEvent: {}
[104.515828] (-) TimerEvent: {}
[104.630690] (-) TimerEvent: {}
[104.741711] (-) TimerEvent: {}
[104.847068] (-) TimerEvent: {}
[104.966730] (-) TimerEvent: {}
[105.077416] (-) TimerEvent: {}
[105.192738] (-) TimerEvent: {}
[105.318693] (-) TimerEvent: {}
[105.431612] (-) TimerEvent: {}
[105.534710] (-) TimerEvent: {}
[105.642093] (-) TimerEvent: {}
[105.758947] (-) TimerEvent: {}
[105.865918] (-) TimerEvent: {}
[105.980586] (-) TimerEvent: {}
[106.124652] (-) TimerEvent: {}
[106.256427] (-) TimerEvent: {}
[106.385270] (-) TimerEvent: {}
[106.498696] (-) TimerEvent: {}
[106.610687] (-) TimerEvent: {}
[106.716104] (-) TimerEvent: {}
[106.820459] (-) TimerEvent: {}
[106.976490] (-) TimerEvent: {}
[107.100465] (-) TimerEvent: {}
[107.224124] (-) TimerEvent: {}
[107.385300] (-) TimerEvent: {}
[107.500610] (-) TimerEvent: {}
[107.614600] (-) TimerEvent: {}
[107.730522] (-) TimerEvent: {}
[107.840958] (-) TimerEvent: {}
[107.956969] (-) TimerEvent: {}
[108.070833] (-) TimerEvent: {}
[108.190716] (-) TimerEvent: {}
[108.295108] (-) TimerEvent: {}
[108.402023] (-) TimerEvent: {}
[108.524269] (-) TimerEvent: {}
[108.640788] (-) TimerEvent: {}
[108.743245] (-) TimerEvent: {}
[108.857084] (-) TimerEvent: {}
[108.965326] (-) TimerEvent: {}
[109.119669] (-) TimerEvent: {}
[109.243160] (-) TimerEvent: {}
[109.360860] (-) TimerEvent: {}
[109.480097] (-) TimerEvent: {}
[109.596292] (-) TimerEvent: {}
[109.702741] (-) TimerEvent: {}
[109.815329] (-) TimerEvent: {}
[109.919900] (-) TimerEvent: {}
[110.027198] (-) TimerEvent: {}
[110.129227] (-) TimerEvent: {}
[110.239590] (-) TimerEvent: {}
[110.350361] (-) TimerEvent: {}
[110.454317] (-) TimerEvent: {}
[110.569029] (-) TimerEvent: {}
[110.685893] (-) TimerEvent: {}
[110.794476] (-) TimerEvent: {}
[110.898038] (-) TimerEvent: {}
[111.001256] (-) TimerEvent: {}
[111.103389] (-) TimerEvent: {}
[111.216017] (-) TimerEvent: {}
[111.328268] (-) TimerEvent: {}
[111.438898] (-) TimerEvent: {}
[111.546866] (-) TimerEvent: {}
[111.651805] (-) TimerEvent: {}
[111.763584] (-) TimerEvent: {}
[111.866960] (-) TimerEvent: {}
[111.994734] (-) TimerEvent: {}
[112.100109] (-) TimerEvent: {}
[112.216072] (-) TimerEvent: {}
[112.326331] (-) TimerEvent: {}
[112.449670] (-) TimerEvent: {}
[112.566669] (-) TimerEvent: {}
[112.678932] (-) TimerEvent: {}
[112.790253] (-) TimerEvent: {}
[112.892980] (-) TimerEvent: {}
[113.008424] (-) TimerEvent: {}
[113.115339] (-) TimerEvent: {}
[113.225641] (-) TimerEvent: {}
[113.338860] (-) TimerEvent: {}
[113.446899] (-) TimerEvent: {}
[113.558881] (-) TimerEvent: {}
[113.683983] (-) TimerEvent: {}
[113.827534] (-) TimerEvent: {}
[113.934835] (-) TimerEvent: {}
[114.051405] (-) TimerEvent: {}
[114.178941] (-) TimerEvent: {}
[114.298447] (-) TimerEvent: {}
[114.418572] (-) TimerEvent: {}
[114.523392] (-) TimerEvent: {}
[114.627588] (-) TimerEvent: {}
[114.737800] (-) TimerEvent: {}
[114.848448] (-) TimerEvent: {}
[114.953627] (-) TimerEvent: {}
[115.056815] (-) TimerEvent: {}
[115.160870] (-) TimerEvent: {}
[115.271375] (-) TimerEvent: {}
[115.381850] (-) TimerEvent: {}
[115.485265] (-) TimerEvent: {}
[115.591391] (-) TimerEvent: {}
[115.700518] (-) TimerEvent: {}
[115.805614] (-) TimerEvent: {}
[115.907268] (-) TimerEvent: {}
[116.013866] (-) TimerEvent: {}
[116.118160] (-) TimerEvent: {}
[116.221058] (-) TimerEvent: {}
[116.324580] (-) TimerEvent: {}
[116.427136] (-) TimerEvent: {}
[116.529834] (-) TimerEvent: {}
[116.633274] (-) TimerEvent: {}
[116.743085] (-) TimerEvent: {}
[116.846530] (-) TimerEvent: {}
[116.956666] (-) TimerEvent: {}
[117.079193] (-) TimerEvent: {}
[117.182761] (-) TimerEvent: {}
[117.301819] (-) TimerEvent: {}
[117.408158] (-) TimerEvent: {}
[117.514606] (-) TimerEvent: {}
[117.621597] (-) TimerEvent: {}
[117.739163] (-) TimerEvent: {}
[117.857089] (-) TimerEvent: {}
[117.969456] (-) TimerEvent: {}
[118.075887] (-) TimerEvent: {}
[118.180160] (-) TimerEvent: {}
[118.283821] (-) TimerEvent: {}
[118.390033] (-) TimerEvent: {}
[118.504919] (-) TimerEvent: {}
[118.623650] (-) TimerEvent: {}
[118.727139] (-) TimerEvent: {}
[118.837026] (-) TimerEvent: {}
[118.960146] (-) TimerEvent: {}
[119.065062] (-) TimerEvent: {}
[119.178196] (-) TimerEvent: {}
[119.294495] (-) TimerEvent: {}
[119.412527] (-) TimerEvent: {}
[119.524528] (-) TimerEvent: {}
[119.636674] (-) TimerEvent: {}
[119.743187] (-) TimerEvent: {}
[119.844935] (-) TimerEvent: {}
[119.946144] (-) TimerEvent: {}
[120.048157] (-) TimerEvent: {}
[120.150296] (-) TimerEvent: {}
[120.268047] (-) TimerEvent: {}
[120.382081] (-) TimerEvent: {}
[120.488367] (-) TimerEvent: {}
[120.596271] (-) TimerEvent: {}
[120.702079] (-) TimerEvent: {}
[120.803866] (-) TimerEvent: {}
[120.918166] (-) TimerEvent: {}
[121.022701] (-) TimerEvent: {}
[121.130008] (-) TimerEvent: {}
[121.235102] (-) TimerEvent: {}
[121.337481] (-) TimerEvent: {}
[121.441588] (-) TimerEvent: {}
[121.544239] (-) TimerEvent: {}
[121.651071] (-) TimerEvent: {}
[121.758018] (-) TimerEvent: {}
[121.876668] (-) TimerEvent: {}
[121.988562] (-) TimerEvent: {}
[122.103418] (-) TimerEvent: {}
[122.225342] (-) TimerEvent: {}
[122.328977] (-) TimerEvent: {}
[122.433190] (-) TimerEvent: {}
[122.549914] (-) TimerEvent: {}
[122.652238] (-) TimerEvent: {}
[122.756325] (-) TimerEvent: {}
[122.858219] (-) TimerEvent: {}
[122.960239] (-) TimerEvent: {}
[123.063230] (-) TimerEvent: {}
[123.174246] (-) TimerEvent: {}
[123.279737] (-) TimerEvent: {}
[123.382723] (-) TimerEvent: {}
[123.513468] (-) TimerEvent: {}
[123.620390] (-) TimerEvent: {}
[123.730658] (-) TimerEvent: {}
[123.833892] (-) TimerEvent: {}
[123.943537] (-) TimerEvent: {}
[124.047269] (-) TimerEvent: {}
[124.154667] (-) TimerEvent: {}
[124.256951] (-) TimerEvent: {}
[124.364967] (-) TimerEvent: {}
[124.482499] (-) TimerEvent: {}
[124.600379] (-) TimerEvent: {}
[124.707278] (-) TimerEvent: {}
[124.826531] (-) TimerEvent: {}
[124.928839] (-) TimerEvent: {}
[125.031403] (-) TimerEvent: {}
[125.139245] (-) TimerEvent: {}
[125.247223] (-) TimerEvent: {}
[125.354663] (-) TimerEvent: {}
[125.460591] (-) TimerEvent: {}
[125.562781] (-) TimerEvent: {}
[125.668107] (-) TimerEvent: {}
[125.779679] (-) TimerEvent: {}
[125.887473] (-) TimerEvent: {}
[125.999269] (-) TimerEvent: {}
[126.107148] (-) TimerEvent: {}
[126.210930] (-) TimerEvent: {}
[126.317132] (-) TimerEvent: {}
[126.421980] (-) TimerEvent: {}
[126.530514] (-) TimerEvent: {}
[126.631912] (-) TimerEvent: {}
[126.656606] (gps_mavros) StdoutLine: {'line': b'-- Using all available rosidl_typesupport_c: rosidl_typesupport_fastrtps_c;rosidl_typesupport_introspection_c\n'}
[126.732147] (-) TimerEvent: {}
[126.834359] (-) TimerEvent: {}
[126.938710] (-) TimerEvent: {}
[127.042156] (-) TimerEvent: {}
[127.156517] (-) TimerEvent: {}
[127.260275] (-) TimerEvent: {}
[127.369110] (-) TimerEvent: {}
[127.472931] (-) TimerEvent: {}
[127.577760] (-) TimerEvent: {}
[127.684376] (-) TimerEvent: {}
[127.789967] (-) TimerEvent: {}
[127.897879] (-) TimerEvent: {}
[128.013975] (-) TimerEvent: {}
[128.116941] (-) TimerEvent: {}
[128.222516] (-) TimerEvent: {}
[128.330518] (-) TimerEvent: {}
[128.446692] (-) TimerEvent: {}
[128.585163] (-) TimerEvent: {}
[128.692911] (-) TimerEvent: {}
[128.817517] (-) TimerEvent: {}
[128.925153] (-) TimerEvent: {}
[129.045356] (-) TimerEvent: {}
[129.181408] (-) TimerEvent: {}
[129.293997] (-) TimerEvent: {}
[129.410951] (-) TimerEvent: {}
[129.537916] (-) TimerEvent: {}
[129.703164] (-) TimerEvent: {}
[129.822864] (-) TimerEvent: {}
[129.943932] (-) TimerEvent: {}
[130.064350] (-) TimerEvent: {}
[130.182046] (-) TimerEvent: {}
[130.312622] (-) TimerEvent: {}
[130.428581] (-) TimerEvent: {}
[130.555453] (-) TimerEvent: {}
[130.665649] (-) TimerEvent: {}
[130.786171] (-) TimerEvent: {}
[130.920729] (-) TimerEvent: {}
[131.048927] (-) TimerEvent: {}
[131.158356] (-) TimerEvent: {}
[131.264856] (-) TimerEvent: {}
[131.375323] (-) TimerEvent: {}
[131.486479] (-) TimerEvent: {}
[131.599854] (-) TimerEvent: {}
[131.744906] (-) TimerEvent: {}
[131.861929] (-) TimerEvent: {}
[131.992724] (-) TimerEvent: {}
[132.110126] (-) TimerEvent: {}
[132.223022] (-) TimerEvent: {}
[132.336209] (-) TimerEvent: {}
[132.444801] (-) TimerEvent: {}
[132.551360] (-) TimerEvent: {}
[132.660707] (-) TimerEvent: {}
[132.770572] (-) TimerEvent: {}
[132.883721] (-) TimerEvent: {}
[132.986467] (-) TimerEvent: {}
[133.094689] (-) TimerEvent: {}
[133.198356] (-) TimerEvent: {}
[133.303214] (-) TimerEvent: {}
[133.408247] (-) TimerEvent: {}
[133.509526] (-) TimerEvent: {}
[133.611024] (-) TimerEvent: {}
[133.718426] (-) TimerEvent: {}
[133.824918] (-) TimerEvent: {}
[133.934539] (-) TimerEvent: {}
[134.038549] (-) TimerEvent: {}
[134.146673] (-) TimerEvent: {}
[134.251822] (-) TimerEvent: {}
[134.356295] (-) TimerEvent: {}
[134.469572] (-) TimerEvent: {}
[134.597623] (-) TimerEvent: {}
[134.703545] (-) TimerEvent: {}
[134.817927] (-) TimerEvent: {}
[134.922455] (-) TimerEvent: {}
[135.037609] (-) TimerEvent: {}
[135.147786] (-) TimerEvent: {}
[135.254545] (-) TimerEvent: {}
[135.360568] (-) TimerEvent: {}
[135.471914] (-) TimerEvent: {}
[135.581658] (-) TimerEvent: {}
[135.689531] (-) TimerEvent: {}
[135.799875] (-) TimerEvent: {}
[135.957043] (-) TimerEvent: {}
[136.076053] (-) TimerEvent: {}
[136.183763] (-) TimerEvent: {}
[136.287688] (-) TimerEvent: {}
[136.396080] (-) TimerEvent: {}
[136.504885] (-) TimerEvent: {}
[136.610489] (-) TimerEvent: {}
[136.714677] (-) TimerEvent: {}
[136.836301] (-) TimerEvent: {}
[136.945018] (-) TimerEvent: {}
[137.050884] (-) TimerEvent: {}
[137.157822] (-) TimerEvent: {}
[137.282561] (-) TimerEvent: {}
[137.397802] (-) TimerEvent: {}
[137.505760] (-) TimerEvent: {}
[137.616452] (-) TimerEvent: {}
[137.735145] (-) TimerEvent: {}
[137.837854] (-) TimerEvent: {}
[137.941057] (-) TimerEvent: {}
[138.069226] (-) TimerEvent: {}
[138.180141] (-) TimerEvent: {}
[138.287455] (-) TimerEvent: {}
[138.393839] (-) TimerEvent: {}
[138.503067] (-) TimerEvent: {}
[138.616309] (-) TimerEvent: {}
[138.721392] (-) TimerEvent: {}
[138.836574] (-) TimerEvent: {}
[138.946759] (-) TimerEvent: {}
[139.068797] (-) TimerEvent: {}
[139.184923] (-) TimerEvent: {}
[139.293238] (-) TimerEvent: {}
[139.409646] (-) TimerEvent: {}
[139.531037] (-) TimerEvent: {}
[139.648687] (-) TimerEvent: {}
[139.753761] (-) TimerEvent: {}
[139.856680] (-) TimerEvent: {}
[139.973582] (-) TimerEvent: {}
[140.081775] (-) TimerEvent: {}
[140.210069] (-) TimerEvent: {}
[140.320607] (-) TimerEvent: {}
[140.422849] (-) TimerEvent: {}
[140.527180] (-) TimerEvent: {}
[140.629969] (-) TimerEvent: {}
[140.757151] (-) TimerEvent: {}
[140.864276] (-) TimerEvent: {}
[140.972056] (-) TimerEvent: {}
[141.095054] (-) TimerEvent: {}
[141.201928] (-) TimerEvent: {}
[141.314680] (-) TimerEvent: {}
[141.422551] (-) TimerEvent: {}
[141.531257] (-) TimerEvent: {}
[141.634811] (-) TimerEvent: {}
[141.746309] (-) TimerEvent: {}
[141.871301] (-) TimerEvent: {}
[141.975306] (-) TimerEvent: {}
[142.090661] (-) TimerEvent: {}
[142.221493] (-) TimerEvent: {}
[142.334378] (-) TimerEvent: {}
[142.441050] (-) TimerEvent: {}
[142.543911] (-) TimerEvent: {}
[142.667194] (-) TimerEvent: {}
[142.793411] (-) TimerEvent: {}
[142.900656] (-) TimerEvent: {}
[143.060390] (-) TimerEvent: {}
[143.188235] (-) TimerEvent: {}
[143.342348] (-) TimerEvent: {}
[143.470782] (-) TimerEvent: {}
[143.592638] (-) TimerEvent: {}
[143.705329] (-) TimerEvent: {}
[143.813137] (-) TimerEvent: {}
[143.917860] (-) TimerEvent: {}
[144.038475] (-) TimerEvent: {}
[144.140611] (-) TimerEvent: {}
[144.246542] (-) TimerEvent: {}
[144.358884] (-) TimerEvent: {}
[144.465712] (-) TimerEvent: {}
[144.598158] (-) TimerEvent: {}
[144.706510] (-) TimerEvent: {}
[144.819864] (-) TimerEvent: {}
[144.936939] (-) TimerEvent: {}
[145.041675] (-) TimerEvent: {}
[145.151934] (-) TimerEvent: {}
[145.262943] (-) TimerEvent: {}
[145.365852] (-) TimerEvent: {}
[145.471194] (-) TimerEvent: {}
[145.596592] (-) TimerEvent: {}
[145.719779] (-) TimerEvent: {}
[145.834569] (-) TimerEvent: {}
[145.943069] (-) TimerEvent: {}
[146.057442] (-) TimerEvent: {}
[146.164837] (-) TimerEvent: {}
[146.305240] (-) TimerEvent: {}
[146.417584] (-) TimerEvent: {}
[146.543796] (-) TimerEvent: {}
[146.654362] (-) TimerEvent: {}
[146.762608] (-) TimerEvent: {}
[146.883786] (-) TimerEvent: {}
[147.000593] (-) TimerEvent: {}
[147.109001] (-) TimerEvent: {}
[147.220812] (-) TimerEvent: {}
[147.330853] (-) TimerEvent: {}
[147.460099] (-) TimerEvent: {}
[147.578286] (-) TimerEvent: {}
[147.693364] (-) TimerEvent: {}
[147.812975] (-) TimerEvent: {}
[147.929618] (-) TimerEvent: {}
[148.048259] (-) TimerEvent: {}
[148.162848] (-) TimerEvent: {}
[148.269727] (-) TimerEvent: {}
[148.392191] (-) TimerEvent: {}
[148.496421] (-) TimerEvent: {}
[148.622513] (-) TimerEvent: {}
[148.743517] (-) TimerEvent: {}
[148.877237] (-) TimerEvent: {}
[148.989053] (-) TimerEvent: {}
[149.129234] (-) TimerEvent: {}
[149.247693] (-) TimerEvent: {}
[149.366638] (-) TimerEvent: {}
[149.532384] (-) TimerEvent: {}
[149.663376] (-) TimerEvent: {}
[149.784140] (-) TimerEvent: {}
[149.900652] (-) TimerEvent: {}
[150.018316] (-) TimerEvent: {}
[150.142339] (-) TimerEvent: {}
[150.257252] (-) TimerEvent: {}
[150.406203] (-) TimerEvent: {}
[150.515503] (-) TimerEvent: {}
[150.632446] (-) TimerEvent: {}
[150.736600] (-) TimerEvent: {}
[150.846088] (-) TimerEvent: {}
[150.954337] (-) TimerEvent: {}
[151.076276] (-) TimerEvent: {}
[151.191310] (-) TimerEvent: {}
[151.301402] (-) TimerEvent: {}
[151.424992] (-) TimerEvent: {}
[151.544793] (-) TimerEvent: {}
[151.657413] (-) TimerEvent: {}
[151.798672] (-) TimerEvent: {}
[151.929614] (-) TimerEvent: {}
[152.053443] (-) TimerEvent: {}
[152.189013] (-) TimerEvent: {}
[152.292557] (-) TimerEvent: {}
[152.414590] (-) TimerEvent: {}
[152.528134] (-) TimerEvent: {}
[152.671888] (-) TimerEvent: {}
[152.794864] (-) TimerEvent: {}
[152.904525] (-) TimerEvent: {}
[153.050369] (-) TimerEvent: {}
[153.156666] (-) TimerEvent: {}
[153.269296] (-) TimerEvent: {}
[153.375946] (-) TimerEvent: {}
[153.484114] (-) TimerEvent: {}
[153.595035] (-) TimerEvent: {}
[153.704863] (-) TimerEvent: {}
[153.816723] (-) TimerEvent: {}
[153.921341] (-) TimerEvent: {}
[154.026144] (-) TimerEvent: {}
[154.153365] (-) TimerEvent: {}
[154.269903] (-) TimerEvent: {}
[154.383808] (-) TimerEvent: {}
[154.510508] (-) TimerEvent: {}
[154.614709] (-) TimerEvent: {}
[154.733139] (-) TimerEvent: {}
[154.840130] (-) TimerEvent: {}
[154.970989] (-) TimerEvent: {}
[155.095070] (-) TimerEvent: {}
[155.293467] (-) TimerEvent: {}
[155.416953] (-) TimerEvent: {}
[155.522080] (-) TimerEvent: {}
[155.631773] (-) TimerEvent: {}
[155.738903] (-) TimerEvent: {}
[155.847308] (-) TimerEvent: {}
[155.955468] (-) TimerEvent: {}
[156.062136] (-) TimerEvent: {}
[156.168095] (-) TimerEvent: {}
[156.272411] (-) TimerEvent: {}
[156.382797] (-) TimerEvent: {}
[156.490309] (-) TimerEvent: {}
[156.595188] (-) TimerEvent: {}
[156.706238] (-) TimerEvent: {}
[156.818570] (-) TimerEvent: {}
[156.937814] (-) TimerEvent: {}
[157.054016] (-) TimerEvent: {}
[157.160794] (-) TimerEvent: {}
[157.274281] (-) TimerEvent: {}
[157.387070] (-) TimerEvent: {}
[157.497095] (-) TimerEvent: {}
[157.614879] (-) TimerEvent: {}
[157.726923] (-) TimerEvent: {}
[157.832359] (-) TimerEvent: {}
[157.940761] (-) TimerEvent: {}
[158.059514] (-) TimerEvent: {}
[158.164544] (-) TimerEvent: {}
[158.269664] (-) TimerEvent: {}
[158.377115] (-) TimerEvent: {}
[158.486928] (-) TimerEvent: {}
[158.610543] (-) TimerEvent: {}
[158.712903] (-) TimerEvent: {}
[158.820836] (-) TimerEvent: {}
[158.937640] (-) TimerEvent: {}
[159.051351] (-) TimerEvent: {}
[159.166223] (-) TimerEvent: {}
[159.295117] (-) TimerEvent: {}
[159.397013] (-) TimerEvent: {}
[159.501360] (-) TimerEvent: {}
[159.603823] (-) TimerEvent: {}
[159.707094] (-) TimerEvent: {}
[159.812689] (-) TimerEvent: {}
[159.928331] (-) TimerEvent: {}
[160.035715] (-) TimerEvent: {}
[160.139168] (-) TimerEvent: {}
[160.243737] (-) TimerEvent: {}
[160.348923] (-) TimerEvent: {}
[160.450817] (-) TimerEvent: {}
[160.552170] (-) TimerEvent: {}
[160.658905] (-) TimerEvent: {}
[160.775037] (-) TimerEvent: {}
[160.890123] (-) TimerEvent: {}
[161.004094] (-) TimerEvent: {}
[161.120296] (-) TimerEvent: {}
[161.233540] (-) TimerEvent: {}
[161.338649] (-) TimerEvent: {}
[161.461499] (-) TimerEvent: {}
[161.571159] (-) TimerEvent: {}
[161.683993] (-) TimerEvent: {}
[161.794080] (-) TimerEvent: {}
[161.900443] (-) TimerEvent: {}
[162.040582] (-) TimerEvent: {}
[162.176135] (-) TimerEvent: {}
[162.295749] (-) TimerEvent: {}
[162.418511] (-) TimerEvent: {}
[162.540564] (-) TimerEvent: {}
[162.646876] (-) TimerEvent: {}
[162.754900] (-) TimerEvent: {}
[162.856906] (-) TimerEvent: {}
[162.959082] (-) TimerEvent: {}
[163.061401] (-) TimerEvent: {}
[163.175880] (-) TimerEvent: {}
[163.290529] (-) TimerEvent: {}
[163.399181] (-) TimerEvent: {}
[163.508503] (-) TimerEvent: {}
[163.612000] (-) TimerEvent: {}
[163.718940] (-) TimerEvent: {}
[163.829009] (-) TimerEvent: {}
[163.931261] (-) TimerEvent: {}
[164.034621] (-) TimerEvent: {}
[164.135731] (-) TimerEvent: {}
[164.238313] (-) TimerEvent: {}
[164.341266] (-) TimerEvent: {}
[164.443749] (-) TimerEvent: {}
[164.547271] (-) TimerEvent: {}
[164.668918] (-) TimerEvent: {}
[164.771755] (-) TimerEvent: {}
[164.879140] (-) TimerEvent: {}
[164.994562] (-) TimerEvent: {}
[165.113146] (-) TimerEvent: {}
[165.227708] (-) TimerEvent: {}
[165.332819] (-) TimerEvent: {}
[165.440352] (-) TimerEvent: {}
[165.548329] (-) TimerEvent: {}
[165.650141] (-) TimerEvent: {}
[165.767192] (-) TimerEvent: {}
[165.890643] (-) TimerEvent: {}
[165.996456] (-) TimerEvent: {}
[166.104030] (-) TimerEvent: {}
[166.231231] (-) TimerEvent: {}
[166.350874] (-) TimerEvent: {}
[166.467644] (-) TimerEvent: {}
[166.568801] (-) TimerEvent: {}
[166.675546] (-) TimerEvent: {}
[166.778646] (-) TimerEvent: {}
[166.893958] (-) TimerEvent: {}
[167.008240] (-) TimerEvent: {}
[167.113921] (-) TimerEvent: {}
[167.218578] (-) TimerEvent: {}
[167.324892] (-) TimerEvent: {}
[167.435138] (-) TimerEvent: {}
[167.549725] (-) TimerEvent: {}
[167.658557] (-) TimerEvent: {}
[167.765393] (-) TimerEvent: {}
[167.870536] (-) TimerEvent: {}
[167.974504] (-) TimerEvent: {}
[168.081497] (-) TimerEvent: {}
[168.196852] (-) TimerEvent: {}
[168.306064] (-) TimerEvent: {}
[168.414669] (-) TimerEvent: {}
[168.527318] (-) TimerEvent: {}
[168.639394] (-) TimerEvent: {}
[168.745249] (-) TimerEvent: {}
[168.875085] (-) TimerEvent: {}
[168.990549] (-) TimerEvent: {}
[169.102045] (-) TimerEvent: {}
[169.206724] (-) TimerEvent: {}
[169.315921] (-) TimerEvent: {}
[169.419801] (-) TimerEvent: {}
[169.525118] (-) TimerEvent: {}
[169.642881] (-) TimerEvent: {}
[169.745497] (-) TimerEvent: {}
[169.852479] (-) TimerEvent: {}
[169.956869] (-) TimerEvent: {}
[170.063853] (-) TimerEvent: {}
[170.176906] (-) TimerEvent: {}
[170.289798] (-) TimerEvent: {}
[170.415260] (-) TimerEvent: {}
[170.520797] (-) TimerEvent: {}
[170.627350] (-) TimerEvent: {}
[170.735421] (-) TimerEvent: {}
[170.856514] (-) TimerEvent: {}
[170.961051] (-) TimerEvent: {}
[171.067964] (-) TimerEvent: {}
[171.170731] (-) TimerEvent: {}
[171.275498] (-) TimerEvent: {}
[171.377309] (-) TimerEvent: {}
[171.486276] (-) TimerEvent: {}
[171.606491] (-) TimerEvent: {}
[171.714517] (-) TimerEvent: {}
[171.825112] (-) TimerEvent: {}
[171.936338] (-) TimerEvent: {}
[172.040886] (-) TimerEvent: {}
[172.153297] (-) TimerEvent: {}
[172.257008] (-) TimerEvent: {}
[172.362538] (-) TimerEvent: {}
[172.484220] (-) TimerEvent: {}
[172.606981] (-) TimerEvent: {}
[172.734359] (-) TimerEvent: {}
[172.855555] (-) TimerEvent: {}
[172.964280] (-) TimerEvent: {}
[173.090998] (-) TimerEvent: {}
[173.205684] (-) TimerEvent: {}
[173.312741] (-) TimerEvent: {}
[173.420350] (-) TimerEvent: {}
[173.528606] (-) TimerEvent: {}
[173.633092] (-) TimerEvent: {}
[173.748123] (-) TimerEvent: {}
[173.857167] (-) TimerEvent: {}
[173.961947] (-) TimerEvent: {}
[174.072229] (-) TimerEvent: {}
[174.177484] (-) TimerEvent: {}
[174.281001] (-) TimerEvent: {}
[174.395291] (-) TimerEvent: {}
[174.509517] (-) TimerEvent: {}
[174.615890] (-) TimerEvent: {}
[174.729174] (-) TimerEvent: {}
[174.857346] (-) TimerEvent: {}
[174.967992] (-) TimerEvent: {}
[175.091596] (-) TimerEvent: {}
[175.198543] (-) TimerEvent: {}
[175.314348] (-) TimerEvent: {}
[175.423639] (-) TimerEvent: {}
[175.531565] (-) TimerEvent: {}
[175.647641] (-) TimerEvent: {}
[175.753125] (-) TimerEvent: {}
[175.861053] (-) TimerEvent: {}
[175.963339] (-) TimerEvent: {}
[176.078484] (-) TimerEvent: {}
[176.190641] (-) TimerEvent: {}
[176.303904] (-) TimerEvent: {}
[176.419816] (-) TimerEvent: {}
[176.528259] (-) TimerEvent: {}
[176.646697] (-) TimerEvent: {}
[176.757132] (-) TimerEvent: {}
[176.880883] (-) TimerEvent: {}
[177.001899] (-) TimerEvent: {}
[177.136219] (-) TimerEvent: {}
[177.249179] (-) TimerEvent: {}
[177.374592] (-) TimerEvent: {}
[177.487019] (-) TimerEvent: {}
[177.597995] (-) TimerEvent: {}
[177.708987] (-) TimerEvent: {}
[177.835033] (-) TimerEvent: {}
[177.979000] (-) TimerEvent: {}
[178.086289] (-) TimerEvent: {}
[178.210615] (-) TimerEvent: {}
[178.323411] (-) TimerEvent: {}
[178.449346] (-) TimerEvent: {}
[178.560132] (-) TimerEvent: {}
[178.664078] (-) TimerEvent: {}
[178.784166] (-) TimerEvent: {}
[178.903842] (-) TimerEvent: {}
[179.015295] (-) TimerEvent: {}
[179.127206] (-) TimerEvent: {}
[179.232687] (-) TimerEvent: {}
[179.359894] (-) TimerEvent: {}
[179.485775] (-) TimerEvent: {}
[179.629352] (-) TimerEvent: {}
[179.766571] (-) TimerEvent: {}
[179.880548] (-) TimerEvent: {}
[179.989147] (-) TimerEvent: {}
[180.108890] (-) TimerEvent: {}
[180.221091] (-) TimerEvent: {}
[180.328026] (-) TimerEvent: {}
[180.436053] (-) TimerEvent: {}
[180.572364] (-) TimerEvent: {}
[180.698828] (-) TimerEvent: {}
[180.834490] (-) TimerEvent: {}
[180.945095] (-) TimerEvent: {}
[181.047755] (-) TimerEvent: {}
[181.160517] (-) TimerEvent: {}
[181.280326] (-) TimerEvent: {}
[181.387520] (-) TimerEvent: {}
[181.500507] (-) TimerEvent: {}
[181.627713] (-) TimerEvent: {}
[181.738328] (-) TimerEvent: {}
[181.869672] (-) TimerEvent: {}
[181.984575] (-) TimerEvent: {}
[182.093609] (-) TimerEvent: {}
[182.207960] (-) TimerEvent: {}
[182.319371] (-) TimerEvent: {}
[182.426471] (-) TimerEvent: {}
[182.550774] (-) TimerEvent: {}
[182.655474] (-) TimerEvent: {}
[182.789445] (-) TimerEvent: {}
[182.910183] (-) TimerEvent: {}
[183.034358] (-) TimerEvent: {}
[183.143416] (-) TimerEvent: {}
[183.258444] (-) TimerEvent: {}
[183.366348] (-) TimerEvent: {}
[183.483821] (-) TimerEvent: {}
[183.605872] (-) TimerEvent: {}
[183.718754] (-) TimerEvent: {}
[183.843842] (-) TimerEvent: {}
[183.972136] (-) TimerEvent: {}
[184.107924] (-) TimerEvent: {}
[184.223507] (-) TimerEvent: {}
[184.338998] (-) TimerEvent: {}
[184.448951] (-) TimerEvent: {}
[184.556659] (-) TimerEvent: {}
[184.663212] (-) TimerEvent: {}
[184.776980] (-) TimerEvent: {}
[184.898543] (-) TimerEvent: {}
[185.028843] (-) TimerEvent: {}
[185.180556] (-) TimerEvent: {}
[185.288605] (-) TimerEvent: {}
[185.437449] (-) TimerEvent: {}
[185.553847] (-) TimerEvent: {}
[185.707432] (-) TimerEvent: {}
[185.821372] (-) TimerEvent: {}
[185.945483] (-) TimerEvent: {}
[186.066551] (-) TimerEvent: {}
[186.183645] (-) TimerEvent: {}
[186.292792] (-) TimerEvent: {}
[186.423962] (-) TimerEvent: {}
[186.531130] (-) TimerEvent: {}
[186.645123] (-) TimerEvent: {}
[186.790076] (-) TimerEvent: {}
[186.898267] (-) TimerEvent: {}
[187.012694] (-) TimerEvent: {}
[187.126884] (-) TimerEvent: {}
[187.234204] (-) TimerEvent: {}
[187.356780] (-) TimerEvent: {}
[187.468324] (-) TimerEvent: {}
[187.584274] (-) TimerEvent: {}
[187.695827] (-) TimerEvent: {}
[187.801067] (-) TimerEvent: {}
[187.941611] (-) TimerEvent: {}
[188.046379] (-) TimerEvent: {}
[188.161369] (-) TimerEvent: {}
[188.275067] (-) TimerEvent: {}
[188.389496] (-) TimerEvent: {}
[188.529168] (-) TimerEvent: {}
[188.637644] (-) TimerEvent: {}
[188.751151] (-) TimerEvent: {}
[188.866179] (-) TimerEvent: {}
[188.997296] (-) TimerEvent: {}
[189.123739] (-) TimerEvent: {}
[189.250689] (-) TimerEvent: {}
[189.363188] (-) TimerEvent: {}
[189.484514] (-) TimerEvent: {}
[189.612309] (-) TimerEvent: {}
[189.722961] (-) TimerEvent: {}
[189.883318] (-) TimerEvent: {}
[190.009620] (-) TimerEvent: {}
[190.111984] (-) TimerEvent: {}
[190.213482] (-) TimerEvent: {}
[190.323053] (-) TimerEvent: {}
[190.425630] (-) TimerEvent: {}
[190.539598] (-) TimerEvent: {}
[190.667357] (-) TimerEvent: {}
[190.777594] (-) TimerEvent: {}
[190.883916] (-) TimerEvent: {}
[190.990666] (-) TimerEvent: {}
[191.121640] (-) TimerEvent: {}
[191.237002] (-) TimerEvent: {}
[191.352831] (-) TimerEvent: {}
[191.474842] (-) TimerEvent: {}
[191.597224] (-) TimerEvent: {}
[191.709456] (-) TimerEvent: {}
[191.834628] (-) TimerEvent: {}
[191.942351] (-) TimerEvent: {}
[192.056326] (-) TimerEvent: {}
[192.163705] (-) TimerEvent: {}
[192.278739] (-) TimerEvent: {}
[192.387824] (-) TimerEvent: {}
[192.514617] (-) TimerEvent: {}
[192.623674] (-) TimerEvent: {}
[192.728641] (-) TimerEvent: {}
[192.841504] (-) TimerEvent: {}
[192.944697] (-) TimerEvent: {}
[193.054262] (-) TimerEvent: {}
[193.162676] (-) TimerEvent: {}
[193.267223] (-) TimerEvent: {}
[193.373158] (-) TimerEvent: {}
[193.481481] (-) TimerEvent: {}
[193.590643] (-) TimerEvent: {}
[193.714678] (-) TimerEvent: {}
[193.827383] (-) TimerEvent: {}
[193.934739] (-) TimerEvent: {}
[193.949242] (gps_mavros) StdoutLine: {'line': b'-- Using all available rosidl_typesupport_cpp: rosidl_typesupport_fastrtps_cpp;rosidl_typesupport_introspection_cpp\n'}
[194.037439] (-) TimerEvent: {}
[194.139879] (-) TimerEvent: {}
[194.248691] (-) TimerEvent: {}
[194.360343] (-) TimerEvent: {}
[194.466195] (-) TimerEvent: {}
[194.575433] (-) TimerEvent: {}
[194.681197] (-) TimerEvent: {}
[194.790710] (-) TimerEvent: {}
[194.902162] (-) TimerEvent: {}
[195.019856] (-) TimerEvent: {}
[195.131519] (-) TimerEvent: {}
[195.245355] (-) TimerEvent: {}
[195.356092] (-) TimerEvent: {}
[195.497009] (-) TimerEvent: {}
[195.624973] (-) TimerEvent: {}
[195.744546] (-) TimerEvent: {}
[195.871038] (-) TimerEvent: {}
[196.025651] (-) TimerEvent: {}
[196.140842] (-) TimerEvent: {}
[196.245376] (-) TimerEvent: {}
[196.368882] (-) TimerEvent: {}
[196.485900] (-) TimerEvent: {}
[196.611395] (-) TimerEvent: {}
[196.722548] (-) TimerEvent: {}
[196.833400] (-) TimerEvent: {}
[196.960236] (-) TimerEvent: {}
[197.110925] (-) TimerEvent: {}
[197.235239] (-) TimerEvent: {}
[197.367067] (-) TimerEvent: {}
[197.475656] (-) TimerEvent: {}
[197.603559] (-) TimerEvent: {}
[197.711117] (-) TimerEvent: {}
[197.830780] (-) TimerEvent: {}
[197.939279] (-) TimerEvent: {}
[198.062524] (-) TimerEvent: {}
[198.176616] (-) TimerEvent: {}
[198.290790] (-) TimerEvent: {}
[198.394802] (-) TimerEvent: {}
[198.505296] (-) TimerEvent: {}
[198.616310] (-) TimerEvent: {}
[198.720114] (-) TimerEvent: {}
[198.824316] (-) TimerEvent: {}
[198.926929] (-) TimerEvent: {}
[199.044729] (-) TimerEvent: {}
[199.168039] (-) TimerEvent: {}
[199.283406] (-) TimerEvent: {}
[199.399496] (-) TimerEvent: {}
[199.507338] (-) TimerEvent: {}
[199.612989] (-) TimerEvent: {}
[199.765179] (-) TimerEvent: {}
[199.869047] (-) TimerEvent: {}
[199.974782] (-) TimerEvent: {}
[200.099098] (-) TimerEvent: {}
[200.215703] (-) TimerEvent: {}
[200.321633] (-) TimerEvent: {}
[200.387157] (gps_mavros) StdoutLine: {'line': b'-- Found python_cmake_module: 0.10.0 (/opt/ros/humble/share/python_cmake_module/cmake)\n'}
[200.422368] (-) TimerEvent: {}
[200.524748] (-) TimerEvent: {}
[200.636911] (-) TimerEvent: {}
[200.755949] (-) TimerEvent: {}
[200.873505] (-) TimerEvent: {}
[200.981059] (-) TimerEvent: {}
[201.096285] (-) TimerEvent: {}
[201.212690] (-) TimerEvent: {}
[201.320538] (-) TimerEvent: {}
[201.422289] (-) TimerEvent: {}
[201.531904] (-) TimerEvent: {}
[201.642483] (-) TimerEvent: {}
[201.749700] (-) TimerEvent: {}
[201.863444] (-) TimerEvent: {}
[201.969796] (-) TimerEvent: {}
[202.084455] (-) TimerEvent: {}
[202.188395] (-) TimerEvent: {}
[202.292172] (-) TimerEvent: {}
[202.397265] (-) TimerEvent: {}
[202.501656] (-) TimerEvent: {}
[202.603266] (-) TimerEvent: {}
[202.706373] (-) TimerEvent: {}
[202.811650] (-) TimerEvent: {}
[202.916906] (-) TimerEvent: {}
[203.020975] (-) TimerEvent: {}
[203.141265] (-) TimerEvent: {}
[203.252068] (-) TimerEvent: {}
[203.361412] (-) TimerEvent: {}
[203.475523] (-) TimerEvent: {}
[203.580350] (-) TimerEvent: {}
[203.684444] (-) TimerEvent: {}
[203.793468] (-) TimerEvent: {}
[203.908745] (-) TimerEvent: {}
[204.040629] (-) TimerEvent: {}
[204.152737] (-) TimerEvent: {}
[204.257826] (-) TimerEvent: {}
[204.361715] (-) TimerEvent: {}
[204.468303] (-) TimerEvent: {}
[204.574598] (-) TimerEvent: {}
[204.681361] (-) TimerEvent: {}
[204.794695] (-) TimerEvent: {}
[204.907533] (-) TimerEvent: {}
[204.941961] (gps_mavros) StdoutLine: {'line': b'-- Using PYTHON_EXECUTABLE: /usr/bin/python3\n'}
[204.960985] (gps_mavros) StdoutLine: {'line': b'-- Using PYTHON_INCLUDE_DIRS: /usr/include/python3.10\n'}
[204.974886] (gps_mavros) StdoutLine: {'line': b'-- Using PYTHON_LIBRARIES: /usr/lib/x86_64-linux-gnu/libpython3.10.so\n'}
[205.011409] (-) TimerEvent: {}
[205.114903] (-) TimerEvent: {}
[205.217690] (-) TimerEvent: {}
[205.323916] (-) TimerEvent: {}
[205.425844] (-) TimerEvent: {}
[205.530922] (-) TimerEvent: {}
[205.639898] (-) TimerEvent: {}
[205.742673] (-) TimerEvent: {}
[205.854209] (-) TimerEvent: {}
[205.976457] (-) TimerEvent: {}
[206.078688] (-) TimerEvent: {}
[206.184650] (-) TimerEvent: {}
[206.289140] (-) TimerEvent: {}
[206.401136] (-) TimerEvent: {}
[206.520200] (-) TimerEvent: {}
[206.633928] (-) TimerEvent: {}
[206.737514] (-) TimerEvent: {}
[206.841948] (-) TimerEvent: {}
[206.948715] (-) TimerEvent: {}
[207.061473] (-) TimerEvent: {}
[207.164966] (-) TimerEvent: {}
[207.287510] (-) TimerEvent: {}
[207.391054] (-) TimerEvent: {}
[207.497590] (-) TimerEvent: {}
[207.611147] (-) TimerEvent: {}
[207.718546] (-) TimerEvent: {}
[207.822177] (-) TimerEvent: {}
[207.925966] (-) TimerEvent: {}
[208.034508] (-) TimerEvent: {}
[208.152058] (-) TimerEvent: {}
[208.254311] (-) TimerEvent: {}
[208.362599] (-) TimerEvent: {}
[208.471551] (-) TimerEvent: {}
[208.575495] (-) TimerEvent: {}
[208.646625] (gps_mavros) StdoutLine: {'line': b'-- Found ament_lint_auto: 0.12.14 (/opt/ros/humble/share/ament_lint_auto/cmake)\n'}
[208.675859] (-) TimerEvent: {}
[208.779362] (-) TimerEvent: {}
[208.889446] (-) TimerEvent: {}
[209.007834] (-) TimerEvent: {}
[209.123945] (-) TimerEvent: {}
[209.241923] (-) TimerEvent: {}
[209.368177] (-) TimerEvent: {}
[209.484887] (-) TimerEvent: {}
[209.600136] (-) TimerEvent: {}
[209.716021] (-) TimerEvent: {}
[209.836149] (-) TimerEvent: {}
[209.966251] (-) TimerEvent: {}
[210.097479] (-) TimerEvent: {}
[210.228775] (-) TimerEvent: {}
[210.366786] (-) TimerEvent: {}
[210.534365] (-) TimerEvent: {}
[210.663485] (-) TimerEvent: {}
[210.767882] (-) TimerEvent: {}
[210.873513] (-) TimerEvent: {}
[210.990307] (-) TimerEvent: {}
[211.106090] (-) TimerEvent: {}
[211.210729] (-) TimerEvent: {}
[211.321973] (-) TimerEvent: {}
[211.435832] (-) TimerEvent: {}
[211.554362] (-) TimerEvent: {}
[211.662835] (-) TimerEvent: {}
[211.775160] (-) TimerEvent: {}
[211.888205] (-) TimerEvent: {}
[211.999034] (-) TimerEvent: {}
[212.110674] (-) TimerEvent: {}
[212.219001] (-) TimerEvent: {}
[212.321808] (-) TimerEvent: {}
[212.427910] (-) TimerEvent: {}
[212.536384] (-) TimerEvent: {}
[212.638777] (-) TimerEvent: {}
[212.741322] (-) TimerEvent: {}
[212.862565] (-) TimerEvent: {}
[212.967135] (-) TimerEvent: {}
[213.073655] (-) TimerEvent: {}
[213.177366] (-) TimerEvent: {}
[213.279786] (-) TimerEvent: {}
[213.390939] (-) TimerEvent: {}
[213.497840] (-) TimerEvent: {}
[213.605363] (-) TimerEvent: {}
[213.709196] (-) TimerEvent: {}
[213.814654] (-) TimerEvent: {}
[213.921606] (-) TimerEvent: {}
[214.026711] (-) TimerEvent: {}
[214.158862] (-) TimerEvent: {}
[214.267526] (-) TimerEvent: {}
[214.380872] (-) TimerEvent: {}
[214.486480] (-) TimerEvent: {}
[214.600411] (-) TimerEvent: {}
[214.729891] (-) TimerEvent: {}
[214.859597] (-) TimerEvent: {}
[214.993587] (-) TimerEvent: {}
[215.099393] (-) TimerEvent: {}
[215.203632] (-) TimerEvent: {}
[215.320527] (-) TimerEvent: {}
[215.431457] (-) TimerEvent: {}
[215.537742] (-) TimerEvent: {}
[215.650506] (-) TimerEvent: {}
[215.788650] (-) TimerEvent: {}
[215.914826] (-) TimerEvent: {}
[216.022091] (-) TimerEvent: {}
[216.129205] (-) TimerEvent: {}
[216.239511] (-) TimerEvent: {}
[216.346554] (-) TimerEvent: {}
[216.449321] (-) TimerEvent: {}
[216.554580] (-) TimerEvent: {}
[216.658667] (-) TimerEvent: {}
[216.765461] (-) TimerEvent: {}
[216.888711] (-) TimerEvent: {}
[217.022703] (-) TimerEvent: {}
[217.129517] (-) TimerEvent: {}
[217.234847] (-) TimerEvent: {}
[217.350016] (-) TimerEvent: {}
[217.477383] (-) TimerEvent: {}
[217.590329] (-) TimerEvent: {}
[217.745741] (-) TimerEvent: {}
[217.897046] (-) TimerEvent: {}
[218.007430] (-) TimerEvent: {}
[218.112171] (-) TimerEvent: {}
[218.219777] (-) TimerEvent: {}
[218.364760] (-) TimerEvent: {}
[218.485185] (-) TimerEvent: {}
[218.589652] (-) TimerEvent: {}
[218.692044] (-) TimerEvent: {}
[218.798276] (-) TimerEvent: {}
[218.903711] (-) TimerEvent: {}
[219.018344] (-) TimerEvent: {}
[219.157769] (-) TimerEvent: {}
[219.262568] (-) TimerEvent: {}
[219.399457] (-) TimerEvent: {}
[219.510515] (-) TimerEvent: {}
[219.625358] (-) TimerEvent: {}
[219.731039] (-) TimerEvent: {}
[219.843199] (-) TimerEvent: {}
[219.946643] (-) TimerEvent: {}
[220.052026] (-) TimerEvent: {}
[220.154864] (-) TimerEvent: {}
[220.261341] (-) TimerEvent: {}
[220.363313] (-) TimerEvent: {}
[220.466061] (-) TimerEvent: {}
[220.569066] (-) TimerEvent: {}
[220.672662] (-) TimerEvent: {}
[220.775520] (-) TimerEvent: {}
[220.877511] (-) TimerEvent: {}
[220.980320] (-) TimerEvent: {}
[221.086482] (-) TimerEvent: {}
[221.194738] (-) TimerEvent: {}
[221.311472] (-) TimerEvent: {}
[221.413047] (-) TimerEvent: {}
[221.517255] (-) TimerEvent: {}
[221.619628] (-) TimerEvent: {}
[221.725358] (-) TimerEvent: {}
[221.832523] (-) TimerEvent: {}
[221.950516] (-) TimerEvent: {}
[222.082364] (-) TimerEvent: {}
[222.185961] (-) TimerEvent: {}
[222.299625] (-) TimerEvent: {}
[222.402675] (-) TimerEvent: {}
[222.508081] (-) TimerEvent: {}
[222.616273] (-) TimerEvent: {}
[222.724392] (-) TimerEvent: {}
[222.835881] (-) TimerEvent: {}
[222.949819] (-) TimerEvent: {}
[223.071818] (-) TimerEvent: {}
[223.174011] (-) TimerEvent: {}
[223.276605] (-) TimerEvent: {}
[223.398475] (-) TimerEvent: {}
[223.504278] (-) TimerEvent: {}
[223.606940] (-) TimerEvent: {}
[223.708532] (-) TimerEvent: {}
[223.810055] (-) TimerEvent: {}
[223.923983] (-) TimerEvent: {}
[224.064444] (-) TimerEvent: {}
[224.170561] (-) TimerEvent: {}
[224.282921] (-) TimerEvent: {}
[224.391848] (-) TimerEvent: {}
[224.515990] (-) TimerEvent: {}
[224.628340] (-) TimerEvent: {}
[224.738691] (-) TimerEvent: {}
[224.854630] (-) TimerEvent: {}
[224.966053] (-) TimerEvent: {}
[225.069342] (-) TimerEvent: {}
[225.176092] (-) TimerEvent: {}
[225.290898] (-) TimerEvent: {}
[225.394780] (-) TimerEvent: {}
[225.500544] (-) TimerEvent: {}
[225.603074] (-) TimerEvent: {}
[225.707142] (-) TimerEvent: {}
[225.813764] (-) TimerEvent: {}
[225.921932] (-) TimerEvent: {}
[226.033597] (-) TimerEvent: {}
[226.177557] (-) TimerEvent: {}
[226.294971] (-) TimerEvent: {}
[226.408083] (-) TimerEvent: {}
[226.512429] (-) TimerEvent: {}
[226.618134] (-) TimerEvent: {}
[226.741220] (-) TimerEvent: {}
[226.853804] (-) TimerEvent: {}
[226.957959] (-) TimerEvent: {}
[227.081773] (-) TimerEvent: {}
[227.187112] (-) TimerEvent: {}
[227.282612] (gps_mavros) StdoutLine: {'line': b"-- Added test 'lint_cmake' to check CMake code style\n"}
[227.306205] (-) TimerEvent: {}
[227.407899] (-) TimerEvent: {}
[227.515195] (-) TimerEvent: {}
[227.617109] (-) TimerEvent: {}
[227.726942] (-) TimerEvent: {}
[227.862286] (-) TimerEvent: {}
[227.988736] (-) TimerEvent: {}
[228.098368] (-) TimerEvent: {}
[228.203603] (-) TimerEvent: {}
[228.318468] (-) TimerEvent: {}
[228.436451] (-) TimerEvent: {}
[228.554266] (-) TimerEvent: {}
[228.690288] (-) TimerEvent: {}
[228.797623] (-) TimerEvent: {}
[228.924171] (-) TimerEvent: {}
[229.057895] (-) TimerEvent: {}
[229.165513] (-) TimerEvent: {}
[229.270957] (-) TimerEvent: {}
[229.414765] (-) TimerEvent: {}
[229.524971] (-) TimerEvent: {}
[229.639913] (-) TimerEvent: {}
[229.753771] (-) TimerEvent: {}
[229.863419] (-) TimerEvent: {}
[229.976028] (-) TimerEvent: {}
[230.094517] (-) TimerEvent: {}
[230.229387] (-) TimerEvent: {}
[230.338739] (-) TimerEvent: {}
[230.442258] (-) TimerEvent: {}
[230.544113] (-) TimerEvent: {}
[230.646521] (-) TimerEvent: {}
[230.757565] (-) TimerEvent: {}
[230.871684] (-) TimerEvent: {}
[230.976142] (-) TimerEvent: {}
[231.080820] (-) TimerEvent: {}
[231.189161] (-) TimerEvent: {}
[231.300563] (-) TimerEvent: {}
[231.403084] (-) TimerEvent: {}
[231.507187] (-) TimerEvent: {}
[231.615478] (-) TimerEvent: {}
[231.717198] (-) TimerEvent: {}
[231.818618] (-) TimerEvent: {}
[231.925236] (-) TimerEvent: {}
[232.026631] (-) TimerEvent: {}
[232.129630] (-) TimerEvent: {}
[232.245812] (-) TimerEvent: {}
[232.352200] (-) TimerEvent: {}
[232.457691] (-) TimerEvent: {}
[232.560851] (-) TimerEvent: {}
[232.674926] (-) TimerEvent: {}
[232.784702] (-) TimerEvent: {}
[232.900400] (-) TimerEvent: {}
[233.018138] (-) TimerEvent: {}
[233.126673] (-) TimerEvent: {}
[233.287110] (-) TimerEvent: {}
[233.424142] (-) TimerEvent: {}
[233.558186] (-) TimerEvent: {}
[233.695963] (-) TimerEvent: {}
[233.802571] (-) TimerEvent: {}
[233.905585] (-) TimerEvent: {}
[234.016154] (-) TimerEvent: {}
[234.129173] (-) TimerEvent: {}
[234.231886] (-) TimerEvent: {}
[234.351158] (-) TimerEvent: {}
[234.471700] (-) TimerEvent: {}
[234.580484] (-) TimerEvent: {}
[234.694844] (-) TimerEvent: {}
[234.807551] (-) TimerEvent: {}
[234.916660] (-) TimerEvent: {}
[235.022672] (-) TimerEvent: {}
[235.135938] (-) TimerEvent: {}
[235.257473] (-) TimerEvent: {}
[235.372761] (-) TimerEvent: {}
[235.478502] (-) TimerEvent: {}
[235.591470] (-) TimerEvent: {}
[235.696914] (-) TimerEvent: {}
[235.826286] (-) TimerEvent: {}
[235.946575] (-) TimerEvent: {}
[236.053079] (-) TimerEvent: {}
[236.158327] (-) TimerEvent: {}
[236.263912] (-) TimerEvent: {}
[236.366890] (-) TimerEvent: {}
[236.470347] (-) TimerEvent: {}
[236.578480] (-) TimerEvent: {}
[236.681605] (-) TimerEvent: {}
[236.798870] (-) TimerEvent: {}
[236.903477] (-) TimerEvent: {}
[237.012448] (-) TimerEvent: {}
[237.117444] (-) TimerEvent: {}
[237.225282] (-) TimerEvent: {}
[237.327531] (-) TimerEvent: {}
[237.430780] (-) TimerEvent: {}
[237.536943] (-) TimerEvent: {}
[237.652005] (-) TimerEvent: {}
[237.765437] (-) TimerEvent: {}
[237.811124] (gps_mavros) StdoutLine: {'line': b"-- Added test 'xmllint' to check XML markup files\n"}
[237.868827] (-) TimerEvent: {}
[237.971329] (-) TimerEvent: {}
[238.073908] (-) TimerEvent: {}
[238.182608] (-) TimerEvent: {}
[238.284824] (-) TimerEvent: {}
[238.416252] (-) TimerEvent: {}
[238.518635] (-) TimerEvent: {}
[238.621966] (-) TimerEvent: {}
[238.727144] (-) TimerEvent: {}
[238.835422] (-) TimerEvent: {}
[238.941564] (-) TimerEvent: {}
[239.043950] (-) TimerEvent: {}
[239.159655] (-) TimerEvent: {}
[239.265708] (-) TimerEvent: {}
[239.383050] (-) TimerEvent: {}
[239.513602] (-) TimerEvent: {}
[239.632174] (-) TimerEvent: {}
[239.735513] (-) TimerEvent: {}
[239.843876] (-) TimerEvent: {}
[239.947147] (-) TimerEvent: {}
[240.058108] (-) TimerEvent: {}
[240.166526] (-) TimerEvent: {}
[240.270636] (-) TimerEvent: {}
[240.374840] (-) TimerEvent: {}
[240.481756] (-) TimerEvent: {}
[240.596172] (-) TimerEvent: {}
[240.703215] (-) TimerEvent: {}
[240.805416] (-) TimerEvent: {}
[240.912960] (-) TimerEvent: {}
[241.026741] (-) TimerEvent: {}
[241.147716] (-) TimerEvent: {}
[241.306782] (-) TimerEvent: {}
[241.452341] (-) TimerEvent: {}
[241.557486] (-) TimerEvent: {}
[241.685300] (-) TimerEvent: {}
[241.789335] (-) TimerEvent: {}
[241.917307] (-) TimerEvent: {}
[242.036036] (-) TimerEvent: {}
[242.144908] (-) TimerEvent: {}
[242.269991] (-) TimerEvent: {}
[242.386009] (-) TimerEvent: {}
[242.494931] (-) TimerEvent: {}
[242.607837] (-) TimerEvent: {}
[242.711261] (-) TimerEvent: {}
[242.814046] (-) TimerEvent: {}
[242.917535] (-) TimerEvent: {}
[243.021704] (-) TimerEvent: {}
[243.126774] (-) TimerEvent: {}
[243.245232] (-) TimerEvent: {}
[243.349018] (-) TimerEvent: {}
[243.450680] (-) TimerEvent: {}
[243.456307] (gps_mavros) StdoutLine: {'line': b'-- Configuring done\n'}
[243.551099] (-) TimerEvent: {}
[243.652914] (-) TimerEvent: {}
[243.756270] (-) TimerEvent: {}
[243.858076] (-) TimerEvent: {}
[243.972529] (-) TimerEvent: {}
[244.078264] (-) TimerEvent: {}
[244.190334] (-) TimerEvent: {}
[244.299261] (-) TimerEvent: {}
[244.411934] (-) TimerEvent: {}
[244.518602] (-) TimerEvent: {}
[244.621263] (-) TimerEvent: {}
[244.726225] (-) TimerEvent: {}
[244.838559] (-) TimerEvent: {}
[244.950246] (-) TimerEvent: {}
[245.070798] (-) TimerEvent: {}
[245.177067] (-) TimerEvent: {}
[245.288343] (-) TimerEvent: {}
[245.394217] (-) TimerEvent: {}
[245.497640] (-) TimerEvent: {}
[245.602426] (-) TimerEvent: {}
[245.708105] (-) TimerEvent: {}
[245.824167] (-) TimerEvent: {}
[245.929851] (-) TimerEvent: {}
[246.035410] (-) TimerEvent: {}
[246.149310] (-) TimerEvent: {}
[246.250536] (-) TimerEvent: {}
[246.360910] (-) TimerEvent: {}
[246.469444] (-) TimerEvent: {}
[246.576252] (-) TimerEvent: {}
[246.679317] (-) TimerEvent: {}
[246.784180] (-) TimerEvent: {}
[246.888359] (-) TimerEvent: {}
[246.995642] (-) TimerEvent: {}
[247.108004] (-) TimerEvent: {}
[247.224444] (-) TimerEvent: {}
[247.330711] (-) TimerEvent: {}
[247.435612] (-) TimerEvent: {}
[247.553664] (-) TimerEvent: {}
[247.661458] (-) TimerEvent: {}
[247.769608] (-) TimerEvent: {}
[247.884916] (-) TimerEvent: {}
[247.993835] (-) TimerEvent: {}
[248.114474] (-) TimerEvent: {}
[248.227891] (-) TimerEvent: {}
[248.336948] (-) TimerEvent: {}
[248.443462] (-) TimerEvent: {}
[248.548084] (-) TimerEvent: {}
[248.659200] (-) TimerEvent: {}
[248.768573] (-) TimerEvent: {}
[248.871814] (-) TimerEvent: {}
[248.984380] (-) TimerEvent: {}
[249.096132] (-) TimerEvent: {}
[249.208290] (-) TimerEvent: {}
[249.332031] (-) TimerEvent: {}
[249.442095] (-) TimerEvent: {}
[249.553625] (-) TimerEvent: {}
[249.663950] (-) TimerEvent: {}
[249.776709] (-) TimerEvent: {}
[249.887720] (-) TimerEvent: {}
[249.998106] (-) TimerEvent: {}
[250.101904] (-) TimerEvent: {}
[250.209088] (-) TimerEvent: {}
[250.321209] (-) TimerEvent: {}
[250.431288] (-) TimerEvent: {}
[250.556143] (-) TimerEvent: {}
[250.669861] (-) TimerEvent: {}
[250.777681] (-) TimerEvent: {}
[250.882514] (-) TimerEvent: {}
[250.985189] (-) TimerEvent: {}
[251.092730] (-) TimerEvent: {}
[251.196226] (-) TimerEvent: {}
[251.306446] (-) TimerEvent: {}
[251.413616] (-) TimerEvent: {}
[251.516114] (-) TimerEvent: {}
[251.631193] (-) TimerEvent: {}
[251.748871] (-) TimerEvent: {}
[251.856870] (-) TimerEvent: {}
[251.971213] (-) TimerEvent: {}
[252.076361] (-) TimerEvent: {}
[252.181130] (-) TimerEvent: {}
[252.284384] (-) TimerEvent: {}
[252.387682] (-) TimerEvent: {}
[252.497548] (-) TimerEvent: {}
[252.602515] (-) TimerEvent: {}
[252.709418] (-) TimerEvent: {}
[252.821720] (-) TimerEvent: {}
[252.930911] (-) TimerEvent: {}
[253.057925] (-) TimerEvent: {}
[253.164592] (-) TimerEvent: {}
[253.273516] (-) TimerEvent: {}
[253.380278] (-) TimerEvent: {}
[253.484600] (-) TimerEvent: {}
[253.594152] (-) TimerEvent: {}
[253.715900] (-) TimerEvent: {}
[253.821551] (-) TimerEvent: {}
[253.940319] (-) TimerEvent: {}
[254.057054] (-) TimerEvent: {}
[254.167553] (-) TimerEvent: {}
[254.298368] (-) TimerEvent: {}
[254.405228] (-) TimerEvent: {}
[254.541775] (-) TimerEvent: {}
[254.650647] (-) TimerEvent: {}
[254.764838] (-) TimerEvent: {}
[254.871016] (-) TimerEvent: {}
[254.975197] (-) TimerEvent: {}
[255.079228] (-) TimerEvent: {}
[255.189049] (-) TimerEvent: {}
[255.293463] (-) TimerEvent: {}
[255.399675] (-) TimerEvent: {}
[255.511846] (-) TimerEvent: {}
[255.620301] (-) TimerEvent: {}
[255.723905] (-) TimerEvent: {}
[255.830627] (-) TimerEvent: {}
[255.951245] (-) TimerEvent: {}
[256.058466] (-) TimerEvent: {}
[256.169511] (-) TimerEvent: {}
[256.285633] (-) TimerEvent: {}
[256.394814] (-) TimerEvent: {}
[256.499875] (-) TimerEvent: {}
[256.605132] (-) TimerEvent: {}
[256.710568] (-) TimerEvent: {}
[256.813187] (-) TimerEvent: {}
[256.922627] (-) TimerEvent: {}
[257.025675] (-) TimerEvent: {}
[257.129528] (-) TimerEvent: {}
[257.240970] (-) TimerEvent: {}
[257.357229] (-) TimerEvent: {}
[257.460722] (-) TimerEvent: {}
[257.573972] (-) TimerEvent: {}
[257.679282] (-) TimerEvent: {}
[257.790869] (-) TimerEvent: {}
[257.898189] (-) TimerEvent: {}
[258.012047] (-) TimerEvent: {}
[258.122200] (-) TimerEvent: {}
[258.223695] (-) TimerEvent: {}
[258.343814] (-) TimerEvent: {}
[258.456492] (-) TimerEvent: {}
[258.563739] (-) TimerEvent: {}
[258.682229] (-) TimerEvent: {}
[258.796112] (-) TimerEvent: {}
[258.897598] (-) TimerEvent: {}
[259.002523] (-) TimerEvent: {}
[259.118908] (-) TimerEvent: {}
[259.248300] (-) TimerEvent: {}
[259.358163] (-) TimerEvent: {}
[259.471058] (-) TimerEvent: {}
[259.591967] (-) TimerEvent: {}
[259.716766] (-) TimerEvent: {}
[259.874145] (-) TimerEvent: {}
[260.005077] (-) TimerEvent: {}
[260.118937] (-) TimerEvent: {}
[260.246798] (-) TimerEvent: {}
[260.360159] (-) TimerEvent: {}
[260.479549] (-) TimerEvent: {}
[260.583102] (-) TimerEvent: {}
[260.719217] (-) TimerEvent: {}
[260.826185] (-) TimerEvent: {}
[260.940095] (-) TimerEvent: {}
[261.052071] (-) TimerEvent: {}
[261.160071] (-) TimerEvent: {}
[261.264627] (-) TimerEvent: {}
[261.367778] (-) TimerEvent: {}
[261.476065] (-) TimerEvent: {}
[261.582718] (-) TimerEvent: {}
[261.689559] (-) TimerEvent: {}
[261.795251] (-) TimerEvent: {}
[261.896847] (-) TimerEvent: {}
[261.998766] (-) TimerEvent: {}
[262.105637] (-) TimerEvent: {}
[262.219865] (-) TimerEvent: {}
[262.332048] (-) TimerEvent: {}
[262.438664] (-) TimerEvent: {}
[262.548296] (-) TimerEvent: {}
[262.659013] (-) TimerEvent: {}
[262.778121] (-) TimerEvent: {}
[262.889745] (-) TimerEvent: {}
[262.999235] (-) TimerEvent: {}
[263.111116] (-) TimerEvent: {}
[263.220392] (-) TimerEvent: {}
[263.350335] (-) TimerEvent: {}
[263.459605] (-) TimerEvent: {}
[263.575859] (-) TimerEvent: {}
[263.698382] (-) TimerEvent: {}
[263.812694] (-) TimerEvent: {}
[263.917180] (-) TimerEvent: {}
[264.024522] (-) TimerEvent: {}
[264.148758] (-) TimerEvent: {}
[264.277329] (-) TimerEvent: {}
[264.498336] (-) TimerEvent: {}
[264.602601] (-) TimerEvent: {}
[264.713210] (-) TimerEvent: {}
[264.820853] (-) TimerEvent: {}
[264.929953] (-) TimerEvent: {}
[265.052644] (-) TimerEvent: {}
[265.159162] (-) TimerEvent: {}
[265.267892] (-) TimerEvent: {}
[265.372179] (-) TimerEvent: {}
[265.482550] (-) TimerEvent: {}
[265.586715] (-) TimerEvent: {}
[265.700996] (-) TimerEvent: {}
[265.828545] (-) TimerEvent: {}
[265.959559] (-) TimerEvent: {}
[266.070821] (-) TimerEvent: {}
[266.183161] (-) TimerEvent: {}
[266.318509] (-) TimerEvent: {}
[266.446777] (-) TimerEvent: {}
[266.567092] (-) TimerEvent: {}
[266.704363] (-) TimerEvent: {}
[266.835277] (-) TimerEvent: {}
[266.956270] (-) TimerEvent: {}
[267.072517] (-) TimerEvent: {}
[267.191939] (-) TimerEvent: {}
[267.324942] (-) TimerEvent: {}
[267.476283] (-) TimerEvent: {}
[267.625387] (-) TimerEvent: {}
[267.782255] (-) TimerEvent: {}
[267.899690] (-) TimerEvent: {}
[268.058572] (-) TimerEvent: {}
[268.260425] (-) TimerEvent: {}
[268.373059] (-) TimerEvent: {}
[268.498080] (-) TimerEvent: {}
[268.633982] (-) TimerEvent: {}
[268.769274] (-) TimerEvent: {}
[268.884313] (-) TimerEvent: {}
[269.010217] (-) TimerEvent: {}
[269.137167] (-) TimerEvent: {}
[269.258958] (-) TimerEvent: {}
[269.388744] (-) TimerEvent: {}
[269.501951] (-) TimerEvent: {}
[269.632547] (-) TimerEvent: {}
[269.771814] (-) TimerEvent: {}
[269.909600] (-) TimerEvent: {}
[270.026140] (-) TimerEvent: {}
[270.162487] (-) TimerEvent: {}
[270.297635] (-) TimerEvent: {}
[270.407311] (-) TimerEvent: {}
[270.526770] (-) TimerEvent: {}
[270.661121] (-) TimerEvent: {}
[270.788976] (-) TimerEvent: {}
[270.947877] (-) TimerEvent: {}
[271.091727] (-) TimerEvent: {}
[271.203476] (-) TimerEvent: {}
[271.319633] (-) TimerEvent: {}
[271.429978] (-) TimerEvent: {}
[271.545762] (-) TimerEvent: {}
[271.656270] (-) TimerEvent: {}
[271.761801] (-) TimerEvent: {}
[271.875882] (-) TimerEvent: {}
[272.004872] (-) TimerEvent: {}
[272.149987] (-) TimerEvent: {}
[272.260309] (-) TimerEvent: {}
[272.378744] (-) TimerEvent: {}
[272.493531] (-) TimerEvent: {}
[272.630633] (-) TimerEvent: {}
[272.771722] (-) TimerEvent: {}
[272.907164] (-) TimerEvent: {}
[273.018308] (-) TimerEvent: {}
[273.124522] (-) TimerEvent: {}
[273.231291] (-) TimerEvent: {}
[273.344778] (-) TimerEvent: {}
[273.453011] (-) TimerEvent: {}
[273.591280] (-) TimerEvent: {}
[273.694985] (-) TimerEvent: {}
[273.809245] (-) TimerEvent: {}
[273.941000] (-) TimerEvent: {}
[274.061963] (-) TimerEvent: {}
[274.165534] (-) TimerEvent: {}
[274.274936] (-) TimerEvent: {}
[274.393817] (-) TimerEvent: {}
[274.505986] (-) TimerEvent: {}
[274.615126] (-) TimerEvent: {}
[274.731505] (-) TimerEvent: {}
[274.834145] (-) TimerEvent: {}
[274.938919] (-) TimerEvent: {}
[275.041950] (-) TimerEvent: {}
[275.146737] (-) TimerEvent: {}
[275.250345] (-) TimerEvent: {}
[275.354962] (-) TimerEvent: {}
[275.459269] (-) TimerEvent: {}
[275.561926] (-) TimerEvent: {}
[275.669202] (-) TimerEvent: {}
[275.774302] (-) TimerEvent: {}
[275.878827] (-) TimerEvent: {}
[275.985246] (-) TimerEvent: {}
[276.096874] (-) TimerEvent: {}
[276.213601] (-) TimerEvent: {}
[276.324987] (-) TimerEvent: {}
[276.429392] (-) TimerEvent: {}
[276.545163] (-) TimerEvent: {}
[276.672927] (-) TimerEvent: {}
[276.789838] (-) TimerEvent: {}
[276.897438] (-) TimerEvent: {}
[277.004499] (-) TimerEvent: {}
[277.120629] (-) TimerEvent: {}
[277.225630] (-) TimerEvent: {}
[277.329271] (-) TimerEvent: {}
[277.433503] (-) TimerEvent: {}
[277.540224] (-) TimerEvent: {}
[277.644582] (-) TimerEvent: {}
[277.765850] (-) TimerEvent: {}
[277.877770] (-) TimerEvent: {}
[277.986549] (-) TimerEvent: {}
[278.125047] (-) TimerEvent: {}
[278.243267] (-) TimerEvent: {}
[278.346558] (-) TimerEvent: {}
[278.454115] (-) TimerEvent: {}
[278.564401] (-) TimerEvent: {}
[278.681732] (-) TimerEvent: {}
[278.798314] (-) TimerEvent: {}
[278.906019] (-) TimerEvent: {}
[279.035912] (-) TimerEvent: {}
[279.148623] (-) TimerEvent: {}
[279.258479] (-) TimerEvent: {}
[279.366769] (-) TimerEvent: {}
[279.471222] (-) TimerEvent: {}
[279.576012] (-) TimerEvent: {}
[279.682325] (-) TimerEvent: {}
[279.785311] (-) TimerEvent: {}
[279.890550] (-) TimerEvent: {}
[280.003399] (-) TimerEvent: {}
[280.107086] (-) TimerEvent: {}
[280.209130] (-) TimerEvent: {}
[280.322754] (-) TimerEvent: {}
[280.428009] (-) TimerEvent: {}
[280.548198] (-) TimerEvent: {}
[280.654887] (-) TimerEvent: {}
[280.778128] (-) TimerEvent: {}
[280.901068] (-) TimerEvent: {}
[281.011956] (-) TimerEvent: {}
[281.130382] (-) TimerEvent: {}
[281.242923] (-) TimerEvent: {}
[281.368323] (-) TimerEvent: {}
[281.488840] (-) TimerEvent: {}
[281.603247] (-) TimerEvent: {}
[281.722024] (-) TimerEvent: {}
[281.837388] (-) TimerEvent: {}
[281.945448] (-) TimerEvent: {}
[282.052532] (-) TimerEvent: {}
[282.160308] (-) TimerEvent: {}
[282.281413] (-) TimerEvent: {}
[282.417007] (-) TimerEvent: {}
[282.519133] (-) TimerEvent: {}
[282.626910] (-) TimerEvent: {}
[282.734600] (-) TimerEvent: {}
[282.849901] (-) TimerEvent: {}
[282.962562] (-) TimerEvent: {}
[283.074106] (-) TimerEvent: {}
[283.186135] (-) TimerEvent: {}
[283.290055] (-) TimerEvent: {}
[283.394806] (-) TimerEvent: {}
[283.499824] (-) TimerEvent: {}
[283.605670] (-) TimerEvent: {}
[283.719279] (-) TimerEvent: {}
[283.830175] (-) TimerEvent: {}
[283.950182] (-) TimerEvent: {}
[284.056820] (-) TimerEvent: {}
[284.165888] (-) TimerEvent: {}
[284.269566] (-) TimerEvent: {}
[284.376534] (-) TimerEvent: {}
[284.509452] (-) TimerEvent: {}
[284.621853] (-) TimerEvent: {}
[284.751966] (-) TimerEvent: {}
[284.865188] (-) TimerEvent: {}
[284.971843] (-) TimerEvent: {}
[285.075119] (-) TimerEvent: {}
[285.186541] (-) TimerEvent: {}
[285.310820] (-) TimerEvent: {}
[285.425621] (-) TimerEvent: {}
[285.547083] (-) TimerEvent: {}
[285.655101] (-) TimerEvent: {}
[285.760023] (-) TimerEvent: {}
[285.864933] (-) TimerEvent: {}
[285.980836] (-) TimerEvent: {}
[286.095009] (-) TimerEvent: {}
[286.196934] (-) TimerEvent: {}
[286.304255] (-) TimerEvent: {}
[286.405381] (-) TimerEvent: {}
[286.507979] (-) TimerEvent: {}
[286.622210] (-) TimerEvent: {}
[286.728584] (-) TimerEvent: {}
[286.843502] (-) TimerEvent: {}
[286.957227] (-) TimerEvent: {}
[287.070699] (-) TimerEvent: {}
[287.185446] (-) TimerEvent: {}
[287.296117] (-) TimerEvent: {}
[287.406016] (-) TimerEvent: {}
[287.525445] (-) TimerEvent: {}
[287.637015] (-) TimerEvent: {}
[287.740240] (-) TimerEvent: {}
[287.853727] (-) TimerEvent: {}
[287.962614] (-) TimerEvent: {}
[288.072823] (-) TimerEvent: {}
[288.191730] (-) TimerEvent: {}
[288.297293] (-) TimerEvent: {}
[288.412933] (-) TimerEvent: {}
[288.521302] (-) TimerEvent: {}
[288.630593] (-) TimerEvent: {}
[288.747039] (-) TimerEvent: {}
[288.863980] (-) TimerEvent: {}
[288.968312] (-) TimerEvent: {}
[289.069451] (-) TimerEvent: {}
[289.174292] (-) TimerEvent: {}
[289.283855] (-) TimerEvent: {}
[289.392054] (-) TimerEvent: {}
[289.498362] (-) TimerEvent: {}
[289.621903] (-) TimerEvent: {}
[289.729669] (-) TimerEvent: {}
[289.856198] (-) TimerEvent: {}
[289.979071] (-) TimerEvent: {}
[290.084825] (-) TimerEvent: {}
[290.194535] (-) TimerEvent: {}
[290.306922] (-) TimerEvent: {}
[290.424660] (-) TimerEvent: {}
[290.540106] (-) TimerEvent: {}
[290.659905] (-) TimerEvent: {}
[290.769456] (-) TimerEvent: {}
[290.880037] (-) TimerEvent: {}
[290.989893] (-) TimerEvent: {}
[291.101299] (-) TimerEvent: {}
[291.222347] (-) TimerEvent: {}
[291.378007] (-) TimerEvent: {}
[291.485868] (-) TimerEvent: {}
[291.600759] (-) TimerEvent: {}
[291.708123] (-) TimerEvent: {}
[291.822378] (-) TimerEvent: {}
[291.930866] (-) TimerEvent: {}
[292.045918] (-) TimerEvent: {}
[292.163288] (-) TimerEvent: {}
[292.273018] (-) TimerEvent: {}
[292.390506] (-) TimerEvent: {}
[292.498487] (-) TimerEvent: {}
[292.606241] (-) TimerEvent: {}
[292.710547] (-) TimerEvent: {}
[292.823093] (-) TimerEvent: {}
[292.932152] (-) TimerEvent: {}
[293.035478] (-) TimerEvent: {}
[293.144545] (-) TimerEvent: {}
[293.261314] (-) TimerEvent: {}
[293.373100] (-) TimerEvent: {}
[293.483631] (-) TimerEvent: {}
[293.615300] (-) TimerEvent: {}
[293.752163] (-) TimerEvent: {}
[293.862706] (-) TimerEvent: {}
[293.982697] (-) TimerEvent: {}
[294.100877] (-) TimerEvent: {}
[294.211368] (-) TimerEvent: {}
[294.335526] (-) TimerEvent: {}
[294.437968] (-) TimerEvent: {}
[294.540884] (-) TimerEvent: {}
[294.653461] (-) TimerEvent: {}
[294.701727] (gps_mavros) StdoutLine: {'line': b'-- Generating done\n'}
[294.754685] (-) TimerEvent: {}
[294.881546] (-) TimerEvent: {}
[294.996689] (-) TimerEvent: {}
[295.111766] (-) TimerEvent: {}
[295.230142] (-) TimerEvent: {}
[295.338517] (-) TimerEvent: {}
[295.450655] (-) TimerEvent: {}
[295.559860] (-) TimerEvent: {}
[295.668165] (-) TimerEvent: {}
[295.770752] (-) TimerEvent: {}
[295.874671] (-) TimerEvent: {}
[295.977660] (-) TimerEvent: {}
[296.082095] (-) TimerEvent: {}
[296.187625] (-) TimerEvent: {}
[296.298803] (-) TimerEvent: {}
[296.409412] (-) TimerEvent: {}
[296.530065] (-) TimerEvent: {}
[296.642984] (-) TimerEvent: {}
[296.769747] (-) TimerEvent: {}
[296.875117] (-) TimerEvent: {}
[296.979440] (-) TimerEvent: {}
[297.082014] (-) TimerEvent: {}
[297.185318] (-) TimerEvent: {}
[297.290065] (-) TimerEvent: {}
[297.399221] (-) TimerEvent: {}
[297.512876] (-) TimerEvent: {}
[297.624791] (-) TimerEvent: {}
[297.730342] (-) TimerEvent: {}
[297.835608] (-) TimerEvent: {}
[297.944287] (-) TimerEvent: {}
[298.045368] (-) TimerEvent: {}
[298.147921] (-) TimerEvent: {}
[298.251900] (-) TimerEvent: {}
[298.359390] (-) TimerEvent: {}
[298.464110] (-) TimerEvent: {}
[298.565702] (-) TimerEvent: {}
[298.667039] (-) TimerEvent: {}
[298.776106] (-) TimerEvent: {}
[298.878150] (-) TimerEvent: {}
[298.982872] (-) TimerEvent: {}
[299.091013] (-) TimerEvent: {}
[299.192345] (-) TimerEvent: {}
[299.302863] (-) TimerEvent: {}
[299.408670] (-) TimerEvent: {}
[299.511335] (-) TimerEvent: {}
[299.620489] (-) TimerEvent: {}
[299.723340] (-) TimerEvent: {}
[299.828875] (-) TimerEvent: {}
[299.939543] (-) TimerEvent: {}
[300.049127] (-) TimerEvent: {}
[300.179936] (-) TimerEvent: {}
[300.285487] (-) TimerEvent: {}
[300.390161] (-) TimerEvent: {}
[300.494291] (-) TimerEvent: {}
[300.597069] (-) TimerEvent: {}
[300.706195] (-) TimerEvent: {}
[300.809308] (-) TimerEvent: {}
[300.926592] (-) TimerEvent: {}
[301.038142] (-) TimerEvent: {}
[301.141706] (-) TimerEvent: {}
[301.245105] (-) TimerEvent: {}
[301.382210] (-) TimerEvent: {}
[301.487622] (-) TimerEvent: {}
[301.602382] (-) TimerEvent: {}
[301.727573] (-) TimerEvent: {}
[301.839081] (-) TimerEvent: {}
[301.963189] (-) TimerEvent: {}
[302.089307] (-) TimerEvent: {}
[302.197652] (-) TimerEvent: {}
[302.314433] (-) TimerEvent: {}
[302.422809] (-) TimerEvent: {}
[302.533699] (-) TimerEvent: {}
[302.639190] (-) TimerEvent: {}
[302.750924] (-) TimerEvent: {}
[302.891459] (-) TimerEvent: {}
[303.000895] (-) TimerEvent: {}
[303.113488] (-) TimerEvent: {}
[303.217031] (-) TimerEvent: {}
[303.322925] (-) TimerEvent: {}
[303.430573] (-) TimerEvent: {}
[303.533262] (-) TimerEvent: {}
[303.657027] (-) TimerEvent: {}
[303.759758] (-) TimerEvent: {}
[303.868521] (-) TimerEvent: {}
[303.970275] (-) TimerEvent: {}
[304.073194] (-) TimerEvent: {}
[304.195397] (-) TimerEvent: {}
[304.311301] (-) TimerEvent: {}
[304.429679] (-) TimerEvent: {}
[304.555621] (-) TimerEvent: {}
[304.672309] (-) TimerEvent: {}
[304.787266] (-) TimerEvent: {}
[304.895881] (-) TimerEvent: {}
[304.999979] (-) TimerEvent: {}
[305.108964] (-) TimerEvent: {}
[305.220130] (-) TimerEvent: {}
[305.322581] (-) TimerEvent: {}
[305.431148] (-) TimerEvent: {}
[305.544113] (-) TimerEvent: {}
[305.647917] (-) TimerEvent: {}
[305.754196] (-) TimerEvent: {}
[305.858516] (-) TimerEvent: {}
[305.964463] (-) TimerEvent: {}
[306.067302] (-) TimerEvent: {}
[306.174515] (-) TimerEvent: {}
[306.283954] (-) TimerEvent: {}
[306.385360] (-) TimerEvent: {}
[306.497928] (-) TimerEvent: {}
[306.601459] (-) TimerEvent: {}
[306.708754] (-) TimerEvent: {}
[306.813517] (-) TimerEvent: {}
[306.926589] (-) TimerEvent: {}
[307.054528] (-) TimerEvent: {}
[307.158716] (-) TimerEvent: {}
[307.260984] (-) TimerEvent: {}
[307.400340] (-) TimerEvent: {}
[307.506581] (-) TimerEvent: {}
[307.515206] (gps_mavros) StdoutLine: {'line': b'-- Build files have been written to: /ODLC_Machine_Inferencing_System_2025-2026/ros2_workspace/build/gps_mavros\n'}
[307.606899] (-) TimerEvent: {}
[307.723587] (-) TimerEvent: {}
[307.834981] (-) TimerEvent: {}
[307.941007] (-) TimerEvent: {}
[308.045110] (-) TimerEvent: {}
[308.153017] (-) TimerEvent: {}
[308.270509] (-) TimerEvent: {}
[308.375480] (-) TimerEvent: {}
[308.478989] (-) TimerEvent: {}
[308.590858] (-) TimerEvent: {}
[308.702673] (-) TimerEvent: {}
[308.829871] (-) TimerEvent: {}
[308.933848] (-) TimerEvent: {}
[309.041780] (-) TimerEvent: {}
[309.153933] (-) TimerEvent: {}
[309.259519] (-) TimerEvent: {}
[309.360869] (-) TimerEvent: {}
[309.462830] (-) TimerEvent: {}
[309.567918] (-) TimerEvent: {}
[309.671924] (-) TimerEvent: {}
[309.780427] (-) TimerEvent: {}
[309.894585] (-) TimerEvent: {}
[310.002813] (-) TimerEvent: {}
[310.107844] (-) TimerEvent: {}
[310.221416] (-) TimerEvent: {}
[310.330783] (-) TimerEvent: {}
[310.443303] (-) TimerEvent: {}
[310.555703] (-) TimerEvent: {}
[310.660993] (-) TimerEvent: {}
[310.773422] (-) TimerEvent: {}
[310.878558] (-) TimerEvent: {}
[310.982533] (-) TimerEvent: {}
[311.093178] (-) TimerEvent: {}
[311.200014] (-) TimerEvent: {}
[311.314820] (-) TimerEvent: {}
[311.435326] (-) TimerEvent: {}
[311.572548] (-) TimerEvent: {}
[311.690670] (-) TimerEvent: {}
[311.820015] (-) TimerEvent: {}
[311.942584] (-) TimerEvent: {}
[312.046374] (-) TimerEvent: {}
[312.167014] (-) TimerEvent: {}
[312.270800] (-) TimerEvent: {}
[312.377354] (-) TimerEvent: {}
[312.479725] (-) TimerEvent: {}
[312.590539] (-) TimerEvent: {}
[312.707421] (-) TimerEvent: {}
[312.813162] (-) TimerEvent: {}
[312.942699] (-) TimerEvent: {}
[313.065789] (-) TimerEvent: {}
[313.170789] (-) TimerEvent: {}
[313.275028] (-) TimerEvent: {}
[313.383729] (-) TimerEvent: {}
[313.588832] (-) TimerEvent: {}
[313.702637] (-) TimerEvent: {}
[313.808630] (-) TimerEvent: {}
[313.939878] (-) TimerEvent: {}
[314.047412] (-) TimerEvent: {}
[314.155693] (-) TimerEvent: {}
[314.275740] (-) TimerEvent: {}
[314.380861] (-) TimerEvent: {}
[314.498739] (-) TimerEvent: {}
[314.606931] (-) TimerEvent: {}
[314.750341] (-) TimerEvent: {}
[314.857483] (-) TimerEvent: {}
[314.964464] (-) TimerEvent: {}
[315.073897] (-) TimerEvent: {}
[315.200728] (-) TimerEvent: {}
[315.321915] (-) TimerEvent: {}
[315.439664] (-) TimerEvent: {}
[315.549711] (-) TimerEvent: {}
[315.687509] (-) TimerEvent: {}
[315.798981] (-) TimerEvent: {}
[315.909894] (-) TimerEvent: {}
[316.015771] (-) TimerEvent: {}
[316.122630] (-) TimerEvent: {}
[316.227610] (-) TimerEvent: {}
[316.333513] (-) TimerEvent: {}
[316.440623] (-) TimerEvent: {}
[316.558206] (-) TimerEvent: {}
[316.663051] (-) TimerEvent: {}
[316.769305] (-) TimerEvent: {}
[316.871726] (-) TimerEvent: {}
[316.984022] (-) TimerEvent: {}
[317.107990] (-) TimerEvent: {}
[317.221693] (-) TimerEvent: {}
[317.354441] (-) TimerEvent: {}
[317.469497] (-) TimerEvent: {}
[317.578243] (-) TimerEvent: {}
[317.679250] (-) TimerEvent: {}
[317.786530] (-) TimerEvent: {}
[317.893215] (-) TimerEvent: {}
[318.018895] (-) TimerEvent: {}
[318.129019] (-) TimerEvent: {}
[318.262036] (-) TimerEvent: {}
[318.375146] (-) TimerEvent: {}
[318.482838] (-) TimerEvent: {}
[318.601240] (-) TimerEvent: {}
[318.715384] (-) TimerEvent: {}
[318.828155] (-) TimerEvent: {}
[318.940129] (-) TimerEvent: {}
[319.054979] (-) TimerEvent: {}
[319.164229] (-) TimerEvent: {}
[319.279848] (-) TimerEvent: {}
[319.385510] (-) TimerEvent: {}
[319.494045] (-) TimerEvent: {}
[319.619801] (-) TimerEvent: {}
[319.724599] (-) TimerEvent: {}
[319.833092] (-) TimerEvent: {}
[319.940608] (-) TimerEvent: {}
[320.059592] (-) TimerEvent: {}
[320.194733] (-) TimerEvent: {}
[320.345980] (-) TimerEvent: {}
[320.491501] (-) TimerEvent: {}
[320.636290] (-) TimerEvent: {}
[320.782644] (-) TimerEvent: {}
[320.893239] (-) TimerEvent: {}
[321.018825] (-) TimerEvent: {}
[321.128849] (-) TimerEvent: {}
[321.244187] (-) TimerEvent: {}
[321.360928] (-) TimerEvent: {}
[321.486220] (-) TimerEvent: {}
[321.592757] (-) TimerEvent: {}
[321.706643] (-) TimerEvent: {}
[321.822825] (-) TimerEvent: {}
[321.940804] (-) TimerEvent: {}
[322.051362] (-) TimerEvent: {}
[322.181191] (-) TimerEvent: {}
[322.291954] (-) TimerEvent: {}
[322.401870] (-) TimerEvent: {}
[322.516782] (-) TimerEvent: {}
[322.622833] (-) TimerEvent: {}
[322.730504] (-) TimerEvent: {}
[322.837248] (-) TimerEvent: {}
[322.940340] (-) TimerEvent: {}
[323.049401] (-) TimerEvent: {}
[323.155535] (-) TimerEvent: {}
[323.259572] (-) TimerEvent: {}
[323.371033] (-) TimerEvent: {}
[323.483875] (-) TimerEvent: {}
[323.610543] (-) TimerEvent: {}
[323.724219] (-) TimerEvent: {}
[323.832713] (-) TimerEvent: {}
[323.938484] (-) TimerEvent: {}
[324.047933] (-) TimerEvent: {}
[324.156825] (-) TimerEvent: {}
[324.259058] (-) TimerEvent: {}
[324.363682] (-) TimerEvent: {}
[324.488521] (-) TimerEvent: {}
[324.608385] (-) TimerEvent: {}
[324.733624] (-) TimerEvent: {}
[324.837926] (-) TimerEvent: {}
[324.953427] (-) TimerEvent: {}
[325.080599] (-) TimerEvent: {}
[325.195678] (-) TimerEvent: {}
[325.318241] (-) TimerEvent: {}
[325.425577] (-) TimerEvent: {}
[325.526871] (-) TimerEvent: {}
[325.635686] (-) TimerEvent: {}
[325.741667] (-) TimerEvent: {}
[325.855788] (-) TimerEvent: {}
[325.978832] (-) TimerEvent: {}
[326.090474] (-) TimerEvent: {}
[326.191415] (gps_mavros) StdoutLine: {'line': b'[  3%] Built target gps_mavros__cpp\n'}
[326.249751] (-) TimerEvent: {}
[326.361599] (-) TimerEvent: {}
[326.531497] (-) TimerEvent: {}
[326.738628] (-) TimerEvent: {}
[326.896540] (-) TimerEvent: {}
[327.014601] (-) TimerEvent: {}
[327.134787] (-) TimerEvent: {}
[327.251907] (-) TimerEvent: {}
[327.367702] (-) TimerEvent: {}
[327.479462] (-) TimerEvent: {}
[327.603023] (-) TimerEvent: {}
[327.729984] (-) TimerEvent: {}
[327.847415] (-) TimerEvent: {}
[327.952194] (-) TimerEvent: {}
[328.069619] (-) TimerEvent: {}
[328.187028] (-) TimerEvent: {}
[328.294905] (-) TimerEvent: {}
[328.399017] (-) TimerEvent: {}
[328.517639] (-) TimerEvent: {}
[328.633348] (-) TimerEvent: {}
[328.749216] (-) TimerEvent: {}
[328.870853] (-) TimerEvent: {}
[328.977224] (-) TimerEvent: {}
[329.085074] (-) TimerEvent: {}
[329.204391] (-) TimerEvent: {}
[329.311189] (-) TimerEvent: {}
[329.417048] (-) TimerEvent: {}
[329.540243] (-) TimerEvent: {}
[329.648023] (-) TimerEvent: {}
[329.754040] (-) TimerEvent: {}
[329.861561] (-) TimerEvent: {}
[329.970000] (-) TimerEvent: {}
[330.079530] (-) TimerEvent: {}
[330.181608] (-) TimerEvent: {}
[330.288746] (-) TimerEvent: {}
[330.402531] (-) TimerEvent: {}
[330.512035] (-) TimerEvent: {}
[330.626952] (-) TimerEvent: {}
[330.749748] (-) TimerEvent: {}
[330.868559] (-) TimerEvent: {}
[330.979807] (-) TimerEvent: {}
[331.086560] (-) TimerEvent: {}
[331.219767] (-) TimerEvent: {}
[331.340453] (-) TimerEvent: {}
[331.473083] (-) TimerEvent: {}
[331.594947] (-) TimerEvent: {}
[331.728000] (-) TimerEvent: {}
[331.845507] (-) TimerEvent: {}
[331.969542] (-) TimerEvent: {}
[332.090848] (-) TimerEvent: {}
[332.204588] (-) TimerEvent: {}
[332.341129] (-) TimerEvent: {}
[332.504228] (-) TimerEvent: {}
[332.627797] (-) TimerEvent: {}
[332.738265] (-) TimerEvent: {}
[332.850905] (-) TimerEvent: {}
[332.966887] (-) TimerEvent: {}
[333.098122] (-) TimerEvent: {}
[333.248652] (-) TimerEvent: {}
[333.368616] (-) TimerEvent: {}
[333.472874] (-) TimerEvent: {}
[333.588093] (-) TimerEvent: {}
[333.705176] (-) TimerEvent: {}
[333.817202] (-) TimerEvent: {}
[333.941148] (-) TimerEvent: {}
[334.060342] (-) TimerEvent: {}
[334.169805] (-) TimerEvent: {}
[334.324865] (-) TimerEvent: {}
[334.429545] (-) TimerEvent: {}
[334.540868] (-) TimerEvent: {}
[334.644837] (-) TimerEvent: {}
[334.751937] (-) TimerEvent: {}
[334.856250] (-) TimerEvent: {}
[334.960408] (-) TimerEvent: {}
[335.063513] (-) TimerEvent: {}
[335.170352] (-) TimerEvent: {}
[335.277716] (-) TimerEvent: {}
[335.383287] (-) TimerEvent: {}
[335.491663] (-) TimerEvent: {}
[335.600782] (-) TimerEvent: {}
[335.706773] (-) TimerEvent: {}
[335.819379] (-) TimerEvent: {}
[335.928321] (-) TimerEvent: {}
[336.041697] (-) TimerEvent: {}
[336.151019] (-) TimerEvent: {}
[336.257491] (-) TimerEvent: {}
[336.370753] (-) TimerEvent: {}
[336.475882] (-) TimerEvent: {}
[336.582797] (-) TimerEvent: {}
[336.683888] (-) TimerEvent: {}
[336.785747] (-) TimerEvent: {}
[336.890239] (-) TimerEvent: {}
[336.995088] (-) TimerEvent: {}
[337.105778] (-) TimerEvent: {}
[337.217411] (-) TimerEvent: {}
[337.366467] (-) TimerEvent: {}
[337.478232] (-) TimerEvent: {}
[337.581060] (-) TimerEvent: {}
[337.683608] (-) TimerEvent: {}
[337.791569] (-) TimerEvent: {}
[337.901037] (-) TimerEvent: {}
[338.018761] (-) TimerEvent: {}
[338.127656] (-) TimerEvent: {}
[338.231565] (-) TimerEvent: {}
[338.354041] (-) TimerEvent: {}
[338.475440] (-) TimerEvent: {}
[338.606056] (-) TimerEvent: {}
[338.732459] (-) TimerEvent: {}
[338.841823] (-) TimerEvent: {}
[338.979760] (-) TimerEvent: {}
[339.134485] (-) TimerEvent: {}
[339.274945] (-) TimerEvent: {}
[339.381766] (-) TimerEvent: {}
[339.505988] (-) TimerEvent: {}
[339.610881] (-) TimerEvent: {}
[339.719032] (-) TimerEvent: {}
[339.820394] (-) TimerEvent: {}
[339.932917] (-) TimerEvent: {}
[340.040183] (-) TimerEvent: {}
[340.150894] (-) TimerEvent: {}
[340.255668] (-) TimerEvent: {}
[340.366656] (-) TimerEvent: {}
[340.472551] (-) TimerEvent: {}
[340.582164] (-) TimerEvent: {}
[340.685685] (-) TimerEvent: {}
[340.806507] (-) TimerEvent: {}
[340.911594] (-) TimerEvent: {}
[341.026317] (-) TimerEvent: {}
[341.136967] (-) TimerEvent: {}
[341.244749] (-) TimerEvent: {}
[341.347830] (-) TimerEvent: {}
[341.470942] (-) TimerEvent: {}
[341.577602] (-) TimerEvent: {}
[341.699509] (-) TimerEvent: {}
[341.809051] (-) TimerEvent: {}
[341.928452] (-) TimerEvent: {}
[342.044326] (-) TimerEvent: {}
[342.155222] (-) TimerEvent: {}
[342.265953] (-) TimerEvent: {}
[342.370008] (-) TimerEvent: {}
[342.488372] (-) TimerEvent: {}
[342.592256] (-) TimerEvent: {}
[342.702821] (-) TimerEvent: {}
[342.811369] (-) TimerEvent: {}
[342.916332] (-) TimerEvent: {}
[343.019315] (-) TimerEvent: {}
[343.127108] (-) TimerEvent: {}
[343.236747] (-) TimerEvent: {}
[343.343204] (-) TimerEvent: {}
[343.446029] (-) TimerEvent: {}
[343.548772] (-) TimerEvent: {}
[343.668042] (-) TimerEvent: {}
[343.787914] (-) TimerEvent: {}
[343.895275] (-) TimerEvent: {}
[344.003207] (-) TimerEvent: {}
[344.111967] (-) TimerEvent: {}
[344.228775] (-) TimerEvent: {}
[344.330749] (-) TimerEvent: {}
[344.435170] (-) TimerEvent: {}
[344.546518] (-) TimerEvent: {}
[344.648652] (-) TimerEvent: {}
[344.753443] (-) TimerEvent: {}
[344.859130] (-) TimerEvent: {}
[344.965955] (-) TimerEvent: {}
[345.070552] (-) TimerEvent: {}
[345.178606] (-) TimerEvent: {}
[345.287041] (-) TimerEvent: {}
[345.388414] (-) TimerEvent: {}
[345.491465] (-) TimerEvent: {}
[345.606629] (-) TimerEvent: {}
[345.708924] (-) TimerEvent: {}
[345.818537] (-) TimerEvent: {}
[345.937806] (-) TimerEvent: {}
[346.054206] (-) TimerEvent: {}
[346.169955] (-) TimerEvent: {}
[346.301448] (-) TimerEvent: {}
[346.440869] (-) TimerEvent: {}
[346.558968] (-) TimerEvent: {}
[346.667024] (-) TimerEvent: {}
[346.776098] (-) TimerEvent: {}
[346.893174] (-) TimerEvent: {}
[347.014980] (-) TimerEvent: {}
[347.142049] (-) TimerEvent: {}
[347.263719] (-) TimerEvent: {}
[347.373788] (-) TimerEvent: {}
[347.491808] (-) TimerEvent: {}
[347.601691] (-) TimerEvent: {}
[347.709147] (-) TimerEvent: {}
[347.815281] (-) TimerEvent: {}
[347.918191] (-) TimerEvent: {}
[348.031533] (-) TimerEvent: {}
[348.142668] (-) TimerEvent: {}
[348.266985] (-) TimerEvent: {}
[348.404226] (-) TimerEvent: {}
[348.508735] (-) TimerEvent: {}
[348.613732] (-) TimerEvent: {}
[348.722450] (-) TimerEvent: {}
[348.854698] (-) TimerEvent: {}
[348.968785] (-) TimerEvent: {}
[349.077317] (-) TimerEvent: {}
[349.180477] (-) TimerEvent: {}
[349.291880] (-) TimerEvent: {}
[349.396149] (-) TimerEvent: {}
[349.504872] (-) TimerEvent: {}
[349.615702] (-) TimerEvent: {}
[349.746817] (-) TimerEvent: {}
[349.887721] (-) TimerEvent: {}
[350.003022] (-) TimerEvent: {}
[350.113791] (-) TimerEvent: {}
[350.228658] (-) TimerEvent: {}
[350.338953] (-) TimerEvent: {}
[350.455652] (-) TimerEvent: {}
[350.561923] (-) TimerEvent: {}
[350.674197] (-) TimerEvent: {}
[350.796936] (-) TimerEvent: {}
[350.912526] (-) TimerEvent: {}
[351.030180] (-) TimerEvent: {}
[351.136091] (-) TimerEvent: {}
[351.247304] (-) TimerEvent: {}
[351.353090] (-) TimerEvent: {}
[351.460499] (-) TimerEvent: {}
[351.571727] (-) TimerEvent: {}
[351.680367] (-) TimerEvent: {}
[351.789190] (-) TimerEvent: {}
[351.923839] (-) TimerEvent: {}
[352.043880] (-) TimerEvent: {}
[352.163506] (-) TimerEvent: {}
[352.288043] (-) TimerEvent: {}
[352.407773] (-) TimerEvent: {}
[352.518864] (-) TimerEvent: {}
[352.641327] (-) TimerEvent: {}
[352.753439] (-) TimerEvent: {}
[352.874004] (-) TimerEvent: {}
[352.983220] (-) TimerEvent: {}
[353.085472] (-) TimerEvent: {}
[353.191836] (-) TimerEvent: {}
[353.303193] (-) TimerEvent: {}
[353.406518] (-) TimerEvent: {}
[353.514965] (-) TimerEvent: {}
[353.625257] (-) TimerEvent: {}
[353.746747] (-) TimerEvent: {}
[353.851781] (-) TimerEvent: {}
[353.955796] (-) TimerEvent: {}
[354.058508] (-) TimerEvent: {}
[354.166516] (-) TimerEvent: {}
[354.273031] (-) TimerEvent: {}
[354.382124] (-) TimerEvent: {}
[354.484606] (-) TimerEvent: {}
[354.589361] (-) TimerEvent: {}
[354.708123] (-) TimerEvent: {}
[354.840273] (-) TimerEvent: {}
[354.959831] (-) TimerEvent: {}
[355.061684] (-) TimerEvent: {}
[355.168087] (-) TimerEvent: {}
[355.178244] (gps_mavros) StdoutLine: {'line': b'[  3%] Built target ament_cmake_python_copy_gps_mavros\n'}
[355.268964] (-) TimerEvent: {}
[355.376619] (-) TimerEvent: {}
[355.485091] (-) TimerEvent: {}
[355.592637] (-) TimerEvent: {}
[355.705534] (-) TimerEvent: {}
[355.809318] (-) TimerEvent: {}
[355.913844] (-) TimerEvent: {}
[356.018555] (-) TimerEvent: {}
[356.122200] (-) TimerEvent: {}
[356.228263] (-) TimerEvent: {}
[356.350610] (-) TimerEvent: {}
[356.458033] (-) TimerEvent: {}
[356.561228] (-) TimerEvent: {}
[356.666577] (-) TimerEvent: {}
[356.780119] (-) TimerEvent: {}
[356.894700] (-) TimerEvent: {}
[357.007376] (-) TimerEvent: {}
[357.114098] (-) TimerEvent: {}
[357.221729] (-) TimerEvent: {}
[357.326630] (-) TimerEvent: {}
[357.439666] (-) TimerEvent: {}
[357.544907] (-) TimerEvent: {}
[357.650456] (-) TimerEvent: {}
[357.756272] (-) TimerEvent: {}
[357.886988] (-) TimerEvent: {}
[358.001217] (-) TimerEvent: {}
[358.108226] (-) TimerEvent: {}
[358.223945] (-) TimerEvent: {}
[358.334763] (-) TimerEvent: {}
[358.436925] (-) TimerEvent: {}
[358.547926] (-) TimerEvent: {}
[358.650076] (-) TimerEvent: {}
[358.755376] (-) TimerEvent: {}
[358.865578] (-) TimerEvent: {}
[358.973806] (-) TimerEvent: {}
[359.084105] (-) TimerEvent: {}
[359.190751] (-) TimerEvent: {}
[359.299250] (-) TimerEvent: {}
[359.413899] (-) TimerEvent: {}
[359.531223] (-) TimerEvent: {}
[359.659351] (-) TimerEvent: {}
[359.766436] (-) TimerEvent: {}
[359.878525] (-) TimerEvent: {}
[359.983616] (-) TimerEvent: {}
[360.118946] (-) TimerEvent: {}
[360.227433] (-) TimerEvent: {}
[360.359753] (-) TimerEvent: {}
[360.465497] (-) TimerEvent: {}
[360.597198] (-) TimerEvent: {}
[360.707791] (-) TimerEvent: {}
[360.822776] (-) TimerEvent: {}
[360.936179] (-) TimerEvent: {}
[361.063403] (-) TimerEvent: {}
[361.186986] (-) TimerEvent: {}
[361.329921] (-) TimerEvent: {}
[361.464948] (-) TimerEvent: {}
[361.604529] (-) TimerEvent: {}
[361.720075] (-) TimerEvent: {}
[361.852852] (-) TimerEvent: {}
[361.989825] (-) TimerEvent: {}
[362.133295] (-) TimerEvent: {}
[362.263052] (-) TimerEvent: {}
[362.387434] (-) TimerEvent: {}
[362.513890] (-) TimerEvent: {}
[362.635549] (-) TimerEvent: {}
[362.753240] (-) TimerEvent: {}
[362.862000] (-) TimerEvent: {}
[362.917947] (gps_mavros) StdoutLine: {'line': b'\x1b[35m\x1b[1mConsolidate compiler generated dependencies of target gps_mavros__rosidl_typesupport_cpp\x1b[0m\n'}
[362.962144] (-) TimerEvent: {}
[363.071781] (-) TimerEvent: {}
[363.199624] (-) TimerEvent: {}
[363.302219] (-) TimerEvent: {}
[363.415907] (-) TimerEvent: {}
[363.517275] (-) TimerEvent: {}
[363.621599] (-) TimerEvent: {}
[363.751290] (-) TimerEvent: {}
[363.860411] (-) TimerEvent: {}
[363.975379] (-) TimerEvent: {}
[364.077557] (-) TimerEvent: {}
[364.202845] (-) TimerEvent: {}
[364.323315] (-) TimerEvent: {}
[364.432764] (-) TimerEvent: {}
[364.536559] (-) TimerEvent: {}
[364.652606] (-) TimerEvent: {}
[364.764740] (-) TimerEvent: {}
[364.892416] (-) TimerEvent: {}
[364.996864] (-) TimerEvent: {}
[365.131620] (-) TimerEvent: {}
[365.241645] (-) TimerEvent: {}
[365.359303] (-) TimerEvent: {}
[365.463376] (-) TimerEvent: {}
[365.569444] (-) TimerEvent: {}
[365.681341] (-) TimerEvent: {}
[365.826537] (-) TimerEvent: {}
[365.937231] (-) TimerEvent: {}
[366.044158] (-) TimerEvent: {}
[366.156045] (-) TimerEvent: {}
[366.268693] (-) TimerEvent: {}
[366.380625] (-) TimerEvent: {}
[366.482729] (-) TimerEvent: {}
[366.598529] (-) TimerEvent: {}
[366.708466] (-) TimerEvent: {}
[366.817452] (-) TimerEvent: {}
[366.927491] (-) TimerEvent: {}
[367.037501] (-) TimerEvent: {}
[367.141445] (-) TimerEvent: {}
[367.246508] (-) TimerEvent: {}
[367.354901] (-) TimerEvent: {}
[367.459951] (-) TimerEvent: {}
[367.565581] (-) TimerEvent: {}
[367.674972] (-) TimerEvent: {}
[367.789047] (-) TimerEvent: {}
[367.912909] (-) TimerEvent: {}
[368.034128] (-) TimerEvent: {}
[368.140276] (-) TimerEvent: {}
[368.246630] (-) TimerEvent: {}
[368.349087] (-) TimerEvent: {}
[368.453997] (-) TimerEvent: {}
[368.562361] (-) TimerEvent: {}
[368.694571] (-) TimerEvent: {}
[368.816357] (-) TimerEvent: {}
[368.921970] (-) TimerEvent: {}
[369.040260] (-) TimerEvent: {}
[369.155790] (-) TimerEvent: {}
[369.258497] (-) TimerEvent: {}
[369.366809] (-) TimerEvent: {}
[369.476905] (-) TimerEvent: {}
[369.582772] (-) TimerEvent: {}
[369.697327] (-) TimerEvent: {}
[369.846820] (-) TimerEvent: {}
[369.972370] (-) TimerEvent: {}
[370.089695] (-) TimerEvent: {}
[370.200105] (-) TimerEvent: {}
[370.314327] (-) TimerEvent: {}
[370.429675] (-) TimerEvent: {}
[370.577581] (-) TimerEvent: {}
[370.757418] (-) TimerEvent: {}
[370.872797] (-) TimerEvent: {}
[371.030459] (-) TimerEvent: {}
[371.139085] (-) TimerEvent: {}
[371.285168] (-) TimerEvent: {}
[371.398947] (-) TimerEvent: {}
[371.546599] (-) TimerEvent: {}
[371.686914] (-) TimerEvent: {}
[371.801206] (-) TimerEvent: {}
[371.943480] (-) TimerEvent: {}
[372.063639] (-) TimerEvent: {}
[372.177040] (-) TimerEvent: {}
[372.311283] (-) TimerEvent: {}
[372.428443] (-) TimerEvent: {}
[372.559608] (-) TimerEvent: {}
[372.703379] (-) TimerEvent: {}
[372.815303] (-) TimerEvent: {}
[372.932612] (-) TimerEvent: {}
[373.052862] (-) TimerEvent: {}
[373.168729] (-) TimerEvent: {}
[373.276796] (-) TimerEvent: {}
[373.392350] (-) TimerEvent: {}
[373.519508] (-) TimerEvent: {}
[373.739583] (-) TimerEvent: {}
[373.851821] (-) TimerEvent: {}
[373.965563] (-) TimerEvent: {}
[374.068620] (-) TimerEvent: {}
[374.177262] (-) TimerEvent: {}
[374.284747] (-) TimerEvent: {}
[374.392278] (-) TimerEvent: {}
[374.493349] (-) TimerEvent: {}
[374.601334] (-) TimerEvent: {}
[374.714487] (-) TimerEvent: {}
[374.826867] (-) TimerEvent: {}
[374.947756] (-) TimerEvent: {}
[375.060681] (-) TimerEvent: {}
[375.166500] (-) TimerEvent: {}
[375.270195] (-) TimerEvent: {}
[375.382866] (-) TimerEvent: {}
[375.505445] (-) TimerEvent: {}
[375.618994] (-) TimerEvent: {}
[375.750603] (-) TimerEvent: {}
[375.861451] (-) TimerEvent: {}
[375.962165] (gps_mavros) StdoutLine: {'line': b'[ 12%] Built target gps_mavros__rosidl_typesupport_cpp\n'}
[376.001101] (-) TimerEvent: {}
[376.110128] (-) TimerEvent: {}
[376.219884] (-) TimerEvent: {}
[376.341434] (-) TimerEvent: {}
[376.445006] (-) TimerEvent: {}
[376.587355] (-) TimerEvent: {}
[376.705225] (-) TimerEvent: {}
[376.820950] (-) TimerEvent: {}
[376.933119] (-) TimerEvent: {}
[377.049017] (-) TimerEvent: {}
[377.152526] (-) TimerEvent: {}
[377.264312] (-) TimerEvent: {}
[377.379675] (-) TimerEvent: {}
[377.494026] (-) TimerEvent: {}
[377.606256] (-) TimerEvent: {}
[377.716006] (-) TimerEvent: {}
[377.848659] (-) TimerEvent: {}
[377.973374] (-) TimerEvent: {}
[378.097004] (-) TimerEvent: {}
[378.227904] (-) TimerEvent: {}
[378.350945] (-) TimerEvent: {}
[378.472460] (-) TimerEvent: {}
[378.590721] (-) TimerEvent: {}
[378.698839] (-) TimerEvent: {}
[378.837102] (-) TimerEvent: {}
[378.954617] (-) TimerEvent: {}
[379.076703] (-) TimerEvent: {}
[379.214763] (-) TimerEvent: {}
[379.346515] (-) TimerEvent: {}
[379.469689] (-) TimerEvent: {}
[379.590035] (-) TimerEvent: {}
[379.732432] (-) TimerEvent: {}
[379.867334] (-) TimerEvent: {}
[379.978582] (-) TimerEvent: {}
[380.097202] (-) TimerEvent: {}
[380.209338] (-) TimerEvent: {}
[380.319256] (-) TimerEvent: {}
[380.427057] (-) TimerEvent: {}
[380.537063] (-) TimerEvent: {}
[380.646869] (-) TimerEvent: {}
[380.751303] (-) TimerEvent: {}
[380.871590] (-) TimerEvent: {}
[380.984571] (-) TimerEvent: {}
[381.092864] (-) TimerEvent: {}
[381.199749] (-) TimerEvent: {}
[381.307845] (-) TimerEvent: {}
[381.430568] (-) TimerEvent: {}
[381.547627] (-) TimerEvent: {}
[381.671589] (-) TimerEvent: {}
[381.787334] (-) TimerEvent: {}
[381.910306] (-) TimerEvent: {}
[382.032080] (-) TimerEvent: {}
[382.150646] (-) TimerEvent: {}
[382.301449] (-) TimerEvent: {}
[382.418601] (-) TimerEvent: {}
[382.533950] (-) TimerEvent: {}
[382.665986] (-) TimerEvent: {}
[382.776696] (-) TimerEvent: {}
[382.878326] (-) TimerEvent: {}
[382.995617] (-) TimerEvent: {}
[383.109298] (-) TimerEvent: {}
[383.246056] (-) TimerEvent: {}
[383.356283] (-) TimerEvent: {}
[383.481102] (-) TimerEvent: {}
[383.605562] (-) TimerEvent: {}
[383.720002] (-) TimerEvent: {}
[383.830589] (-) TimerEvent: {}
[383.933468] (-) TimerEvent: {}
[384.037754] (-) TimerEvent: {}
[384.155654] (-) TimerEvent: {}
[384.262457] (-) TimerEvent: {}
[384.364095] (-) TimerEvent: {}
[384.467144] (-) TimerEvent: {}
[384.572073] (-) TimerEvent: {}
[384.694118] (-) TimerEvent: {}
[384.854509] (-) TimerEvent: {}
[384.972911] (-) TimerEvent: {}
[385.107303] (-) TimerEvent: {}
[385.215270] (-) TimerEvent: {}
[385.319309] (-) TimerEvent: {}
[385.424582] (-) TimerEvent: {}
[385.546819] (-) TimerEvent: {}
[385.663415] (-) TimerEvent: {}
[385.766378] (-) TimerEvent: {}
[385.882202] (-) TimerEvent: {}
[386.000205] (-) TimerEvent: {}
[386.131100] (-) TimerEvent: {}
[386.234489] (-) TimerEvent: {}
[386.347877] (-) TimerEvent: {}
[386.461180] (-) TimerEvent: {}
[386.565892] (-) TimerEvent: {}
[386.678573] (-) TimerEvent: {}
[386.786085] (-) TimerEvent: {}
[386.892044] (-) TimerEvent: {}
[387.004665] (-) TimerEvent: {}
[387.108263] (-) TimerEvent: {}
[387.215006] (-) TimerEvent: {}
[387.329373] (-) TimerEvent: {}
[387.432328] (-) TimerEvent: {}
[387.544751] (-) TimerEvent: {}
[387.655285] (-) TimerEvent: {}
[387.778690] (-) TimerEvent: {}
[387.880735] (-) TimerEvent: {}
[387.999222] (-) TimerEvent: {}
[388.111475] (-) TimerEvent: {}
[388.228055] (-) TimerEvent: {}
[388.351012] (-) TimerEvent: {}
[388.467539] (-) TimerEvent: {}
[388.570478] (-) TimerEvent: {}
[388.686441] (-) TimerEvent: {}
[388.800451] (-) TimerEvent: {}
[388.905762] (-) TimerEvent: {}
[389.011459] (-) TimerEvent: {}
[389.118137] (-) TimerEvent: {}
[389.251915] (-) TimerEvent: {}
[389.361240] (-) TimerEvent: {}
[389.464382] (-) TimerEvent: {}
[389.568947] (-) TimerEvent: {}
[389.671351] (-) TimerEvent: {}
[389.777499] (-) TimerEvent: {}
[389.891040] (-) TimerEvent: {}
[389.994550] (-) TimerEvent: {}
[390.100023] (-) TimerEvent: {}
[390.203061] (-) TimerEvent: {}
[390.309355] (-) TimerEvent: {}
[390.411809] (-) TimerEvent: {}
[390.537808] (-) TimerEvent: {}
[390.672177] (-) TimerEvent: {}
[390.785523] (-) TimerEvent: {}
[390.887872] (-) TimerEvent: {}
[390.990544] (-) TimerEvent: {}
[391.101012] (-) TimerEvent: {}
[391.212415] (-) TimerEvent: {}
[391.327741] (-) TimerEvent: {}
[391.430971] (-) TimerEvent: {}
[391.539123] (-) TimerEvent: {}
[391.643389] (-) TimerEvent: {}
[391.752674] (-) TimerEvent: {}
[391.862840] (-) TimerEvent: {}
[391.986568] (-) TimerEvent: {}
[392.096269] (-) TimerEvent: {}
[392.206597] (-) TimerEvent: {}
[392.320121] (-) TimerEvent: {}
[392.431056] (-) TimerEvent: {}
[392.534984] (-) TimerEvent: {}
[392.643569] (-) TimerEvent: {}
[392.749488] (-) TimerEvent: {}
[392.866922] (-) TimerEvent: {}
[392.969563] (-) TimerEvent: {}
[393.082630] (-) TimerEvent: {}
[393.187067] (-) TimerEvent: {}
[393.320693] (-) TimerEvent: {}
[393.423093] (-) TimerEvent: {}
[393.524408] (-) TimerEvent: {}
[393.627070] (-) TimerEvent: {}
[393.730153] (-) TimerEvent: {}
[393.833652] (-) TimerEvent: {}
[393.941232] (-) TimerEvent: {}
[394.043035] (-) TimerEvent: {}
[394.148909] (-) TimerEvent: {}
[394.251358] (-) TimerEvent: {}
[394.357524] (-) TimerEvent: {}
[394.464885] (-) TimerEvent: {}
[394.586238] (-) TimerEvent: {}
[394.688253] (-) TimerEvent: {}
[394.797463] (-) TimerEvent: {}
[394.900971] (-) TimerEvent: {}
[395.009963] (-) TimerEvent: {}
[395.112470] (-) TimerEvent: {}
[395.217821] (-) TimerEvent: {}
[395.320096] (-) TimerEvent: {}
[395.423697] (-) TimerEvent: {}
[395.529340] (-) TimerEvent: {}
[395.636363] (-) TimerEvent: {}
[395.740123] (-) TimerEvent: {}
[395.842280] (-) TimerEvent: {}
[395.953421] (-) TimerEvent: {}
[396.063143] (-) TimerEvent: {}
[396.177397] (-) TimerEvent: {}
[396.278980] (-) TimerEvent: {}
[396.384421] (-) TimerEvent: {}
[396.487323] (-) TimerEvent: {}
[396.592909] (-) TimerEvent: {}
[396.698240] (-) TimerEvent: {}
[396.805347] (-) TimerEvent: {}
[396.908945] (-) TimerEvent: {}
[397.019858] (-) TimerEvent: {}
[397.121522] (-) TimerEvent: {}
[397.227639] (-) TimerEvent: {}
[397.336590] (-) TimerEvent: {}
[397.442588] (-) TimerEvent: {}
[397.550125] (-) TimerEvent: {}
[397.659086] (-) TimerEvent: {}
[397.775030] (-) TimerEvent: {}
[397.885697] (-) TimerEvent: {}
[397.987608] (-) TimerEvent: {}
[398.089965] (-) TimerEvent: {}
[398.192685] (-) TimerEvent: {}
[398.301254] (-) TimerEvent: {}
[398.405837] (-) TimerEvent: {}
[398.512808] (-) TimerEvent: {}
[398.616549] (-) TimerEvent: {}
[398.721211] (-) TimerEvent: {}
[398.824336] (-) TimerEvent: {}
[398.931064] (-) TimerEvent: {}
[399.051472] (-) TimerEvent: {}
[399.153335] (-) TimerEvent: {}
[399.256839] (-) TimerEvent: {}
[399.360549] (-) TimerEvent: {}
[399.466059] (-) TimerEvent: {}
[399.575800] (-) TimerEvent: {}
[399.684875] (-) TimerEvent: {}
[399.793767] (-) TimerEvent: {}
[399.910270] (-) TimerEvent: {}
[400.015441] (-) TimerEvent: {}
[400.121844] (-) TimerEvent: {}
[400.229248] (-) TimerEvent: {}
[400.334870] (-) TimerEvent: {}
[400.441458] (-) TimerEvent: {}
[400.544915] (-) TimerEvent: {}
[400.657520] (-) TimerEvent: {}
[400.771580] (-) TimerEvent: {}
[400.904264] (-) TimerEvent: {}
[401.011768] (gps_mavros) StdoutLine: {'line': b'running egg_info\n'}
[401.032570] (-) TimerEvent: {}
[401.137948] (-) TimerEvent: {}
[401.250307] (-) TimerEvent: {}
[401.394730] (-) TimerEvent: {}
[401.522688] (-) TimerEvent: {}
[401.667762] (gps_mavros) StdoutLine: {'line': b'writing gps_mavros.egg-info/PKG-INFO\n'}
[401.711534] (-) TimerEvent: {}
[401.841192] (-) TimerEvent: {}
[401.947939] (-) TimerEvent: {}
[402.080040] (-) TimerEvent: {}
[402.170521] (gps_mavros) StdoutLine: {'line': b'writing dependency_links to gps_mavros.egg-info/dependency_links.txt\n'}
[402.205185] (-) TimerEvent: {}
[402.306633] (gps_mavros) StdoutLine: {'line': b'writing top-level names to gps_mavros.egg-info/top_level.txt\n'}
[402.337722] (-) TimerEvent: {}
[402.444971] (-) TimerEvent: {}
[402.562724] (-) TimerEvent: {}
[402.670165] (-) TimerEvent: {}
[402.779574] (-) TimerEvent: {}
[402.881877] (-) TimerEvent: {}
[402.985390] (-) TimerEvent: {}
[403.094255] (-) TimerEvent: {}
[403.196238] (-) TimerEvent: {}
[403.301568] (-) TimerEvent: {}
[403.408167] (-) TimerEvent: {}
[403.512802] (-) TimerEvent: {}
[403.628198] (-) TimerEvent: {}
[403.750272] (-) TimerEvent: {}
[403.861053] (-) TimerEvent: {}
[403.969220] (-) TimerEvent: {}
[404.065151] (gps_mavros) StdoutLine: {'line': b"reading manifest file 'gps_mavros.egg-info/SOURCES.txt'\n"}
[404.087548] (-) TimerEvent: {}
[404.197457] (-) TimerEvent: {}
[404.302903] (-) TimerEvent: {}
[404.410969] (-) TimerEvent: {}
[404.516019] (-) TimerEvent: {}
[404.520507] (gps_mavros) StdoutLine: {'line': b"writing manifest file 'gps_mavros.egg-info/SOURCES.txt'\n"}
[404.618311] (-) TimerEvent: {}
[404.721604] (-) TimerEvent: {}
[404.823481] (-) TimerEvent: {}
[404.925440] (-) TimerEvent: {}
[405.038366] (-) TimerEvent: {}
[405.151843] (-) TimerEvent: {}
[405.255328] (-) TimerEvent: {}
[405.362217] (-) TimerEvent: {}
[405.468710] (-) TimerEvent: {}
[405.588589] (-) TimerEvent: {}
[405.699126] (-) TimerEvent: {}
[405.807176] (-) TimerEvent: {}
[405.915535] (-) TimerEvent: {}
[406.020477] (-) TimerEvent: {}
[406.130074] (-) TimerEvent: {}
[406.234299] (-) TimerEvent: {}
[406.351073] (-) TimerEvent: {}
[406.468212] (-) TimerEvent: {}
[406.582847] (-) TimerEvent: {}
[406.694961] (-) TimerEvent: {}
[406.770598] (gps_mavros) StdoutLine: {'line': b'[ 12%] Built target ament_cmake_python_build_gps_mavros_egg\n'}
[406.795923] (-) TimerEvent: {}
[406.899032] (-) TimerEvent: {}
[407.001126] (-) TimerEvent: {}
[407.102492] (-) TimerEvent: {}
[407.204393] (-) TimerEvent: {}
[407.306071] (-) TimerEvent: {}
[407.418797] (-) TimerEvent: {}
[407.520696] (-) TimerEvent: {}
[407.624335] (-) TimerEvent: {}
[407.734821] (-) TimerEvent: {}
[407.842322] (-) TimerEvent: {}
[407.954067] (-) TimerEvent: {}
[408.056087] (-) TimerEvent: {}
[408.159106] (-) TimerEvent: {}
[408.270873] (-) TimerEvent: {}
[408.372282] (-) TimerEvent: {}
[408.485803] (-) TimerEvent: {}
[408.618640] (-) TimerEvent: {}
[408.737084] (-) TimerEvent: {}
[408.851105] (-) TimerEvent: {}
[408.964221] (-) TimerEvent: {}
[409.071682] (-) TimerEvent: {}
[409.177413] (-) TimerEvent: {}
[409.282625] (-) TimerEvent: {}
[409.384611] (-) TimerEvent: {}
[409.491084] (-) TimerEvent: {}
[409.596027] (-) TimerEvent: {}
[409.697933] (-) TimerEvent: {}
[409.800367] (-) TimerEvent: {}
[409.901705] (-) TimerEvent: {}
[410.010905] (-) TimerEvent: {}
[410.119477] (-) TimerEvent: {}
[410.227927] (-) TimerEvent: {}
[410.329342] (-) TimerEvent: {}
[410.438561] (-) TimerEvent: {}
[410.531272] (gps_mavros) StdoutLine: {'line': b'\x1b[35m\x1b[1mConsolidate compiler generated dependencies of target gps_mavros__rosidl_typesupport_introspection_cpp\x1b[0m\n'}
[410.538813] (-) TimerEvent: {}
[410.642555] (-) TimerEvent: {}
[410.755632] (-) TimerEvent: {}
[410.858868] (-) TimerEvent: {}
[410.966204] (-) TimerEvent: {}
[411.072786] (-) TimerEvent: {}
[411.174620] (-) TimerEvent: {}
[411.285714] (-) TimerEvent: {}
[411.414751] (-) TimerEvent: {}
[411.533551] (-) TimerEvent: {}
[411.663422] (-) TimerEvent: {}
[411.775284] (-) TimerEvent: {}
[411.883280] (-) TimerEvent: {}
[411.991506] (-) TimerEvent: {}
[412.097829] (-) TimerEvent: {}
[412.212848] (-) TimerEvent: {}
[412.323311] (-) TimerEvent: {}
[412.424400] (-) TimerEvent: {}
[412.527115] (-) TimerEvent: {}
[412.642944] (-) TimerEvent: {}
[412.758800] (-) TimerEvent: {}
[412.867453] (-) TimerEvent: {}
[412.979627] (-) TimerEvent: {}
[413.087644] (-) TimerEvent: {}
[413.190707] (-) TimerEvent: {}
[413.306507] (-) TimerEvent: {}
[413.414869] (-) TimerEvent: {}
[413.518158] (-) TimerEvent: {}
[413.620484] (-) TimerEvent: {}
[413.725000] (-) TimerEvent: {}
[413.828490] (-) TimerEvent: {}
[413.941559] (-) TimerEvent: {}
[414.045100] (-) TimerEvent: {}
[414.154866] (-) TimerEvent: {}
[414.267507] (-) TimerEvent: {}
[414.376164] (-) TimerEvent: {}
[414.494247] (-) TimerEvent: {}
[414.605576] (-) TimerEvent: {}
[414.717890] (-) TimerEvent: {}
[414.830809] (-) TimerEvent: {}
[414.938538] (-) TimerEvent: {}
[415.052952] (-) TimerEvent: {}
[415.157174] (-) TimerEvent: {}
[415.266512] (-) TimerEvent: {}
[415.373877] (-) TimerEvent: {}
[415.477063] (-) TimerEvent: {}
[415.583910] (-) TimerEvent: {}
[415.686573] (-) TimerEvent: {}
[415.792794] (-) TimerEvent: {}
[415.901639] (-) TimerEvent: {}
[416.005275] (-) TimerEvent: {}
[416.111613] (-) TimerEvent: {}
[416.212871] (-) TimerEvent: {}
[416.316108] (-) TimerEvent: {}
[416.419426] (-) TimerEvent: {}
[416.529674] (-) TimerEvent: {}
[416.634608] (-) TimerEvent: {}
[416.737790] (-) TimerEvent: {}
[416.842683] (-) TimerEvent: {}
[416.964818] (-) TimerEvent: {}
[416.966511] (gps_mavros) StdoutLine: {'line': b'[ 22%] Built target gps_mavros__rosidl_typesupport_introspection_cpp\n'}
[417.065205] (-) TimerEvent: {}
[417.167874] (-) TimerEvent: {}
[417.272035] (-) TimerEvent: {}
[417.376499] (-) TimerEvent: {}
[417.481739] (-) TimerEvent: {}
[417.585804] (-) TimerEvent: {}
[417.704564] (-) TimerEvent: {}
[417.806950] (-) TimerEvent: {}
[417.910263] (-) TimerEvent: {}
[418.016579] (-) TimerEvent: {}
[418.132223] (-) TimerEvent: {}
[418.248144] (-) TimerEvent: {}
[418.349480] (-) TimerEvent: {}
[418.456882] (-) TimerEvent: {}
[418.562591] (-) TimerEvent: {}
[418.673726] (-) TimerEvent: {}
[418.790759] (-) TimerEvent: {}
[418.893501] (-) TimerEvent: {}
[418.995428] (-) TimerEvent: {}
[419.104452] (-) TimerEvent: {}
[419.211479] (-) TimerEvent: {}
[419.316802] (-) TimerEvent: {}
[419.417987] (-) TimerEvent: {}
[419.524273] (-) TimerEvent: {}
[419.629326] (-) TimerEvent: {}
[419.649526] (gps_mavros) StdoutLine: {'line': b'\x1b[35m\x1b[1mConsolidate compiler generated dependencies of target gps_mavros__rosidl_typesupport_fastrtps_cpp\x1b[0m\n'}
[419.729455] (-) TimerEvent: {}
[419.835437] (-) TimerEvent: {}
[419.952138] (-) TimerEvent: {}
[420.057500] (-) TimerEvent: {}
[420.159632] (-) TimerEvent: {}
[420.261608] (-) TimerEvent: {}
[420.364666] (-) TimerEvent: {}
[420.469706] (-) TimerEvent: {}
[420.571037] (-) TimerEvent: {}
[420.672354] (-) TimerEvent: {}
[420.776947] (-) TimerEvent: {}
[420.879235] (-) TimerEvent: {}
[420.986848] (-) TimerEvent: {}
[421.090077] (-) TimerEvent: {}
[421.193898] (-) TimerEvent: {}
[421.305424] (-) TimerEvent: {}
[421.412070] (-) TimerEvent: {}
[421.531126] (-) TimerEvent: {}
[421.651028] (-) TimerEvent: {}
[421.767607] (-) TimerEvent: {}
[421.875000] (-) TimerEvent: {}
[421.977535] (-) TimerEvent: {}
[422.090947] (-) TimerEvent: {}
[422.206024] (-) TimerEvent: {}
[422.320772] (-) TimerEvent: {}
[422.435034] (-) TimerEvent: {}
[422.538946] (-) TimerEvent: {}
[422.641431] (-) TimerEvent: {}
[422.748558] (-) TimerEvent: {}
[422.850660] (-) TimerEvent: {}
[422.963330] (-) TimerEvent: {}
[423.067734] (-) TimerEvent: {}
[423.171359] (-) TimerEvent: {}
[423.273572] (-) TimerEvent: {}
[423.376592] (-) TimerEvent: {}
[423.480857] (-) TimerEvent: {}
[423.584246] (-) TimerEvent: {}
[423.692260] (-) TimerEvent: {}
[423.806085] (-) TimerEvent: {}
[423.924732] (-) TimerEvent: {}
[424.042814] (-) TimerEvent: {}
[424.161020] (-) TimerEvent: {}
[424.266652] (-) TimerEvent: {}
[424.371985] (-) TimerEvent: {}
[424.473752] (-) TimerEvent: {}
[424.575106] (-) TimerEvent: {}
[424.705863] (-) TimerEvent: {}
[424.822834] (-) TimerEvent: {}
[424.926341] (-) TimerEvent: {}
[425.042882] (-) TimerEvent: {}
[425.160486] (-) TimerEvent: {}
[425.264784] (-) TimerEvent: {}
[425.370602] (-) TimerEvent: {}
[425.474833] (-) TimerEvent: {}
[425.581514] (-) TimerEvent: {}
[425.693390] (-) TimerEvent: {}
[425.796396] (-) TimerEvent: {}
[425.922933] (-) TimerEvent: {}
[426.027572] (-) TimerEvent: {}
[426.143966] (-) TimerEvent: {}
[426.262623] (-) TimerEvent: {}
[426.368444] (-) TimerEvent: {}
[426.496381] (-) TimerEvent: {}
[426.606253] (-) TimerEvent: {}
[426.701475] (gps_mavros) StdoutLine: {'line': b'[ 32%] Built target gps_mavros__rosidl_typesupport_fastrtps_cpp\n'}
[426.706466] (-) TimerEvent: {}
[426.822660] (-) TimerEvent: {}
[426.935165] (-) TimerEvent: {}
[427.037675] (-) TimerEvent: {}
[427.143713] (-) TimerEvent: {}
[427.274025] (-) TimerEvent: {}
[427.379493] (-) TimerEvent: {}
[427.481897] (-) TimerEvent: {}
[427.587616] (-) TimerEvent: {}
[427.695087] (-) TimerEvent: {}
[427.811682] (-) TimerEvent: {}
[427.916801] (-) TimerEvent: {}
[428.019800] (-) TimerEvent: {}
[428.122339] (-) TimerEvent: {}
[428.235083] (-) TimerEvent: {}
[428.358611] (-) TimerEvent: {}
[428.492919] (-) TimerEvent: {}
[428.600557] (-) TimerEvent: {}
[428.705380] (-) TimerEvent: {}
[428.826555] (-) TimerEvent: {}
[428.928855] (-) TimerEvent: {}
[429.033940] (-) TimerEvent: {}
[429.149147] (-) TimerEvent: {}
[429.251148] (-) TimerEvent: {}
[429.359191] (-) TimerEvent: {}
[429.466234] (-) TimerEvent: {}
[429.571926] (-) TimerEvent: {}
[429.689588] (-) TimerEvent: {}
[429.791453] (-) TimerEvent: {}
[429.895539] (-) TimerEvent: {}
[429.999343] (-) TimerEvent: {}
[430.122343] (-) TimerEvent: {}
[430.223486] (-) TimerEvent: {}
[430.324870] (-) TimerEvent: {}
[430.426100] (-) TimerEvent: {}
[430.530467] (-) TimerEvent: {}
[430.643140] (-) TimerEvent: {}
[430.670891] (gps_mavros) StdoutLine: {'line': b'\x1b[35m\x1b[1mConsolidate compiler generated dependencies of target gps_mavros__rosidl_generator_c\x1b[0m\n'}
[430.744100] (-) TimerEvent: {}
[430.846015] (-) TimerEvent: {}
[430.956512] (-) TimerEvent: {}
[431.062361] (-) TimerEvent: {}
[431.164908] (-) TimerEvent: {}
[431.269645] (-) TimerEvent: {}
[431.373494] (-) TimerEvent: {}
[431.482284] (-) TimerEvent: {}
[431.644134] (-) TimerEvent: {}
[431.748830] (-) TimerEvent: {}
[431.865597] (-) TimerEvent: {}
[431.977207] (-) TimerEvent: {}
[432.116357] (-) TimerEvent: {}
[432.222889] (-) TimerEvent: {}
[432.360473] (-) TimerEvent: {}
[432.489842] (-) TimerEvent: {}
[432.601761] (-) TimerEvent: {}
[432.707201] (-) TimerEvent: {}
[432.822183] (-) TimerEvent: {}
[432.926491] (-) TimerEvent: {}
[433.030020] (-) TimerEvent: {}
[433.134091] (-) TimerEvent: {}
[433.238781] (-) TimerEvent: {}
[433.340918] (-) TimerEvent: {}
[433.445427] (-) TimerEvent: {}
[433.547333] (-) TimerEvent: {}
[433.654494] (-) TimerEvent: {}
[433.765631] (-) TimerEvent: {}
[433.875299] (-) TimerEvent: {}
[433.982730] (-) TimerEvent: {}
[434.084049] (-) TimerEvent: {}
[434.192111] (-) TimerEvent: {}
[434.300697] (-) TimerEvent: {}
[434.405576] (-) TimerEvent: {}
[434.510577] (-) TimerEvent: {}
[434.612730] (-) TimerEvent: {}
[434.726372] (-) TimerEvent: {}
[434.833846] (-) TimerEvent: {}
[434.947366] (-) TimerEvent: {}
[435.049916] (-) TimerEvent: {}
[435.155903] (-) TimerEvent: {}
[435.258137] (-) TimerEvent: {}
[435.363840] (-) TimerEvent: {}
[435.467615] (-) TimerEvent: {}
[435.574473] (-) TimerEvent: {}
[435.680493] (-) TimerEvent: {}
[435.781568] (-) TimerEvent: {}
[435.884482] (-) TimerEvent: {}
[435.983408] (gps_mavros) StdoutLine: {'line': b'[ 41%] Built target gps_mavros__rosidl_generator_c\n'}
[435.998692] (-) TimerEvent: {}
[436.109564] (-) TimerEvent: {}
[436.219986] (-) TimerEvent: {}
[436.334507] (-) TimerEvent: {}
[436.442538] (-) TimerEvent: {}
[436.551870] (-) TimerEvent: {}
[436.658078] (-) TimerEvent: {}
[436.776002] (-) TimerEvent: {}
[436.881944] (-) TimerEvent: {}
[436.996311] (-) TimerEvent: {}
[437.119533] (-) TimerEvent: {}
[437.240089] (-) TimerEvent: {}
[437.343504] (-) TimerEvent: {}
[437.458525] (-) TimerEvent: {}
[437.566014] (-) TimerEvent: {}
[437.669727] (-) TimerEvent: {}
[437.773698] (-) TimerEvent: {}
[437.884875] (-) TimerEvent: {}
[437.989329] (-) TimerEvent: {}
[438.090686] (-) TimerEvent: {}
[438.195127] (-) TimerEvent: {}
[438.297718] (-) TimerEvent: {}
[438.405654] (-) TimerEvent: {}
[438.507597] (-) TimerEvent: {}
[438.612408] (-) TimerEvent: {}
[438.716840] (-) TimerEvent: {}
[438.824011] (-) TimerEvent: {}
[438.932237] (-) TimerEvent: {}
[439.035966] (-) TimerEvent: {}
[439.142515] (-) TimerEvent: {}
[439.251981] (-) TimerEvent: {}
[439.355768] (-) TimerEvent: {}
[439.425678] (gps_mavros) StdoutLine: {'line': b'\x1b[35m\x1b[1mConsolidate compiler generated dependencies of target gps_mavros__rosidl_typesupport_fastrtps_c\x1b[0m\n'}
[439.455971] (-) TimerEvent: {}
[439.563108] (-) TimerEvent: {}
[439.667662] (-) TimerEvent: {}
[439.768894] (-) TimerEvent: {}
[439.872477] (-) TimerEvent: {}
[439.975761] (-) TimerEvent: {}
[440.078002] (-) TimerEvent: {}
[440.179503] (-) TimerEvent: {}
[440.281625] (-) TimerEvent: {}
[440.384646] (-) TimerEvent: {}
[440.495220] (-) TimerEvent: {}
[440.599476] (-) TimerEvent: {}
[440.701046] (-) TimerEvent: {}
[440.803346] (-) TimerEvent: {}
[440.909137] (-) TimerEvent: {}
[441.017997] (-) TimerEvent: {}
[441.134188] (-) TimerEvent: {}
[441.243005] (-) TimerEvent: {}
[441.374526] (-) TimerEvent: {}
[441.480717] (-) TimerEvent: {}
[441.596307] (-) TimerEvent: {}
[441.717410] (-) TimerEvent: {}
[441.852277] (-) TimerEvent: {}
[441.963798] (-) TimerEvent: {}
[442.069251] (-) TimerEvent: {}
[442.174183] (-) TimerEvent: {}
[442.276942] (-) TimerEvent: {}
[442.380515] (-) TimerEvent: {}
[442.492910] (-) TimerEvent: {}
[442.608384] (-) TimerEvent: {}
[442.710254] (-) TimerEvent: {}
[442.812333] (-) TimerEvent: {}
[442.914761] (-) TimerEvent: {}
[443.019936] (-) TimerEvent: {}
[443.127057] (-) TimerEvent: {}
[443.230921] (-) TimerEvent: {}
[443.337811] (-) TimerEvent: {}
[443.441563] (-) TimerEvent: {}
[443.548068] (-) TimerEvent: {}
[443.667715] (-) TimerEvent: {}
[443.784719] (-) TimerEvent: {}
[443.894845] (-) TimerEvent: {}
[444.014061] (-) TimerEvent: {}
[444.116972] (-) TimerEvent: {}
[444.230750] (-) TimerEvent: {}
[444.359562] (-) TimerEvent: {}
[444.468371] (-) TimerEvent: {}
[444.573074] (-) TimerEvent: {}
[444.679196] (-) TimerEvent: {}
[444.792361] (-) TimerEvent: {}
[444.896240] (-) TimerEvent: {}
[445.035733] (-) TimerEvent: {}
[445.155962] (-) TimerEvent: {}
[445.257366] (-) TimerEvent: {}
[445.359866] (-) TimerEvent: {}
[445.439083] (gps_mavros) StdoutLine: {'line': b'[ 51%] Built target gps_mavros__rosidl_typesupport_fastrtps_c\n'}
[445.487379] (-) TimerEvent: {}
[445.602531] (-) TimerEvent: {}
[445.704522] (-) TimerEvent: {}
[445.808227] (-) TimerEvent: {}
[445.916069] (-) TimerEvent: {}
[446.021565] (-) TimerEvent: {}
[446.126086] (-) TimerEvent: {}
[446.238186] (-) TimerEvent: {}
[446.349829] (-) TimerEvent: {}
[446.453161] (-) TimerEvent: {}
[446.560338] (-) TimerEvent: {}
[446.663322] (-) TimerEvent: {}
[446.768516] (-) TimerEvent: {}
[446.876551] (-) TimerEvent: {}
[446.983398] (-) TimerEvent: {}
[447.093409] (-) TimerEvent: {}
[447.206713] (-) TimerEvent: {}
[447.312898] (-) TimerEvent: {}
[447.428098] (-) TimerEvent: {}
[447.539522] (-) TimerEvent: {}
[447.643819] (-) TimerEvent: {}
[447.754198] (-) TimerEvent: {}
[447.861193] (-) TimerEvent: {}
[447.968177] (-) TimerEvent: {}
[448.073152] (-) TimerEvent: {}
[448.178367] (-) TimerEvent: {}
[448.284028] (-) TimerEvent: {}
[448.399391] (-) TimerEvent: {}
[448.525897] (-) TimerEvent: {}
[448.652078] (-) TimerEvent: {}
[448.771382] (-) TimerEvent: {}
[448.877463] (-) TimerEvent: {}
[448.979716] (-) TimerEvent: {}
[449.087199] (-) TimerEvent: {}
[449.192834] (-) TimerEvent: {}
[449.299337] (-) TimerEvent: {}
[449.402649] (-) TimerEvent: {}
[449.517469] (-) TimerEvent: {}
[449.624345] (-) TimerEvent: {}
[449.732148] (-) TimerEvent: {}
[449.838065] (-) TimerEvent: {}
[449.949719] (-) TimerEvent: {}
[450.059177] (-) TimerEvent: {}
[450.093342] (gps_mavros) StdoutLine: {'line': b'\x1b[35m\x1b[1mConsolidate compiler generated dependencies of target gps_mavros__rosidl_typesupport_c\x1b[0m\n'}
[450.161024] (-) TimerEvent: {}
[450.287678] (-) TimerEvent: {}
[450.397203] (-) TimerEvent: {}
[450.505441] (-) TimerEvent: {}
[450.628439] (-) TimerEvent: {}
[450.749782] (-) TimerEvent: {}
[450.876410] (-) TimerEvent: {}
[450.995772] (-) TimerEvent: {}
[451.101097] (-) TimerEvent: {}
[451.204458] (-) TimerEvent: {}
[451.316830] (-) TimerEvent: {}
[451.469275] (-) TimerEvent: {}
[451.580644] (-) TimerEvent: {}
[451.708656] (-) TimerEvent: {}
[451.818269] (-) TimerEvent: {}
[451.937073] (-) TimerEvent: {}
[452.051051] (-) TimerEvent: {}
[452.167943] (-) TimerEvent: {}
[452.281020] (-) TimerEvent: {}
[452.391239] (-) TimerEvent: {}
[452.495621] (-) TimerEvent: {}
[452.598646] (-) TimerEvent: {}
[452.705390] (-) TimerEvent: {}
[452.814335] (-) TimerEvent: {}
[452.919405] (-) TimerEvent: {}
[453.023472] (-) TimerEvent: {}
[453.132423] (-) TimerEvent: {}
[453.241800] (-) TimerEvent: {}
[453.345131] (-) TimerEvent: {}
[453.457431] (-) TimerEvent: {}
[453.560284] (-) TimerEvent: {}
[453.668723] (-) TimerEvent: {}
[453.772631] (-) TimerEvent: {}
[453.882215] (-) TimerEvent: {}
[453.985024] (-) TimerEvent: {}
[454.087386] (-) TimerEvent: {}
[454.192612] (-) TimerEvent: {}
[454.297423] (-) TimerEvent: {}
[454.400907] (-) TimerEvent: {}
[454.502347] (-) TimerEvent: {}
[454.573347] (gps_mavros) StdoutLine: {'line': b'[ 61%] Built target gps_mavros__rosidl_typesupport_c\n'}
[454.606503] (-) TimerEvent: {}
[454.713673] (-) TimerEvent: {}
[454.814963] (-) TimerEvent: {}
[454.916338] (-) TimerEvent: {}
[455.032353] (-) TimerEvent: {}
[455.143675] (-) TimerEvent: {}
[455.251419] (-) TimerEvent: {}
[455.366120] (-) TimerEvent: {}
[455.468940] (-) TimerEvent: {}
[455.570684] (-) TimerEvent: {}
[455.676753] (-) TimerEvent: {}
[455.786966] (-) TimerEvent: {}
[455.899015] (-) TimerEvent: {}
[456.004261] (-) TimerEvent: {}
[456.114781] (-) TimerEvent: {}
[456.218101] (-) TimerEvent: {}
[456.330129] (-) TimerEvent: {}
[456.447389] (-) TimerEvent: {}
[456.552782] (-) TimerEvent: {}
[456.666679] (-) TimerEvent: {}
[456.779794] (-) TimerEvent: {}
[456.891754] (-) TimerEvent: {}
[456.997555] (-) TimerEvent: {}
[457.121683] (-) TimerEvent: {}
[457.226747] (-) TimerEvent: {}
[457.330321] (-) TimerEvent: {}
[457.441684] (-) TimerEvent: {}
[457.550374] (-) TimerEvent: {}
[457.655001] (-) TimerEvent: {}
[457.762763] (-) TimerEvent: {}
[457.872983] (-) TimerEvent: {}
[457.878097] (gps_mavros) StdoutLine: {'line': b'\x1b[35m\x1b[1mConsolidate compiler generated dependencies of target gps_mavros__rosidl_typesupport_introspection_c\x1b[0m\n'}
[457.973391] (-) TimerEvent: {}
[458.077061] (-) TimerEvent: {}
[458.192397] (-) TimerEvent: {}
[458.318928] (-) TimerEvent: {}
[458.435373] (-) TimerEvent: {}
[458.595073] (-) TimerEvent: {}
[458.718212] (-) TimerEvent: {}
[458.838776] (-) TimerEvent: {}
[458.955178] (-) TimerEvent: {}
[459.070078] (-) TimerEvent: {}
[459.213602] (-) TimerEvent: {}
[459.325704] (-) TimerEvent: {}
[459.431171] (-) TimerEvent: {}
[459.541764] (-) TimerEvent: {}
[459.659043] (-) TimerEvent: {}
[459.778666] (-) TimerEvent: {}
[459.888864] (-) TimerEvent: {}
[460.000108] (-) TimerEvent: {}
[460.114500] (-) TimerEvent: {}
[460.217413] (-) TimerEvent: {}
[460.320846] (-) TimerEvent: {}
[460.427868] (-) TimerEvent: {}
[460.530017] (-) TimerEvent: {}
[460.639682] (-) TimerEvent: {}
[460.743030] (-) TimerEvent: {}
[460.844854] (-) TimerEvent: {}
[460.957629] (-) TimerEvent: {}
[461.060798] (-) TimerEvent: {}
[461.171132] (-) TimerEvent: {}
[461.283409] (-) TimerEvent: {}
[461.401902] (-) TimerEvent: {}
[461.528245] (-) TimerEvent: {}
[461.634237] (-) TimerEvent: {}
[461.742523] (-) TimerEvent: {}
[461.860518] (-) TimerEvent: {}
[461.974528] (-) TimerEvent: {}
[462.115795] (-) TimerEvent: {}
[462.250532] (-) TimerEvent: {}
[462.361970] (-) TimerEvent: {}
[462.476025] (-) TimerEvent: {}
[462.591912] (-) TimerEvent: {}
[462.696309] (-) TimerEvent: {}
[462.806214] (-) TimerEvent: {}
[462.910101] (-) TimerEvent: {}
[463.023216] (-) TimerEvent: {}
[463.133874] (-) TimerEvent: {}
[463.241612] (-) TimerEvent: {}
[463.358108] (-) TimerEvent: {}
[463.472158] (-) TimerEvent: {}
[463.604585] (-) TimerEvent: {}
[463.745381] (-) TimerEvent: {}
[463.863785] (-) TimerEvent: {}
[463.985805] (-) TimerEvent: {}
[464.092162] (-) TimerEvent: {}
[464.204245] (-) TimerEvent: {}
[464.313945] (-) TimerEvent: {}
[464.419008] (-) TimerEvent: {}
[464.525942] (-) TimerEvent: {}
[464.629915] (-) TimerEvent: {}
[464.732090] (-) TimerEvent: {}
[464.837310] (-) TimerEvent: {}
[464.940586] (-) TimerEvent: {}
[465.047024] (-) TimerEvent: {}
[465.058743] (gps_mavros) StdoutLine: {'line': b'[ 70%] Built target gps_mavros__rosidl_typesupport_introspection_c\n'}
[465.148616] (-) TimerEvent: {}
[465.251408] (-) TimerEvent: {}
[465.359494] (-) TimerEvent: {}
[465.464877] (-) TimerEvent: {}
[465.568078] (-) TimerEvent: {}
[465.670657] (-) TimerEvent: {}
[465.776710] (-) TimerEvent: {}
[465.884235] (-) TimerEvent: {}
[465.989053] (-) TimerEvent: {}
[466.096406] (-) TimerEvent: {}
[466.201368] (-) TimerEvent: {}
[466.311314] (-) TimerEvent: {}
[466.428014] (-) TimerEvent: {}
[466.531203] (-) TimerEvent: {}
[466.634826] (-) TimerEvent: {}
[466.737316] (-) TimerEvent: {}
[466.851567] (-) TimerEvent: {}
[466.953365] (-) TimerEvent: {}
[467.057781] (-) TimerEvent: {}
[467.166227] (-) TimerEvent: {}
[467.273251] (-) TimerEvent: {}
[467.386977] (-) TimerEvent: {}
[467.499957] (-) TimerEvent: {}
[467.612444] (-) TimerEvent: {}
[467.716525] (-) TimerEvent: {}
[467.820091] (-) TimerEvent: {}
[467.936997] (-) TimerEvent: {}
[468.040379] (-) TimerEvent: {}
[468.148061] (-) TimerEvent: {}
[468.268856] (-) TimerEvent: {}
[468.371693] (-) TimerEvent: {}
[468.499565] (-) TimerEvent: {}
[468.607812] (-) TimerEvent: {}
[468.729090] (-) TimerEvent: {}
[468.844563] (-) TimerEvent: {}
[468.953490] (-) TimerEvent: {}
[469.059710] (-) TimerEvent: {}
[469.199425] (-) TimerEvent: {}
[469.316536] (-) TimerEvent: {}
[469.421948] (-) TimerEvent: {}
[469.526608] (-) TimerEvent: {}
[469.632514] (-) TimerEvent: {}
[469.744036] (-) TimerEvent: {}
[469.845652] (-) TimerEvent: {}
[469.947463] (-) TimerEvent: {}
[470.049479] (-) TimerEvent: {}
[470.165086] (-) TimerEvent: {}
[470.274738] (-) TimerEvent: {}
[470.379974] (-) TimerEvent: {}
[470.485043] (-) TimerEvent: {}
[470.596792] (-) TimerEvent: {}
[470.699321] (-) TimerEvent: {}
[470.803384] (-) TimerEvent: {}
[470.905433] (-) TimerEvent: {}
[471.008644] (-) TimerEvent: {}
[471.113439] (-) TimerEvent: {}
[471.216619] (-) TimerEvent: {}
[471.333326] (-) TimerEvent: {}
[471.445713] (-) TimerEvent: {}
[471.553006] (-) TimerEvent: {}
[471.667730] (-) TimerEvent: {}
[471.791228] (-) TimerEvent: {}
[471.921442] (-) TimerEvent: {}
[472.027148] (-) TimerEvent: {}
[472.137048] (-) TimerEvent: {}
[472.249846] (-) TimerEvent: {}
[472.371343] (-) TimerEvent: {}
[472.463245] (gps_mavros) StdoutLine: {'line': b'[ 70%] Built target gps_mavros\n'}
[472.476103] (-) TimerEvent: {}
[472.580828] (-) TimerEvent: {}
[472.690193] (-) TimerEvent: {}
[472.797497] (-) TimerEvent: {}
[472.901380] (-) TimerEvent: {}
[473.006173] (-) TimerEvent: {}
[473.111230] (-) TimerEvent: {}
[473.213591] (-) TimerEvent: {}
[473.338363] (-) TimerEvent: {}
[473.455266] (-) TimerEvent: {}
[473.568264] (-) TimerEvent: {}
[473.672332] (-) TimerEvent: {}
[473.780731] (-) TimerEvent: {}
[473.885939] (-) TimerEvent: {}
[474.006298] (-) TimerEvent: {}
[474.128305] (-) TimerEvent: {}
[474.246082] (-) TimerEvent: {}
[474.361202] (-) TimerEvent: {}
[474.477559] (-) TimerEvent: {}
[474.586375] (-) TimerEvent: {}
[474.691367] (-) TimerEvent: {}
[474.834098] (-) TimerEvent: {}
[474.964475] (-) TimerEvent: {}
[475.079165] (-) TimerEvent: {}
[475.197149] (-) TimerEvent: {}
[475.313802] (-) TimerEvent: {}
[475.417918] (-) TimerEvent: {}
[475.526344] (-) TimerEvent: {}
[475.631221] (-) TimerEvent: {}
[475.745003] (-) TimerEvent: {}
[475.846592] (-) TimerEvent: {}
[475.952112] (-) TimerEvent: {}
[476.066654] (-) TimerEvent: {}
[476.172283] (-) TimerEvent: {}
[476.276115] (-) TimerEvent: {}
[476.381395] (-) TimerEvent: {}
[476.487884] (-) TimerEvent: {}
[476.594237] (-) TimerEvent: {}
[476.696019] (-) TimerEvent: {}
[476.810502] (-) TimerEvent: {}
[476.914197] (-) TimerEvent: {}
[477.016436] (-) TimerEvent: {}
[477.133644] (-) TimerEvent: {}
[477.270825] (-) TimerEvent: {}
[477.377013] (-) TimerEvent: {}
[477.480149] (-) TimerEvent: {}
[477.588035] (-) TimerEvent: {}
[477.697182] (-) TimerEvent: {}
[477.799766] (-) TimerEvent: {}
[477.902229] (-) TimerEvent: {}
[478.011100] (-) TimerEvent: {}
[478.114084] (-) TimerEvent: {}
[478.216761] (-) TimerEvent: {}
[478.321001] (-) TimerEvent: {}
[478.428920] (-) TimerEvent: {}
[478.533948] (-) TimerEvent: {}
[478.643789] (-) TimerEvent: {}
[478.749071] (-) TimerEvent: {}
[478.851676] (-) TimerEvent: {}
[478.962299] (-) TimerEvent: {}
[479.067594] (-) TimerEvent: {}
[479.170048] (-) TimerEvent: {}
[479.279455] (-) TimerEvent: {}
[479.382621] (-) TimerEvent: {}
[479.485971] (-) TimerEvent: {}
[479.589896] (-) TimerEvent: {}
[479.698508] (-) TimerEvent: {}
[479.803510] (-) TimerEvent: {}
[479.914660] (-) TimerEvent: {}
[480.025296] (-) TimerEvent: {}
[480.128550] (-) TimerEvent: {}
[480.231112] (-) TimerEvent: {}
[480.347846] (-) TimerEvent: {}
[480.362596] (gps_mavros) StdoutLine: {'line': b'[ 74%] Built target gps_mavros__py\n'}
[480.448457] (-) TimerEvent: {}
[480.566733] (-) TimerEvent: {}
[480.681834] (-) TimerEvent: {}
[480.796478] (-) TimerEvent: {}
[480.907443] (-) TimerEvent: {}
[481.011225] (-) TimerEvent: {}
[481.115643] (-) TimerEvent: {}
[481.219222] (-) TimerEvent: {}
[481.340217] (-) TimerEvent: {}
[481.444009] (-) TimerEvent: {}
[481.556541] (-) TimerEvent: {}
[481.680903] (-) TimerEvent: {}
[481.822076] (-) TimerEvent: {}
[481.965894] (-) TimerEvent: {}
[482.083327] (-) TimerEvent: {}
[482.196768] (-) TimerEvent: {}
[482.298663] (-) TimerEvent: {}
[482.400916] (-) TimerEvent: {}
[482.502601] (-) TimerEvent: {}
[482.604093] (-) TimerEvent: {}
[482.711950] (-) TimerEvent: {}
[482.828759] (-) TimerEvent: {}
[482.937916] (-) TimerEvent: {}
[483.042846] (-) TimerEvent: {}
[483.146439] (-) TimerEvent: {}
[483.256030] (-) TimerEvent: {}
[483.360262] (-) TimerEvent: {}
[483.462682] (-) TimerEvent: {}
[483.565205] (-) TimerEvent: {}
[483.668333] (-) TimerEvent: {}
[483.775408] (-) TimerEvent: {}
[483.885021] (-) TimerEvent: {}
[483.988384] (-) TimerEvent: {}
[484.100622] (-) TimerEvent: {}
[484.205660] (-) TimerEvent: {}
[484.312795] (-) TimerEvent: {}
[484.416814] (-) TimerEvent: {}
[484.523318] (-) TimerEvent: {}
[484.630610] (-) TimerEvent: {}
[484.732941] (-) TimerEvent: {}
[484.835967] (-) TimerEvent: {}
[484.854540] (gps_mavros) StdoutLine: {'line': b'\x1b[35m\x1b[1mConsolidate compiler generated dependencies of target gps_mavros__rosidl_generator_py\x1b[0m\n'}
[484.936195] (-) TimerEvent: {}
[485.042511] (-) TimerEvent: {}
[485.149369] (-) TimerEvent: {}
[485.253768] (-) TimerEvent: {}
[485.359535] (-) TimerEvent: {}
[485.466680] (-) TimerEvent: {}
[485.570864] (-) TimerEvent: {}
[485.673622] (-) TimerEvent: {}
[485.776015] (-) TimerEvent: {}
[485.882314] (-) TimerEvent: {}
[485.987847] (-) TimerEvent: {}
[486.092441] (-) TimerEvent: {}
[486.198928] (-) TimerEvent: {}
[486.302713] (-) TimerEvent: {}
[486.409212] (-) TimerEvent: {}
[486.519271] (-) TimerEvent: {}
[486.642185] (-) TimerEvent: {}
[486.748933] (-) TimerEvent: {}
[486.862182] (-) TimerEvent: {}
[486.965639] (-) TimerEvent: {}
[487.071319] (-) TimerEvent: {}
[487.177288] (-) TimerEvent: {}
[487.285283] (-) TimerEvent: {}
[487.387632] (-) TimerEvent: {}
[487.497557] (-) TimerEvent: {}
[487.610665] (-) TimerEvent: {}
[487.732503] (-) TimerEvent: {}
[487.835719] (-) TimerEvent: {}
[487.938823] (-) TimerEvent: {}
[488.063500] (-) TimerEvent: {}
[488.166543] (-) TimerEvent: {}
[488.276759] (-) TimerEvent: {}
[488.388872] (-) TimerEvent: {}
[488.494579] (-) TimerEvent: {}
[488.606568] (-) TimerEvent: {}
[488.714491] (-) TimerEvent: {}
[488.815606] (-) TimerEvent: {}
[488.917139] (-) TimerEvent: {}
[489.023137] (-) TimerEvent: {}
[489.127998] (-) TimerEvent: {}
[489.256082] (-) TimerEvent: {}
[489.361773] (-) TimerEvent: {}
[489.466578] (-) TimerEvent: {}
[489.568482] (-) TimerEvent: {}
[489.672609] (-) TimerEvent: {}
[489.775840] (-) TimerEvent: {}
[489.890017] (-) TimerEvent: {}
[489.994343] (-) TimerEvent: {}
[490.101743] (-) TimerEvent: {}
[490.206685] (-) TimerEvent: {}
[490.310533] (-) TimerEvent: {}
[490.412677] (-) TimerEvent: {}
[490.516367] (-) TimerEvent: {}
[490.620689] (-) TimerEvent: {}
[490.721953] (-) TimerEvent: {}
[490.829999] (-) TimerEvent: {}
[490.946796] (-) TimerEvent: {}
[491.048069] (-) TimerEvent: {}
[491.152888] (-) TimerEvent: {}
[491.231015] (gps_mavros) StdoutLine: {'line': b'[ 80%] Built target gps_mavros__rosidl_generator_py\n'}
[491.253817] (-) TimerEvent: {}
[491.368139] (-) TimerEvent: {}
[491.488970] (-) TimerEvent: {}
[491.602812] (-) TimerEvent: {}
[491.706593] (-) TimerEvent: {}
[491.822300] (-) TimerEvent: {}
[491.952220] (-) TimerEvent: {}
[492.065979] (-) TimerEvent: {}
[492.189403] (-) TimerEvent: {}
[492.294300] (-) TimerEvent: {}
[492.400709] (-) TimerEvent: {}
[492.510492] (-) TimerEvent: {}
[492.619671] (-) TimerEvent: {}
[492.737576] (-) TimerEvent: {}
[492.855236] (-) TimerEvent: {}
[492.960509] (-) TimerEvent: {}
[493.075955] (-) TimerEvent: {}
[493.196826] (-) TimerEvent: {}
[493.336991] (-) TimerEvent: {}
[493.440689] (-) TimerEvent: {}
[493.543268] (-) TimerEvent: {}
[493.647719] (-) TimerEvent: {}
[493.751901] (-) TimerEvent: {}
[493.854945] (-) TimerEvent: {}
[493.958352] (-) TimerEvent: {}
[494.060694] (-) TimerEvent: {}
[494.163806] (-) TimerEvent: {}
[494.268363] (-) TimerEvent: {}
[494.372396] (-) TimerEvent: {}
[494.480227] (-) TimerEvent: {}
[494.590172] (-) TimerEvent: {}
[494.700114] (-) TimerEvent: {}
[494.803542] (-) TimerEvent: {}
[494.906056] (-) TimerEvent: {}
[495.007779] (-) TimerEvent: {}
[495.114505] (-) TimerEvent: {}
[495.155772] (gps_mavros) StdoutLine: {'line': b'\x1b[35m\x1b[1mConsolidate compiler generated dependencies of target gps_mavros__rosidl_typesupport_fastrtps_c__pyext\x1b[0m\n'}
[495.214682] (-) TimerEvent: {}
[495.320090] (-) TimerEvent: {}
[495.424067] (-) TimerEvent: {}
[495.527287] (-) TimerEvent: {}
[495.638876] (-) TimerEvent: {}
[495.745578] (-) TimerEvent: {}
[495.848125] (-) TimerEvent: {}
[495.950112] (-) TimerEvent: {}
[496.051819] (-) TimerEvent: {}
[496.157795] (-) TimerEvent: {}
[496.267436] (-) TimerEvent: {}
[496.375487] (-) TimerEvent: {}
[496.485211] (-) TimerEvent: {}
[496.592508] (-) TimerEvent: {}
[496.704690] (-) TimerEvent: {}
[496.813646] (-) TimerEvent: {}
[496.923415] (-) TimerEvent: {}
[497.029577] (-) TimerEvent: {}
[497.133345] (-) TimerEvent: {}
[497.244373] (-) TimerEvent: {}
[497.359590] (-) TimerEvent: {}
[497.463084] (-) TimerEvent: {}
[497.564813] (-) TimerEvent: {}
[497.666003] (-) TimerEvent: {}
[497.767944] (-) TimerEvent: {}
[497.873055] (-) TimerEvent: {}
[497.980504] (-) TimerEvent: {}
[498.101375] (-) TimerEvent: {}
[498.218604] (-) TimerEvent: {}
[498.330713] (-) TimerEvent: {}
[498.441102] (-) TimerEvent: {}
[498.548549] (-) TimerEvent: {}
[498.655495] (-) TimerEvent: {}
[498.764866] (-) TimerEvent: {}
[498.867760] (-) TimerEvent: {}
[498.969844] (-) TimerEvent: {}
[499.071641] (-) TimerEvent: {}
[499.173137] (-) TimerEvent: {}
[499.276982] (-) TimerEvent: {}
[499.390672] (-) TimerEvent: {}
[499.505284] (-) TimerEvent: {}
[499.610524] (-) TimerEvent: {}
[499.722037] (-) TimerEvent: {}
[499.842085] (-) TimerEvent: {}
[499.947281] (-) TimerEvent: {}
[500.056085] (-) TimerEvent: {}
[500.160621] (-) TimerEvent: {}
[500.263945] (-) TimerEvent: {}
[500.368212] (-) TimerEvent: {}
[500.472828] (-) TimerEvent: {}
[500.574230] (-) TimerEvent: {}
[500.676692] (-) TimerEvent: {}
[500.779988] (-) TimerEvent: {}
[500.888153] (-) TimerEvent: {}
[500.991038] (-) TimerEvent: {}
[501.105789] (-) TimerEvent: {}
[501.211405] (-) TimerEvent: {}
[501.318258] (-) TimerEvent: {}
[501.428160] (-) TimerEvent: {}
[501.537484] (-) TimerEvent: {}
[501.653070] (-) TimerEvent: {}
[501.766666] (-) TimerEvent: {}
[501.876206] (-) TimerEvent: {}
[501.985618] (-) TimerEvent: {}
[502.092307] (-) TimerEvent: {}
[502.196628] (-) TimerEvent: {}
[502.233777] (gps_mavros) StdoutLine: {'line': b'[ 87%] Built target gps_mavros__rosidl_typesupport_fastrtps_c__pyext\n'}
[502.299729] (-) TimerEvent: {}
[502.402800] (-) TimerEvent: {}
[502.517044] (-) TimerEvent: {}
[502.620441] (-) TimerEvent: {}
[502.731017] (-) TimerEvent: {}
[502.841030] (-) TimerEvent: {}
[502.943578] (-) TimerEvent: {}
[503.045796] (-) TimerEvent: {}
[503.148120] (-) TimerEvent: {}
[503.251284] (-) TimerEvent: {}
[503.361729] (-) TimerEvent: {}
[503.463631] (-) TimerEvent: {}
[503.573338] (-) TimerEvent: {}
[503.678746] (-) TimerEvent: {}
[503.794157] (-) TimerEvent: {}
[503.902135] (-) TimerEvent: {}
[504.008522] (-) TimerEvent: {}
[504.123485] (-) TimerEvent: {}
[504.232926] (-) TimerEvent: {}
[504.346882] (-) TimerEvent: {}
[504.454751] (-) TimerEvent: {}
[504.564935] (-) TimerEvent: {}
[504.675765] (-) TimerEvent: {}
[504.786485] (-) TimerEvent: {}
[504.890811] (-) TimerEvent: {}
[504.994336] (-) TimerEvent: {}
[505.104161] (-) TimerEvent: {}
[505.210439] (-) TimerEvent: {}
[505.312790] (-) TimerEvent: {}
[505.383802] (gps_mavros) StdoutLine: {'line': b'\x1b[35m\x1b[1mConsolidate compiler generated dependencies of target gps_mavros__rosidl_typesupport_c__pyext\x1b[0m\n'}
[505.413493] (-) TimerEvent: {}
[505.517085] (-) TimerEvent: {}
[505.619678] (-) TimerEvent: {}
[505.729821] (-) TimerEvent: {}
[505.833165] (-) TimerEvent: {}
[505.944005] (-) TimerEvent: {}
[506.048598] (-) TimerEvent: {}
[506.150853] (-) TimerEvent: {}
[506.253469] (-) TimerEvent: {}
[506.363785] (-) TimerEvent: {}
[506.469738] (-) TimerEvent: {}
[506.580763] (-) TimerEvent: {}
[506.687231] (-) TimerEvent: {}
[506.791392] (-) TimerEvent: {}
[506.901629] (-) TimerEvent: {}
[507.014299] (-) TimerEvent: {}
[507.123106] (-) TimerEvent: {}
[507.229004] (-) TimerEvent: {}
[507.333471] (-) TimerEvent: {}
[507.436070] (-) TimerEvent: {}
[507.538363] (-) TimerEvent: {}
[507.639972] (-) TimerEvent: {}
[507.748630] (-) TimerEvent: {}
[507.854486] (-) TimerEvent: {}
[507.957709] (-) TimerEvent: {}
[508.068608] (-) TimerEvent: {}
[508.171285] (-) TimerEvent: {}
[508.338989] (-) TimerEvent: {}
[508.444797] (-) TimerEvent: {}
[508.550150] (-) TimerEvent: {}
[508.655689] (-) TimerEvent: {}
[508.759364] (-) TimerEvent: {}
[508.860877] (-) TimerEvent: {}
[508.972527] (-) TimerEvent: {}
[509.075458] (-) TimerEvent: {}
[509.179718] (-) TimerEvent: {}
[509.287741] (-) TimerEvent: {}
[509.397049] (-) TimerEvent: {}
[509.508609] (-) TimerEvent: {}
[509.626814] (-) TimerEvent: {}
[509.753533] (-) TimerEvent: {}
[509.868907] (-) TimerEvent: {}
[509.983312] (-) TimerEvent: {}
[510.121529] (-) TimerEvent: {}
[510.240558] (-) TimerEvent: {}
[510.352100] (-) TimerEvent: {}
[510.471787] (-) TimerEvent: {}
[510.574550] (-) TimerEvent: {}
[510.679120] (-) TimerEvent: {}
[510.782537] (-) TimerEvent: {}
[510.899439] (-) TimerEvent: {}
[511.005336] (-) TimerEvent: {}
[511.112316] (-) TimerEvent: {}
[511.219998] (-) TimerEvent: {}
[511.324269] (-) TimerEvent: {}
[511.439070] (-) TimerEvent: {}
[511.550957] (-) TimerEvent: {}
[511.661375] (-) TimerEvent: {}
[511.763165] (-) TimerEvent: {}
[511.893858] (-) TimerEvent: {}
[511.995971] (-) TimerEvent: {}
[512.099929] (-) TimerEvent: {}
[512.204605] (-) TimerEvent: {}
[512.313557] (-) TimerEvent: {}
[512.416178] (-) TimerEvent: {}
[512.519663] (-) TimerEvent: {}
[512.622586] (-) TimerEvent: {}
[512.727657] (-) TimerEvent: {}
[512.767632] (gps_mavros) StdoutLine: {'line': b'[ 93%] Built target gps_mavros__rosidl_typesupport_c__pyext\n'}
[512.827999] (-) TimerEvent: {}
[512.930983] (-) TimerEvent: {}
[513.062729] (-) TimerEvent: {}
[513.176189] (-) TimerEvent: {}
[513.290001] (-) TimerEvent: {}
[513.395944] (-) TimerEvent: {}
[513.510819] (-) TimerEvent: {}
[513.613597] (-) TimerEvent: {}
[513.716641] (-) TimerEvent: {}
[513.818110] (-) TimerEvent: {}
[513.922538] (-) TimerEvent: {}
[514.028448] (-) TimerEvent: {}
[514.136898] (-) TimerEvent: {}
[514.242811] (-) TimerEvent: {}
[514.365338] (-) TimerEvent: {}
[514.478949] (-) TimerEvent: {}
[514.583012] (-) TimerEvent: {}
[514.689673] (-) TimerEvent: {}
[514.800696] (-) TimerEvent: {}
[514.909734] (-) TimerEvent: {}
[515.024101] (-) TimerEvent: {}
[515.126944] (-) TimerEvent: {}
[515.233864] (-) TimerEvent: {}
[515.340674] (-) TimerEvent: {}
[515.448224] (-) TimerEvent: {}
[515.554503] (-) TimerEvent: {}
[515.660579] (-) TimerEvent: {}
[515.793889] (-) TimerEvent: {}
[515.902924] (-) TimerEvent: {}
[516.010377] (-) TimerEvent: {}
[516.118559] (-) TimerEvent: {}
[516.237506] (-) TimerEvent: {}
[516.344181] (-) TimerEvent: {}
[516.459933] (-) TimerEvent: {}
[516.571248] (-) TimerEvent: {}
[516.681504] (-) TimerEvent: {}
[516.786006] (-) TimerEvent: {}
[516.905663] (-) TimerEvent: {}
[517.014876] (-) TimerEvent: {}
[517.122890] (-) TimerEvent: {}
[517.231573] (-) TimerEvent: {}
[517.241347] (gps_mavros) StdoutLine: {'line': b'\x1b[35m\x1b[1mConsolidate compiler generated dependencies of target gps_mavros__rosidl_typesupport_introspection_c__pyext\x1b[0m\n'}
[517.331710] (-) TimerEvent: {}
[517.443223] (-) TimerEvent: {}
[517.552176] (-) TimerEvent: {}
[517.656347] (-) TimerEvent: {}
[517.757433] (-) TimerEvent: {}
[517.859482] (-) TimerEvent: {}
[517.985113] (-) TimerEvent: {}
[518.088026] (-) TimerEvent: {}
[518.194946] (-) TimerEvent: {}
[518.297560] (-) TimerEvent: {}
[518.399417] (-) TimerEvent: {}
[518.518757] (-) TimerEvent: {}
[518.650286] (-) TimerEvent: {}
[518.765250] (-) TimerEvent: {}
[518.867430] (-) TimerEvent: {}
[518.972658] (-) TimerEvent: {}
[519.074049] (-) TimerEvent: {}
[519.176661] (-) TimerEvent: {}
[519.280057] (-) TimerEvent: {}
[519.383371] (-) TimerEvent: {}
[519.490680] (-) TimerEvent: {}
[519.597188] (-) TimerEvent: {}
[519.703093] (-) TimerEvent: {}
[519.812749] (-) TimerEvent: {}
[519.921971] (-) TimerEvent: {}
[520.027700] (-) TimerEvent: {}
[520.130105] (-) TimerEvent: {}
[520.232224] (-) TimerEvent: {}
[520.336391] (-) TimerEvent: {}
[520.437625] (-) TimerEvent: {}
[520.558892] (-) TimerEvent: {}
[520.661663] (-) TimerEvent: {}
[520.766902] (-) TimerEvent: {}
[520.873029] (-) TimerEvent: {}
[520.983701] (-) TimerEvent: {}
[521.086962] (-) TimerEvent: {}
[521.188141] (-) TimerEvent: {}
[521.292429] (-) TimerEvent: {}
[521.396210] (-) TimerEvent: {}
[521.500745] (-) TimerEvent: {}
[521.629414] (-) TimerEvent: {}
[521.750217] (-) TimerEvent: {}
[521.867605] (-) TimerEvent: {}
[521.991842] (-) TimerEvent: {}
[522.144739] (-) TimerEvent: {}
[522.280570] (-) TimerEvent: {}
[522.447468] (-) TimerEvent: {}
[522.568188] (-) TimerEvent: {}
[522.682651] (-) TimerEvent: {}
[522.788249] (-) TimerEvent: {}
[522.897066] (-) TimerEvent: {}
[523.002492] (-) TimerEvent: {}
[523.103971] (-) TimerEvent: {}
[523.211141] (-) TimerEvent: {}
[523.313919] (-) TimerEvent: {}
[523.417179] (-) TimerEvent: {}
[523.521497] (-) TimerEvent: {}
[523.623341] (-) TimerEvent: {}
[523.725168] (-) TimerEvent: {}
[523.827643] (-) TimerEvent: {}
[523.937504] (-) TimerEvent: {}
[524.041252] (-) TimerEvent: {}
[524.144626] (-) TimerEvent: {}
[524.228086] (gps_mavros) StdoutLine: {'line': b'[100%] Built target gps_mavros__rosidl_typesupport_introspection_c__pyext\n'}
[524.244886] (-) TimerEvent: {}
[524.346170] (-) TimerEvent: {}
[524.450079] (-) TimerEvent: {}
[524.552156] (-) TimerEvent: {}
[524.653607] (-) TimerEvent: {}
[524.756210] (-) TimerEvent: {}
[524.861918] (-) TimerEvent: {}
[524.968583] (-) TimerEvent: {}
[525.077478] (-) TimerEvent: {}
[525.178910] (-) TimerEvent: {}
[525.285583] (-) TimerEvent: {}
[525.389908] (-) TimerEvent: {}
[525.498612] (-) TimerEvent: {}
[525.615940] (-) TimerEvent: {}
[525.719737] (-) TimerEvent: {}
[525.833000] (-) TimerEvent: {}
[525.945341] (-) TimerEvent: {}
[526.055756] (-) TimerEvent: {}
[526.161122] (-) TimerEvent: {}
[526.294102] (-) TimerEvent: {}
[526.399920] (-) TimerEvent: {}
[526.507828] (-) TimerEvent: {}
[526.614915] (-) TimerEvent: {}
[526.721418] (-) TimerEvent: {}
[526.837986] (-) TimerEvent: {}
[526.942750] (-) TimerEvent: {}
[527.048058] (-) TimerEvent: {}
[527.150792] (-) TimerEvent: {}
[527.264387] (-) TimerEvent: {}
[527.367774] (-) TimerEvent: {}
[527.482048] (-) TimerEvent: {}
[527.585660] (-) TimerEvent: {}
[527.706638] (-) TimerEvent: {}
[527.822346] (-) TimerEvent: {}
[527.943085] (-) TimerEvent: {}
[528.055934] (-) TimerEvent: {}
[528.162708] (-) TimerEvent: {}
[528.274555] (-) TimerEvent: {}
[528.378725] (-) TimerEvent: {}
[528.404134] (gps_mavros) CommandEnded: {'returncode': 0}
[528.478854] (-) TimerEvent: {}
[528.585724] (-) TimerEvent: {}
[528.703508] (-) TimerEvent: {}
[528.815154] (-) TimerEvent: {}
[528.903159] (gps_mavros) JobProgress: {'identifier': 'gps_mavros', 'progress': 'install'}
[528.915288] (-) TimerEvent: {}
[529.017988] (-) TimerEvent: {}
[529.123090] (-) TimerEvent: {}
[529.228449] (-) TimerEvent: {}
[529.342656] (-) TimerEvent: {}
[529.446887] (-) TimerEvent: {}
[529.550657] (-) TimerEvent: {}
[529.654555] (-) TimerEvent: {}
[529.762677] (-) TimerEvent: {}
[529.864146] (-) TimerEvent: {}
[529.990068] (-) TimerEvent: {}
[530.096540] (-) TimerEvent: {}
[530.216238] (-) TimerEvent: {}
[530.327188] (-) TimerEvent: {}
[530.433073] (-) TimerEvent: {}
[530.479144] (gps_mavros) Command: {'cmd': ['/usr/bin/cmake', '--install', '/ODLC_Machine_Inferencing_System_2025-2026/ros2_workspace/build/gps_mavros'], 'cwd': '/ODLC_Machine_Inferencing_System_2025-2026/ros2_workspace/build/gps_mavros', 'env': OrderedDict([('PYTHON_BASIC_REPL', '1'), ('HOSTNAME', 'docker-desktop'), ('GIT_ASKPASS', '/vscode/vscode-server/bin/linux-x64/03c265b1adee71ac88f833e065f7bb956b60550a/extensions/git/dist/askpass.sh'), ('SHLVL', '2'), ('LD_LIBRARY_PATH', '/ODLC_Machine_Inferencing_System_2025-2026/ros2_workspace/install/gps_mavros/lib:/opt/ros/humble/opt/rviz_ogre_vendor/lib:/opt/ros/humble/lib/x86_64-linux-gnu:/opt/ros/humble/lib'), ('BROWSER', '/vscode/vscode-server/bin/linux-x64/03c265b1adee71ac88f833e065f7bb956b60550a/bin/helpers/browser.sh'), ('HOME', '/home/ubuntu'), ('OLDPWD', '/ODLC_Machine_Inferencing_System_2025-2026/ros2_workspace/source'), ('TERM_PROGRAM_VERSION', '1.105.0'), ('VSCODE_IPC_HOOK_CLI', '/tmp/vscode-ipc-45d6664b-9d05-4b08-bcfb-6f21bd310d14.sock'), ('ROS_PYTHON_VERSION', '3'), ('VSCODE_GIT_ASKPASS_MAIN', '/vscode/vscode-server/bin/linux-x64/03c265b1adee71ac88f833e065f7bb956b60550a/extensions/git/dist/askpass-main.js'), ('VSCODE_GIT_ASKPASS_NODE', '/vscode/vscode-server/bin/linux-x64/03c265b1adee71ac88f833e065f7bb956b60550a/node'), ('PYDEVD_DISABLE_FILE_VALIDATION', '1'), ('BUNDLED_DEBUGPY_PATH', '/home/ubuntu/.vscode-server/extensions/ms-python.debugpy-2025.14.0-linux-x64/bundled/libs/debugpy'), ('VSCODE_PYTHON_AUTOACTIVATE_GUARD', '1'), ('COLORTERM', 'truecolor'), ('REMOTE_CONTAINERS', 'true'), ('WAYLAND_DISPLAY', 'vscode-wayland-7867dc08-88f4-4bd5-8596-ea9712f5a7a1.sock'), ('COLCON_PREFIX_PATH', '/ODLC_Machine_Inferencing_System_2025-2026/ros2_workspace/install'), ('ROS_DISTRO', 'humble'), ('REMOTE_CONTAINERS_IPC', '/tmp/vscode-remote-containers-ipc-d5105989-edb8-4c74-b48b-69aa229c9a3c.sock'), ('_', '/usr/bin/colcon'), ('ROS_VERSION', '2'), ('TERM', 'xterm-256color'), ('ROS_LOCALHOST_ONLY', '0'), ('PATH', '/vscode/vscode-server/bin/linux-x64/c306e94f98122556ca081f527b466015e1bc37b0/bin/remote-cli:/home/ubuntu/.local/bin:/opt/ros/humble/bin:/usr/local/sbin:/usr/local/bin:/usr/sbin:/usr/bin:/sbin:/bin:/home/ubuntu/ardu_ws/Micro-XRCE-DDS-Gen/scripts:/home/ubuntu/.vscode-server/data/User/globalStorage/github.copilot-chat/debugCommand:/home/ubuntu/ardu_ws/Micro-XRCE-DDS-Gen/scripts:/home/ubuntu/ardu_ws/src/ardupilot/Tools/autotest'), ('XDG_RUNTIME_DIR', '/tmp/user/1000'), ('REMOTE_CONTAINERS_SOCKETS', '["/home/ubuntu/.gnupg/S.gpg-agent"]'), ('DISPLAY', 'host.docker.internal:0.0'), ('VSCODE_DEBUGPY_ADAPTER_ENDPOINTS', '/home/ubuntu/.vscode-server/extensions/ms-python.debugpy-2025.14.0-linux-x64/.noConfigDebugAdapterEndpoints/endpoint-c94bd0c74effbbe6.txt'), ('LANG', 'C.UTF-8'), ('PYTHONSTARTUP', '/home/ubuntu/.vscode-server/data/User/workspaceStorage/1d87b516b83a512fdf37d51607465b70/ms-python.python/pythonrc.py'), ('LS_COLORS', 'rs=0:di=01;34:ln=01;36:mh=00:pi=40;33:so=01;35:do=01;35:bd=40;33;01:cd=40;33;01:or=40;31;01:mi=00:su=37;41:sg=30;43:ca=30;41:tw=30;42:ow=34;42:st=37;44:ex=01;32:*.tar=01;31:*.tgz=01;31:*.arc=01;31:*.arj=01;31:*.taz=01;31:*.lha=01;31:*.lz4=01;31:*.lzh=01;31:*.lzma=01;31:*.tlz=01;31:*.txz=01;31:*.tzo=01;31:*.t7z=01;31:*.zip=01;31:*.z=01;31:*.dz=01;31:*.gz=01;31:*.lrz=01;31:*.lz=01;31:*.lzo=01;31:*.xz=01;31:*.zst=01;31:*.tzst=01;31:*.bz2=01;31:*.bz=01;31:*.tbz=01;31:*.tbz2=01;31:*.tz=01;31:*.deb=01;31:*.rpm=01;31:*.jar=01;31:*.war=01;31:*.ear=01;31:*.sar=01;31:*.rar=01;31:*.alz=01;31:*.ace=01;31:*.zoo=01;31:*.cpio=01;31:*.7z=01;31:*.rz=01;31:*.cab=01;31:*.wim=01;31:*.swm=01;31:*.dwm=01;31:*.esd=01;31:*.jpg=01;35:*.jpeg=01;35:*.mjpg=01;35:*.mjpeg=01;35:*.gif=01;35:*.bmp=01;35:*.pbm=01;35:*.pgm=01;35:*.ppm=01;35:*.tga=01;35:*.xbm=01;35:*.xpm=01;35:*.tif=01;35:*.tiff=01;35:*.png=01;35:*.svg=01;35:*.svgz=01;35:*.mng=01;35:*.pcx=01;35:*.mov=01;35:*.mpg=01;35:*.mpeg=01;35:*.m2v=01;35:*.mkv=01;35:*.webm=01;35:*.webp=01;35:*.ogm=01;35:*.mp4=01;35:*.m4v=01;35:*.mp4v=01;35:*.vob=01;35:*.qt=01;35:*.nuv=01;35:*.wmv=01;35:*.asf=01;35:*.rm=01;35:*.rmvb=01;35:*.flc=01;35:*.avi=01;35:*.fli=01;35:*.flv=01;35:*.gl=01;35:*.dl=01;35:*.xcf=01;35:*.xwd=01;35:*.yuv=01;35:*.cgm=01;35:*.emf=01;35:*.ogv=01;35:*.ogx=01;35:*.aac=00;36:*.au=00;36:*.flac=00;36:*.m4a=00;36:*.mid=00;36:*.midi=00;36:*.mka=00;36:*.mp3=00;36:*.mpc=00;36:*.ogg=00;36:*.ra=00;36:*.wav=00;36:*.oga=00;36:*.opus=00;36:*.spx=00;36:*.xspf=00;36:'), ('VSCODE_GIT_IPC_HANDLE', '/tmp/user/1000/vscode-git-58379d938b.sock'), ('TERM_PROGRAM', 'vscode'), ('AMENT_PREFIX_PATH', '/ODLC_Machine_Inferencing_System_2025-2026/ros2_workspace/install/gps_ros2:/ODLC_Machine_Inferencing_System_2025-2026/ros2_workspace/install/gps_mavros:/opt/ros/humble'), ('SHELL', '/bin/bash'), ('GZ_VERSION', 'harmonic'), ('VSCODE_GIT_ASKPASS_EXTRA_ARGS', ''), ('PWD', '/ODLC_Machine_Inferencing_System_2025-2026/ros2_workspace/build/gps_mavros'), ('LC_ALL', 'C.UTF-8'), ('PYTHONPATH', '/ODLC_Machine_Inferencing_System_2025-2026/ros2_workspace/install/gps_ros2/lib/python3.10/site-packages:/ODLC_Machine_Inferencing_System_2025-2026/ros2_workspace/install/gps_mavros/local/lib/python3.10/dist-packages:/opt/ros/humble/lib/python3.10/site-packages:/opt/ros/humble/local/lib/python3.10/dist-packages'), ('COLCON', '1'), ('CMAKE_PREFIX_PATH', '/ODLC_Machine_Inferencing_System_2025-2026/ros2_workspace/install/gps_mavros:/ODLC_Machine_Inferencing_System_2025-2026/ros2_workspace/install/gps_ros2:/opt/ros/humble')]), 'shell': False}
[530.533446] (-) TimerEvent: {}
[530.635485] (-) TimerEvent: {}
[530.738032] (-) TimerEvent: {}
[530.840983] (-) TimerEvent: {}
[530.943816] (-) TimerEvent: {}
[531.055884] (-) TimerEvent: {}
[531.160181] (-) TimerEvent: {}
[531.266536] (-) TimerEvent: {}
[531.369200] (-) TimerEvent: {}
[531.476516] (-) TimerEvent: {}
[531.593201] (-) TimerEvent: {}
[531.708563] (-) TimerEvent: {}
[531.852262] (-) TimerEvent: {}
[531.969041] (-) TimerEvent: {}
[532.079747] (-) TimerEvent: {}
[532.187124] (-) TimerEvent: {}
[532.292072] (-) TimerEvent: {}
[532.418320] (-) TimerEvent: {}
[532.523075] (-) TimerEvent: {}
[532.527451] (gps_mavros) StdoutLine: {'line': b'-- Install configuration: ""\n'}
[532.632182] (-) TimerEvent: {}
[532.740781] (-) TimerEvent: {}
[532.848465] (-) TimerEvent: {}
[532.955116] (-) TimerEvent: {}
[533.057273] (-) TimerEvent: {}
[533.160451] (-) TimerEvent: {}
[533.163325] (gps_mavros) StdoutLine: {'line': b'-- Up-to-date: /ODLC_Machine_Inferencing_System_2025-2026/ros2_workspace/install/gps_mavros/share/ament_index/resource_index/rosidl_interfaces/gps_mavros\n'}
[533.260658] (-) TimerEvent: {}
[533.332288] (gps_mavros) StdoutLine: {'line': b'-- Up-to-date: /ODLC_Machine_Inferencing_System_2025-2026/ros2_workspace/install/gps_mavros/include/gps_mavros/gps_mavros\n'}
[533.360995] (-) TimerEvent: {}
[533.463588] (-) TimerEvent: {}
[533.571055] (-) TimerEvent: {}
[533.691648] (-) TimerEvent: {}
[533.789354] (gps_mavros) StdoutLine: {'line': b'-- Up-to-date: /ODLC_Machine_Inferencing_System_2025-2026/ros2_workspace/install/gps_mavros/include/gps_mavros/gps_mavros/msg\n'}
[533.793990] (-) TimerEvent: {}
[533.896127] (-) TimerEvent: {}
[534.023295] (-) TimerEvent: {}
[534.128487] (-) TimerEvent: {}
[534.239541] (-) TimerEvent: {}
[534.354949] (-) TimerEvent: {}
[534.477765] (-) TimerEvent: {}
[534.585474] (-) TimerEvent: {}
[534.689570] (-) TimerEvent: {}
[534.704949] (gps_mavros) StdoutLine: {'line': b'-- Up-to-date: /ODLC_Machine_Inferencing_System_2025-2026/ros2_workspace/install/gps_mavros/include/gps_mavros/gps_mavros/msg/rosidl_generator_c__visibility_control.h\n'}
[534.789966] (-) TimerEvent: {}
[534.898158] (-) TimerEvent: {}
[535.005112] (-) TimerEvent: {}
[535.132587] (-) TimerEvent: {}
[535.143580] (gps_mavros) StdoutLine: {'line': b'-- Up-to-date: /ODLC_Machine_Inferencing_System_2025-2026/ros2_workspace/install/gps_mavros/include/gps_mavros/gps_mavros/srv\n'}
[535.237743] (-) TimerEvent: {}
[535.343756] (-) TimerEvent: {}
[535.452243] (-) TimerEvent: {}
[535.556200] (-) TimerEvent: {}
[535.674637] (-) TimerEvent: {}
[535.777264] (-) TimerEvent: {}
[535.884012] (-) TimerEvent: {}
[535.965958] (gps_mavros) StdoutLine: {'line': b'-- Up-to-date: /ODLC_Machine_Inferencing_System_2025-2026/ros2_workspace/install/gps_mavros/include/gps_mavros/gps_mavros/srv/detail\n'}
[535.997900] (-) TimerEvent: {}
[536.106866] (-) TimerEvent: {}
[536.216062] (-) TimerEvent: {}
[536.317940] (-) TimerEvent: {}
[536.424024] (-) TimerEvent: {}
[536.519261] (gps_mavros) StdoutLine: {'line': b'-- Up-to-date: /ODLC_Machine_Inferencing_System_2025-2026/ros2_workspace/install/gps_mavros/include/gps_mavros/gps_mavros/srv/detail/get_gps_data__functions.c\n'}
[536.547197] (-) TimerEvent: {}
[536.653087] (-) TimerEvent: {}
[536.756065] (-) TimerEvent: {}
[536.862097] (-) TimerEvent: {}
[536.971284] (-) TimerEvent: {}
[537.010542] (gps_mavros) StdoutLine: {'line': b'-- Up-to-date: /ODLC_Machine_Inferencing_System_2025-2026/ros2_workspace/install/gps_mavros/include/gps_mavros/gps_mavros/srv/detail/get_gps_data__functions.h\n'}
[537.071754] (-) TimerEvent: {}
[537.176211] (-) TimerEvent: {}
[537.282505] (-) TimerEvent: {}
[537.386506] (-) TimerEvent: {}
[537.437145] (gps_mavros) StdoutLine: {'line': b'-- Up-to-date: /ODLC_Machine_Inferencing_System_2025-2026/ros2_workspace/install/gps_mavros/include/gps_mavros/gps_mavros/srv/detail/get_gps_data__struct.h\n'}
[537.494584] (-) TimerEvent: {}
[537.596978] (-) TimerEvent: {}
[537.708890] (-) TimerEvent: {}
[537.812488] (-) TimerEvent: {}
[537.915638] (-) TimerEvent: {}
[537.958579] (gps_mavros) StdoutLine: {'line': b'-- Up-to-date: /ODLC_Machine_Inferencing_System_2025-2026/ros2_workspace/install/gps_mavros/include/gps_mavros/gps_mavros/srv/detail/get_gps_data__type_support.h\n'}
[538.015809] (-) TimerEvent: {}
[538.120398] (-) TimerEvent: {}
[538.227031] (-) TimerEvent: {}
[538.303224] (gps_mavros) StdoutLine: {'line': b'-- Up-to-date: /ODLC_Machine_Inferencing_System_2025-2026/ros2_workspace/install/gps_mavros/include/gps_mavros/gps_mavros/srv/get_gps_data.h\n'}
[538.327599] (-) TimerEvent: {}
[538.431144] (-) TimerEvent: {}
[538.520303] (gps_mavros) StdoutLine: {'line': b'-- Up-to-date: /ODLC_Machine_Inferencing_System_2025-2026/ros2_workspace/install/gps_mavros/share/gps_mavros/environment/library_path.sh\n'}
[538.533953] (-) TimerEvent: {}
[538.650585] (-) TimerEvent: {}
[538.753570] (-) TimerEvent: {}
[538.765094] (gps_mavros) StdoutLine: {'line': b'-- Installing: /ODLC_Machine_Inferencing_System_2025-2026/ros2_workspace/install/gps_mavros/share/gps_mavros/environment/library_path.dsv\n'}
[538.854059] (-) TimerEvent: {}
[538.956418] (-) TimerEvent: {}
[539.064213] (-) TimerEvent: {}
[539.167841] (-) TimerEvent: {}
[539.269928] (-) TimerEvent: {}
[539.383897] (-) TimerEvent: {}
[539.501688] (-) TimerEvent: {}
[539.604059] (-) TimerEvent: {}
[539.706361] (-) TimerEvent: {}
[539.813302] (-) TimerEvent: {}
[539.918886] (-) TimerEvent: {}
[540.044968] (-) TimerEvent: {}
[540.161596] (-) TimerEvent: {}
[540.279780] (-) TimerEvent: {}
[540.392337] (-) TimerEvent: {}
[540.537548] (-) TimerEvent: {}
[540.651614] (-) TimerEvent: {}
[540.754774] (-) TimerEvent: {}
[540.857990] (gps_mavros) StdoutLine: {'line': b'-- Up-to-date: /ODLC_Machine_Inferencing_System_2025-2026/ros2_workspace/install/gps_mavros/lib/libgps_mavros__rosidl_generator_c.so\n'}
[540.886913] (-) TimerEvent: {}
[540.994941] (-) TimerEvent: {}
[541.098685] (-) TimerEvent: {}
[541.209738] (-) TimerEvent: {}
[541.311508] (-) TimerEvent: {}
[541.412650] (-) TimerEvent: {}
[541.519220] (-) TimerEvent: {}
[541.654580] (-) TimerEvent: {}
[541.782591] (-) TimerEvent: {}
[541.899155] (-) TimerEvent: {}
[541.910669] (gps_mavros) StdoutLine: {'line': b'-- Up-to-date: /ODLC_Machine_Inferencing_System_2025-2026/ros2_workspace/install/gps_mavros/include/gps_mavros/gps_mavros\n'}
[541.999587] (-) TimerEvent: {}
[542.113020] (-) TimerEvent: {}
[542.219019] (-) TimerEvent: {}
[542.328282] (-) TimerEvent: {}
[542.432090] (-) TimerEvent: {}
[542.516765] (gps_mavros) StdoutLine: {'line': b'-- Up-to-date: /ODLC_Machine_Inferencing_System_2025-2026/ros2_workspace/install/gps_mavros/include/gps_mavros/gps_mavros/msg\n'}
[542.535464] (-) TimerEvent: {}
[542.652847] (-) TimerEvent: {}
[542.756948] (-) TimerEvent: {}
[542.883726] (-) TimerEvent: {}
[542.985647] (-) TimerEvent: {}
[543.081201] (gps_mavros) StdoutLine: {'line': b'-- Up-to-date: /ODLC_Machine_Inferencing_System_2025-2026/ros2_workspace/install/gps_mavros/include/gps_mavros/gps_mavros/msg/rosidl_typesupport_fastrtps_c__visibility_control.h\n'}
[543.087281] (-) TimerEvent: {}
[543.191391] (-) TimerEvent: {}
[543.292788] (-) TimerEvent: {}
[543.352627] (gps_mavros) StdoutLine: {'line': b'-- Up-to-date: /ODLC_Machine_Inferencing_System_2025-2026/ros2_workspace/install/gps_mavros/include/gps_mavros/gps_mavros/srv\n'}
[543.393011] (-) TimerEvent: {}
[543.496062] (-) TimerEvent: {}
[543.599686] (-) TimerEvent: {}
[543.703571] (-) TimerEvent: {}
[543.792241] (gps_mavros) StdoutLine: {'line': b'-- Up-to-date: /ODLC_Machine_Inferencing_System_2025-2026/ros2_workspace/install/gps_mavros/include/gps_mavros/gps_mavros/srv/detail\n'}
[543.812737] (-) TimerEvent: {}
[543.918963] (-) TimerEvent: {}
[544.022863] (-) TimerEvent: {}
[544.132598] (-) TimerEvent: {}
[544.237651] (-) TimerEvent: {}
[544.353626] (-) TimerEvent: {}
[544.462557] (-) TimerEvent: {}
[544.569036] (-) TimerEvent: {}
[544.591695] (gps_mavros) StdoutLine: {'line': b'-- Up-to-date: /ODLC_Machine_Inferencing_System_2025-2026/ros2_workspace/install/gps_mavros/include/gps_mavros/gps_mavros/srv/detail/get_gps_data__rosidl_typesupport_fastrtps_c.h\n'}
[544.669577] (-) TimerEvent: {}
[544.772438] (-) TimerEvent: {}
[544.879041] (-) TimerEvent: {}
[544.991332] (-) TimerEvent: {}
[545.098522] (-) TimerEvent: {}
[545.212235] (-) TimerEvent: {}
[545.313840] (-) TimerEvent: {}
[545.415799] (-) TimerEvent: {}
[545.535714] (-) TimerEvent: {}
[545.637186] (-) TimerEvent: {}
[545.660449] (gps_mavros) StdoutLine: {'line': b'-- Up-to-date: /ODLC_Machine_Inferencing_System_2025-2026/ros2_workspace/install/gps_mavros/lib/libgps_mavros__rosidl_typesupport_fastrtps_c.so\n'}
[545.737343] (-) TimerEvent: {}
[545.886815] (-) TimerEvent: {}
[545.995595] (-) TimerEvent: {}
[546.110023] (-) TimerEvent: {}
[546.228783] (-) TimerEvent: {}
[546.335639] (-) TimerEvent: {}
[546.457671] (-) TimerEvent: {}
[546.574941] (-) TimerEvent: {}
[546.688245] (-) TimerEvent: {}
[546.811438] (-) TimerEvent: {}
[546.932264] (-) TimerEvent: {}
[547.037758] (-) TimerEvent: {}
[547.048519] (gps_mavros) StdoutLine: {'line': b'-- Up-to-date: /ODLC_Machine_Inferencing_System_2025-2026/ros2_workspace/install/gps_mavros/include/gps_mavros/gps_mavros\n'}
[547.147134] (-) TimerEvent: {}
[547.264331] (-) TimerEvent: {}
[547.367084] (-) TimerEvent: {}
[547.475932] (-) TimerEvent: {}
[547.492057] (gps_mavros) StdoutLine: {'line': b'-- Up-to-date: /ODLC_Machine_Inferencing_System_2025-2026/ros2_workspace/install/gps_mavros/include/gps_mavros/gps_mavros/msg\n'}
[547.576183] (-) TimerEvent: {}
[547.678459] (-) TimerEvent: {}
[547.790680] (-) TimerEvent: {}
[547.893309] (-) TimerEvent: {}
[547.984410] (gps_mavros) StdoutLine: {'line': b'-- Up-to-date: /ODLC_Machine_Inferencing_System_2025-2026/ros2_workspace/install/gps_mavros/include/gps_mavros/gps_mavros/msg/rosidl_typesupport_introspection_c__visibility_control.h\n'}
[548.002126] (-) TimerEvent: {}
[548.105853] (-) TimerEvent: {}
[548.209244] (-) TimerEvent: {}
[548.236310] (gps_mavros) StdoutLine: {'line': b'-- Up-to-date: /ODLC_Machine_Inferencing_System_2025-2026/ros2_workspace/install/gps_mavros/include/gps_mavros/gps_mavros/srv\n'}
[548.319550] (-) TimerEvent: {}
[548.425469] (-) TimerEvent: {}
[548.530816] (-) TimerEvent: {}
[548.634745] (gps_mavros) StdoutLine: {'line': b'-- Up-to-date: /ODLC_Machine_Inferencing_System_2025-2026/ros2_workspace/install/gps_mavros/include/gps_mavros/gps_mavros/srv/detail\n'}
[548.647595] (-) TimerEvent: {}
[548.768917] (-) TimerEvent: {}
[548.886920] (-) TimerEvent: {}
[548.992246] (-) TimerEvent: {}
[549.094699] (-) TimerEvent: {}
[549.098708] (gps_mavros) StdoutLine: {'line': b'-- Up-to-date: /ODLC_Machine_Inferencing_System_2025-2026/ros2_workspace/install/gps_mavros/include/gps_mavros/gps_mavros/srv/detail/get_gps_data__rosidl_typesupport_introspection_c.h\n'}
[549.195081] (-) TimerEvent: {}
[549.297960] (-) TimerEvent: {}
[549.404773] (-) TimerEvent: {}
[549.487050] (gps_mavros) StdoutLine: {'line': b'-- Up-to-date: /ODLC_Machine_Inferencing_System_2025-2026/ros2_workspace/install/gps_mavros/include/gps_mavros/gps_mavros/srv/detail/get_gps_data__type_support.c\n'}
[549.505164] (-) TimerEvent: {}
[549.610500] (-) TimerEvent: {}
[549.715300] (-) TimerEvent: {}
[549.825492] (-) TimerEvent: {}
[549.929136] (-) TimerEvent: {}
[550.036025] (-) TimerEvent: {}
[550.139274] (-) TimerEvent: {}
[550.243833] (-) TimerEvent: {}
[550.306720] (gps_mavros) StdoutLine: {'line': b'-- Up-to-date: /ODLC_Machine_Inferencing_System_2025-2026/ros2_workspace/install/gps_mavros/lib/libgps_mavros__rosidl_typesupport_introspection_c.so\n'}
[550.344523] (-) TimerEvent: {}
[550.455655] (-) TimerEvent: {}
[550.559947] (-) TimerEvent: {}
[550.664107] (-) TimerEvent: {}
[550.776103] (-) TimerEvent: {}
[550.880500] (-) TimerEvent: {}
[550.989640] (-) TimerEvent: {}
[551.110899] (-) TimerEvent: {}
[551.213685] (-) TimerEvent: {}
[551.318134] (-) TimerEvent: {}
[551.395714] (gps_mavros) StdoutLine: {'line': b'-- Up-to-date: /ODLC_Machine_Inferencing_System_2025-2026/ros2_workspace/install/gps_mavros/lib/libgps_mavros__rosidl_typesupport_c.so\n'}
[551.418789] (-) TimerEvent: {}
[551.521898] (-) TimerEvent: {}
[551.634823] (-) TimerEvent: {}
[551.737154] (-) TimerEvent: {}
[551.844727] (-) TimerEvent: {}
[551.952075] (-) TimerEvent: {}
[552.068877] (-) TimerEvent: {}
[552.188546] (-) TimerEvent: {}
[552.295501] (-) TimerEvent: {}
[552.402551] (-) TimerEvent: {}
[552.521510] (-) TimerEvent: {}
[552.645766] (-) TimerEvent: {}
[552.753273] (-) TimerEvent: {}
[552.864892] (-) TimerEvent: {}
[552.986226] (-) TimerEvent: {}
[553.081177] (gps_mavros) StdoutLine: {'line': b'-- Up-to-date: /ODLC_Machine_Inferencing_System_2025-2026/ros2_workspace/install/gps_mavros/include/gps_mavros/gps_mavros\n'}
[553.097041] (-) TimerEvent: {}
[553.205948] (-) TimerEvent: {}
[553.317952] (-) TimerEvent: {}
[553.429115] (-) TimerEvent: {}
[553.545977] (-) TimerEvent: {}
[553.660415] (-) TimerEvent: {}
[553.670590] (gps_mavros) StdoutLine: {'line': b'-- Up-to-date: /ODLC_Machine_Inferencing_System_2025-2026/ros2_workspace/install/gps_mavros/include/gps_mavros/gps_mavros/msg\n'}
[553.764385] (-) TimerEvent: {}
[553.883488] (-) TimerEvent: {}
[553.993908] (-) TimerEvent: {}
[554.098210] (-) TimerEvent: {}
[554.205714] (-) TimerEvent: {}
[554.304916] (gps_mavros) StdoutLine: {'line': b'-- Up-to-date: /ODLC_Machine_Inferencing_System_2025-2026/ros2_workspace/install/gps_mavros/include/gps_mavros/gps_mavros/msg/rosidl_generator_cpp__visibility_control.hpp\n'}
[554.308214] (-) TimerEvent: {}
[554.410842] (-) TimerEvent: {}
[554.523085] (-) TimerEvent: {}
[554.604114] (gps_mavros) StdoutLine: {'line': b'-- Up-to-date: /ODLC_Machine_Inferencing_System_2025-2026/ros2_workspace/install/gps_mavros/include/gps_mavros/gps_mavros/srv\n'}
[554.623246] (-) TimerEvent: {}
[554.727105] (-) TimerEvent: {}
[554.850547] (-) TimerEvent: {}
[554.955055] (-) TimerEvent: {}
[555.063393] (-) TimerEvent: {}
[555.175093] (-) TimerEvent: {}
[555.193373] (gps_mavros) StdoutLine: {'line': b'-- Up-to-date: /ODLC_Machine_Inferencing_System_2025-2026/ros2_workspace/install/gps_mavros/include/gps_mavros/gps_mavros/srv/detail\n'}
[555.276932] (-) TimerEvent: {}
[555.379458] (-) TimerEvent: {}
[555.481955] (-) TimerEvent: {}
[555.590534] (-) TimerEvent: {}
[555.694341] (-) TimerEvent: {}
[555.806616] (-) TimerEvent: {}
[555.875878] (gps_mavros) StdoutLine: {'line': b'-- Up-to-date: /ODLC_Machine_Inferencing_System_2025-2026/ros2_workspace/install/gps_mavros/include/gps_mavros/gps_mavros/srv/detail/get_gps_data__builder.hpp\n'}
[555.906574] (-) TimerEvent: {}
[556.012928] (-) TimerEvent: {}
[556.115674] (-) TimerEvent: {}
[556.219915] (-) TimerEvent: {}
[556.324721] (-) TimerEvent: {}
[556.349804] (gps_mavros) StdoutLine: {'line': b'-- Up-to-date: /ODLC_Machine_Inferencing_System_2025-2026/ros2_workspace/install/gps_mavros/include/gps_mavros/gps_mavros/srv/detail/get_gps_data__struct.hpp\n'}
[556.425020] (-) TimerEvent: {}
[556.529919] (-) TimerEvent: {}
[556.639750] (-) TimerEvent: {}
[556.754525] (-) TimerEvent: {}
[556.858860] (-) TimerEvent: {}
[556.961908] (-) TimerEvent: {}
[557.076465] (gps_mavros) StdoutLine: {'line': b'-- Up-to-date: /ODLC_Machine_Inferencing_System_2025-2026/ros2_workspace/install/gps_mavros/include/gps_mavros/gps_mavros/srv/detail/get_gps_data__traits.hpp\n'}
[557.093130] (-) TimerEvent: {}
[557.201267] (-) TimerEvent: {}
[557.312999] (-) TimerEvent: {}
[557.420229] (-) TimerEvent: {}
[557.536105] (-) TimerEvent: {}
[557.648011] (-) TimerEvent: {}
[557.768126] (-) TimerEvent: {}
[557.870662] (-) TimerEvent: {}
[557.923089] (gps_mavros) StdoutLine: {'line': b'-- Up-to-date: /ODLC_Machine_Inferencing_System_2025-2026/ros2_workspace/install/gps_mavros/include/gps_mavros/gps_mavros/srv/detail/get_gps_data__type_support.hpp\n'}
[557.971510] (-) TimerEvent: {}
[558.095968] (-) TimerEvent: {}
[558.218885] (-) TimerEvent: {}
[558.328094] (-) TimerEvent: {}
[558.441843] (-) TimerEvent: {}
[558.578502] (-) TimerEvent: {}
[558.690712] (-) TimerEvent: {}
[558.802573] (-) TimerEvent: {}
[558.910929] (-) TimerEvent: {}
[558.984263] (gps_mavros) StdoutLine: {'line': b'-- Up-to-date: /ODLC_Machine_Inferencing_System_2025-2026/ros2_workspace/install/gps_mavros/include/gps_mavros/gps_mavros/srv/get_gps_data.hpp\n'}
[559.014570] (-) TimerEvent: {}
[559.126334] (-) TimerEvent: {}
[559.239352] (-) TimerEvent: {}
[559.335769] (gps_mavros) StdoutLine: {'line': b'-- Up-to-date: /ODLC_Machine_Inferencing_System_2025-2026/ros2_workspace/install/gps_mavros/include/gps_mavros/gps_mavros\n'}
[559.379377] (-) TimerEvent: {}
[559.495195] (-) TimerEvent: {}
[559.614788] (-) TimerEvent: {}
[559.718344] (-) TimerEvent: {}
[559.800971] (gps_mavros) StdoutLine: {'line': b'-- Up-to-date: /ODLC_Machine_Inferencing_System_2025-2026/ros2_workspace/install/gps_mavros/include/gps_mavros/gps_mavros/msg\n'}
[559.831179] (-) TimerEvent: {}
[559.933284] (-) TimerEvent: {}
[560.036922] (-) TimerEvent: {}
[560.143363] (-) TimerEvent: {}
[560.245796] (-) TimerEvent: {}
[560.354940] (-) TimerEvent: {}
[560.377231] (gps_mavros) StdoutLine: {'line': b'-- Up-to-date: /ODLC_Machine_Inferencing_System_2025-2026/ros2_workspace/install/gps_mavros/include/gps_mavros/gps_mavros/msg/rosidl_typesupport_fastrtps_cpp__visibility_control.h\n'}
[560.455185] (-) TimerEvent: {}
[560.559542] (-) TimerEvent: {}
[560.587491] (gps_mavros) StdoutLine: {'line': b'-- Up-to-date: /ODLC_Machine_Inferencing_System_2025-2026/ros2_workspace/install/gps_mavros/include/gps_mavros/gps_mavros/srv\n'}
[560.659992] (-) TimerEvent: {}
[560.778573] (-) TimerEvent: {}
[560.882949] (-) TimerEvent: {}
[560.902494] (gps_mavros) StdoutLine: {'line': b'-- Up-to-date: /ODLC_Machine_Inferencing_System_2025-2026/ros2_workspace/install/gps_mavros/include/gps_mavros/gps_mavros/srv/detail\n'}
[560.983402] (-) TimerEvent: {}
[561.091225] (-) TimerEvent: {}
[561.193393] (-) TimerEvent: {}
[561.211943] (gps_mavros) StdoutLine: {'line': b'-- Up-to-date: /ODLC_Machine_Inferencing_System_2025-2026/ros2_workspace/install/gps_mavros/include/gps_mavros/gps_mavros/srv/detail/dds_fastrtps\n'}
[561.293938] (-) TimerEvent: {}
[561.407001] (-) TimerEvent: {}
[561.524098] (-) TimerEvent: {}
[561.628640] (-) TimerEvent: {}
[561.732074] (-) TimerEvent: {}
[561.837155] (-) TimerEvent: {}
[561.945513] (-) TimerEvent: {}
[562.002094] (gps_mavros) StdoutLine: {'line': b'-- Up-to-date: /ODLC_Machine_Inferencing_System_2025-2026/ros2_workspace/install/gps_mavros/include/gps_mavros/gps_mavros/srv/detail/get_gps_data__rosidl_typesupport_fastrtps_cpp.hpp\n'}
[562.045797] (-) TimerEvent: {}
[562.159048] (-) TimerEvent: {}
[562.263531] (-) TimerEvent: {}
[562.367017] (-) TimerEvent: {}
[562.474719] (-) TimerEvent: {}
[562.577198] (-) TimerEvent: {}
[562.594829] (gps_mavros) StdoutLine: {'line': b'-- Up-to-date: /ODLC_Machine_Inferencing_System_2025-2026/ros2_workspace/install/gps_mavros/lib/libgps_mavros__rosidl_typesupport_fastrtps_cpp.so\n'}
[562.683085] (-) TimerEvent: {}
[562.785258] (-) TimerEvent: {}
[562.890350] (-) TimerEvent: {}
[562.992456] (-) TimerEvent: {}
[563.007838] (gps_mavros) StdoutLine: {'line': b'-- Up-to-date: /ODLC_Machine_Inferencing_System_2025-2026/ros2_workspace/install/gps_mavros/include/gps_mavros/gps_mavros\n'}
[563.092841] (-) TimerEvent: {}
[563.195972] (-) TimerEvent: {}
[563.296749] (gps_mavros) StdoutLine: {'line': b'-- Up-to-date: /ODLC_Machine_Inferencing_System_2025-2026/ros2_workspace/install/gps_mavros/include/gps_mavros/gps_mavros/srv\n'}
[563.316145] (-) TimerEvent: {}
[563.421146] (-) TimerEvent: {}
[563.534595] (-) TimerEvent: {}
[563.635924] (-) TimerEvent: {}
[563.672898] (gps_mavros) StdoutLine: {'line': b'-- Up-to-date: /ODLC_Machine_Inferencing_System_2025-2026/ros2_workspace/install/gps_mavros/include/gps_mavros/gps_mavros/srv/detail\n'}
[563.736524] (-) TimerEvent: {}
[563.840974] (-) TimerEvent: {}
[563.956114] (-) TimerEvent: {}
[564.059350] (-) TimerEvent: {}
[564.198383] (-) TimerEvent: {}
[564.331482] (-) TimerEvent: {}
[564.441094] (-) TimerEvent: {}
[564.547304] (-) TimerEvent: {}
[564.646275] (gps_mavros) StdoutLine: {'line': b'-- Up-to-date: /ODLC_Machine_Inferencing_System_2025-2026/ros2_workspace/install/gps_mavros/include/gps_mavros/gps_mavros/srv/detail/get_gps_data__rosidl_typesupport_introspection_cpp.hpp\n'}
[564.684535] (-) TimerEvent: {}
[564.790053] (-) TimerEvent: {}
[564.893326] (-) TimerEvent: {}
[565.004006] (-) TimerEvent: {}
[565.106309] (-) TimerEvent: {}
[565.177108] (gps_mavros) StdoutLine: {'line': b'-- Up-to-date: /ODLC_Machine_Inferencing_System_2025-2026/ros2_workspace/install/gps_mavros/include/gps_mavros/gps_mavros/srv/detail/get_gps_data__type_support.cpp\n'}
[565.206963] (-) TimerEvent: {}
[565.312493] (-) TimerEvent: {}
[565.414345] (-) TimerEvent: {}
[565.529194] (-) TimerEvent: {}
[565.633002] (-) TimerEvent: {}
[565.737494] (-) TimerEvent: {}
[565.811613] (gps_mavros) StdoutLine: {'line': b'-- Up-to-date: /ODLC_Machine_Inferencing_System_2025-2026/ros2_workspace/install/gps_mavros/lib/libgps_mavros__rosidl_typesupport_introspection_cpp.so\n'}
[565.837667] (-) TimerEvent: {}
[565.939859] (-) TimerEvent: {}
[566.044821] (-) TimerEvent: {}
[566.151940] (-) TimerEvent: {}
[566.254286] (-) TimerEvent: {}
[566.357660] (-) TimerEvent: {}
[566.460645] (-) TimerEvent: {}
[566.562808] (-) TimerEvent: {}
[566.636338] (gps_mavros) StdoutLine: {'line': b'-- Up-to-date: /ODLC_Machine_Inferencing_System_2025-2026/ros2_workspace/install/gps_mavros/lib/libgps_mavros__rosidl_typesupport_cpp.so\n'}
[566.662984] (-) TimerEvent: {}
[566.765317] (-) TimerEvent: {}
[566.869903] (-) TimerEvent: {}
[566.970923] (-) TimerEvent: {}
[567.075926] (-) TimerEvent: {}
[567.188864] (-) TimerEvent: {}
[567.292659] (-) TimerEvent: {}
[567.395753] (-) TimerEvent: {}
[567.406294] (gps_mavros) StdoutLine: {'line': b'-- Up-to-date: /ODLC_Machine_Inferencing_System_2025-2026/ros2_workspace/install/gps_mavros/share/gps_mavros/environment/pythonpath.sh\n'}
[567.495961] (-) TimerEvent: {}
[567.602722] (-) TimerEvent: {}
[567.706661] (-) TimerEvent: {}
[567.797222] (gps_mavros) StdoutLine: {'line': b'-- Installing: /ODLC_Machine_Inferencing_System_2025-2026/ros2_workspace/install/gps_mavros/share/gps_mavros/environment/pythonpath.dsv\n'}
[567.810098] (-) TimerEvent: {}
[567.912675] (-) TimerEvent: {}
[568.020191] (-) TimerEvent: {}
[568.126569] (-) TimerEvent: {}
[568.228335] (-) TimerEvent: {}
[568.333159] (-) TimerEvent: {}
[568.435397] (-) TimerEvent: {}
[568.541918] (-) TimerEvent: {}
[568.647036] (-) TimerEvent: {}
[568.749044] (-) TimerEvent: {}
[568.773562] (gps_mavros) StdoutLine: {'line': b'-- Up-to-date: /ODLC_Machine_Inferencing_System_2025-2026/ros2_workspace/install/gps_mavros/local/lib/python3.10/dist-packages/gps_mavros-0.0.0-py3.10.egg-info\n'}
[568.849492] (-) TimerEvent: {}
[568.956048] (-) TimerEvent: {}
[569.059517] (-) TimerEvent: {}
[569.186103] (-) TimerEvent: {}
[569.290082] (-) TimerEvent: {}
[569.418522] (-) TimerEvent: {}
[569.514206] (gps_mavros) StdoutLine: {'line': b'-- Installing: /ODLC_Machine_Inferencing_System_2025-2026/ros2_workspace/install/gps_mavros/local/lib/python3.10/dist-packages/gps_mavros-0.0.0-py3.10.egg-info/dependency_links.txt\n'}
[569.525151] (-) TimerEvent: {}
[569.628843] (-) TimerEvent: {}
[569.734889] (-) TimerEvent: {}
[569.841660] (-) TimerEvent: {}
[569.944781] (-) TimerEvent: {}
[570.056354] (-) TimerEvent: {}
[570.158278] (-) TimerEvent: {}
[570.260774] (-) TimerEvent: {}
[570.365029] (-) TimerEvent: {}
[570.474857] (-) TimerEvent: {}
[570.578333] (-) TimerEvent: {}
[570.695030] (-) TimerEvent: {}
[570.797503] (-) TimerEvent: {}
[570.914139] (-) TimerEvent: {}
[571.017715] (-) TimerEvent: {}
[571.126729] (-) TimerEvent: {}
[571.137202] (gps_mavros) StdoutLine: {'line': b'-- Installing: /ODLC_Machine_Inferencing_System_2025-2026/ros2_workspace/install/gps_mavros/local/lib/python3.10/dist-packages/gps_mavros-0.0.0-py3.10.egg-info/PKG-INFO\n'}
[571.228053] (-) TimerEvent: {}
[571.335648] (-) TimerEvent: {}
[571.452121] (-) TimerEvent: {}
[571.561084] (-) TimerEvent: {}
[571.671737] (-) TimerEvent: {}
[571.777203] (-) TimerEvent: {}
[571.887706] (-) TimerEvent: {}
[571.995763] (-) TimerEvent: {}
[572.110606] (-) TimerEvent: {}
[572.217275] (-) TimerEvent: {}
[572.323982] (-) TimerEvent: {}
[572.426675] (-) TimerEvent: {}
[572.532096] (-) TimerEvent: {}
[572.638830] (-) TimerEvent: {}
[572.741588] (-) TimerEvent: {}
[572.843409] (-) TimerEvent: {}
[572.917010] (gps_mavros) StdoutLine: {'line': b'-- Installing: /ODLC_Machine_Inferencing_System_2025-2026/ros2_workspace/install/gps_mavros/local/lib/python3.10/dist-packages/gps_mavros-0.0.0-py3.10.egg-info/SOURCES.txt\n'}
[572.943939] (-) TimerEvent: {}
[573.045660] (-) TimerEvent: {}
[573.154045] (-) TimerEvent: {}
[573.257070] (-) TimerEvent: {}
[573.362601] (-) TimerEvent: {}
[573.465214] (-) TimerEvent: {}
[573.566272] (-) TimerEvent: {}
[573.669926] (-) TimerEvent: {}
[573.774346] (-) TimerEvent: {}
[573.879072] (-) TimerEvent: {}
[573.982770] (-) TimerEvent: {}
[574.086820] (-) TimerEvent: {}
[574.190316] (-) TimerEvent: {}
[574.259738] (gps_mavros) StdoutLine: {'line': b'-- Installing: /ODLC_Machine_Inferencing_System_2025-2026/ros2_workspace/install/gps_mavros/local/lib/python3.10/dist-packages/gps_mavros-0.0.0-py3.10.egg-info/top_level.txt\n'}
[574.290703] (-) TimerEvent: {}
[574.394530] (-) TimerEvent: {}
[574.498867] (-) TimerEvent: {}
[574.624975] (-) TimerEvent: {}
[574.736964] (-) TimerEvent: {}
[574.844774] (-) TimerEvent: {}
[574.947167] (-) TimerEvent: {}
[575.058923] (-) TimerEvent: {}
[575.163017] (-) TimerEvent: {}
[575.264911] (-) TimerEvent: {}
[575.368312] (-) TimerEvent: {}
[575.472422] (-) TimerEvent: {}
[575.576981] (-) TimerEvent: {}
[575.686852] (-) TimerEvent: {}
[575.821759] (-) TimerEvent: {}
[575.936412] (-) TimerEvent: {}
[576.047256] (-) TimerEvent: {}
[576.169583] (-) TimerEvent: {}
[576.231281] (gps_mavros) StdoutLine: {'line': b'-- Up-to-date: /ODLC_Machine_Inferencing_System_2025-2026/ros2_workspace/install/gps_mavros/local/lib/python3.10/dist-packages/gps_mavros\n'}
[576.279565] (-) TimerEvent: {}
[576.392887] (-) TimerEvent: {}
[576.500757] (-) TimerEvent: {}
[576.631017] (-) TimerEvent: {}
[576.742825] (-) TimerEvent: {}
[576.850641] (-) TimerEvent: {}
[576.859954] (gps_mavros) StdoutLine: {'line': b'-- Up-to-date: /ODLC_Machine_Inferencing_System_2025-2026/ros2_workspace/install/gps_mavros/local/lib/python3.10/dist-packages/gps_mavros/gps_mavros_s__rosidl_typesupport_c.cpython-310-x86_64-linux-gnu.so\n'}
[576.950876] (-) TimerEvent: {}
[577.065106] (-) TimerEvent: {}
[577.191412] (-) TimerEvent: {}
[577.302661] (-) TimerEvent: {}
[577.405980] (-) TimerEvent: {}
[577.490991] (gps_mavros) StdoutLine: {'line': b'-- Up-to-date: /ODLC_Machine_Inferencing_System_2025-2026/ros2_workspace/install/gps_mavros/local/lib/python3.10/dist-packages/gps_mavros/gps_mavros_s__rosidl_typesupport_fastrtps_c.cpython-310-x86_64-linux-gnu.so\n'}
[577.520497] (-) TimerEvent: {}
[577.651629] (-) TimerEvent: {}
[577.767000] (-) TimerEvent: {}
[577.871552] (-) TimerEvent: {}
[577.911236] (gps_mavros) StdoutLine: {'line': b'-- Up-to-date: /ODLC_Machine_Inferencing_System_2025-2026/ros2_workspace/install/gps_mavros/local/lib/python3.10/dist-packages/gps_mavros/gps_mavros_s__rosidl_typesupport_introspection_c.cpython-310-x86_64-linux-gnu.so\n'}
[577.974051] (-) TimerEvent: {}
[578.076162] (-) TimerEvent: {}
[578.177956] (-) TimerEvent: {}
[578.246966] (gps_mavros) StdoutLine: {'line': b'-- Up-to-date: /ODLC_Machine_Inferencing_System_2025-2026/ros2_workspace/install/gps_mavros/local/lib/python3.10/dist-packages/gps_mavros/libgps_mavros__rosidl_generator_py.so\n'}
[578.278168] (-) TimerEvent: {}
[578.384744] (-) TimerEvent: {}
[578.489804] (-) TimerEvent: {}
[578.602972] (-) TimerEvent: {}
[578.710456] (-) TimerEvent: {}
[578.733376] (gps_mavros) StdoutLine: {'line': b'-- Up-to-date: /ODLC_Machine_Inferencing_System_2025-2026/ros2_workspace/install/gps_mavros/local/lib/python3.10/dist-packages/gps_mavros/srv\n'}
[578.810639] (-) TimerEvent: {}
[578.915656] (-) TimerEvent: {}
[579.019827] (-) TimerEvent: {}
[579.122425] (-) TimerEvent: {}
[579.226265] (-) TimerEvent: {}
[579.271486] (gps_mavros) StdoutLine: {'line': b'-- Up-to-date: /ODLC_Machine_Inferencing_System_2025-2026/ros2_workspace/install/gps_mavros/local/lib/python3.10/dist-packages/gps_mavros/srv/_get_gps_data.py\n'}
[579.326538] (-) TimerEvent: {}
[579.437033] (-) TimerEvent: {}
[579.546739] (-) TimerEvent: {}
[579.649624] (-) TimerEvent: {}
[579.757252] (-) TimerEvent: {}
[579.858693] (gps_mavros) StdoutLine: {'line': b'-- Up-to-date: /ODLC_Machine_Inferencing_System_2025-2026/ros2_workspace/install/gps_mavros/local/lib/python3.10/dist-packages/gps_mavros/srv/_get_gps_data_s.c\n'}
[579.884261] (-) TimerEvent: {}
[579.997067] (-) TimerEvent: {}
[580.107688] (-) TimerEvent: {}
[580.215030] (-) TimerEvent: {}
[580.309520] (gps_mavros) StdoutLine: {'line': b'-- Up-to-date: /ODLC_Machine_Inferencing_System_2025-2026/ros2_workspace/install/gps_mavros/local/lib/python3.10/dist-packages/gps_mavros/srv/__init__.py\n'}
[580.340759] (-) TimerEvent: {}
[580.446676] (-) TimerEvent: {}
[580.552148] (-) TimerEvent: {}
[580.655503] (-) TimerEvent: {}
[580.729046] (gps_mavros) StdoutLine: {'line': b'-- Up-to-date: /ODLC_Machine_Inferencing_System_2025-2026/ros2_workspace/install/gps_mavros/local/lib/python3.10/dist-packages/gps_mavros/_gps_mavros_s.ep.rosidl_typesupport_c.c\n'}
[580.758682] (-) TimerEvent: {}
[580.882999] (-) TimerEvent: {}
[580.989113] (-) TimerEvent: {}
[581.100457] (-) TimerEvent: {}
[581.207975] (-) TimerEvent: {}
[581.321168] (-) TimerEvent: {}
[581.362285] (gps_mavros) StdoutLine: {'line': b'-- Up-to-date: /ODLC_Machine_Inferencing_System_2025-2026/ros2_workspace/install/gps_mavros/local/lib/python3.10/dist-packages/gps_mavros/_gps_mavros_s.ep.rosidl_typesupport_fastrtps_c.c\n'}
[581.485982] (-) TimerEvent: {}
[581.597564] (-) TimerEvent: {}
[581.745419] (-) TimerEvent: {}
[581.893505] (-) TimerEvent: {}
[582.001233] (-) TimerEvent: {}
[582.122796] (-) TimerEvent: {}
[582.250891] (-) TimerEvent: {}
[582.360010] (-) TimerEvent: {}
[582.456973] (gps_mavros) StdoutLine: {'line': b'-- Up-to-date: /ODLC_Machine_Inferencing_System_2025-2026/ros2_workspace/install/gps_mavros/local/lib/python3.10/dist-packages/gps_mavros/_gps_mavros_s.ep.rosidl_typesupport_introspection_c.c\n'}
[582.528834] (-) TimerEvent: {}
[582.640353] (-) TimerEvent: {}
[582.774781] (-) TimerEvent: {}
[582.895911] (-) TimerEvent: {}
[583.008968] (-) TimerEvent: {}
[583.112077] (-) TimerEvent: {}
[583.217117] (-) TimerEvent: {}
[583.319968] (-) TimerEvent: {}
[583.386585] (gps_mavros) StdoutLine: {'line': b'-- Installing: /ODLC_Machine_Inferencing_System_2025-2026/ros2_workspace/install/gps_mavros/local/lib/python3.10/dist-packages/gps_mavros/__init__.py\n'}
[583.420359] (-) TimerEvent: {}
[583.536221] (-) TimerEvent: {}
[583.667244] (-) TimerEvent: {}
[583.787707] (-) TimerEvent: {}
[583.926625] (-) TimerEvent: {}
[584.043553] (-) TimerEvent: {}
[584.158320] (-) TimerEvent: {}
[584.260803] (-) TimerEvent: {}
[584.370211] (-) TimerEvent: {}
[584.480272] (-) TimerEvent: {}
[584.621510] (-) TimerEvent: {}
[584.738723] (-) TimerEvent: {}
[584.853666] (-) TimerEvent: {}
[584.962290] (-) TimerEvent: {}
[585.064238] (-) TimerEvent: {}
[585.174825] (-) TimerEvent: {}
[585.288890] (-) TimerEvent: {}
[585.411881] (-) TimerEvent: {}
[585.514867] (-) TimerEvent: {}
[585.618578] (-) TimerEvent: {}
[585.726929] (-) TimerEvent: {}
[585.829084] (-) TimerEvent: {}
[585.933510] (-) TimerEvent: {}
[586.034891] (-) TimerEvent: {}
[586.140434] (-) TimerEvent: {}
[586.247238] (-) TimerEvent: {}
[586.348925] (-) TimerEvent: {}
[586.455606] (-) TimerEvent: {}
[586.558041] (-) TimerEvent: {}
[586.663597] (-) TimerEvent: {}
[586.768760] (-) TimerEvent: {}
[586.889172] (-) TimerEvent: {}
[586.992914] (-) TimerEvent: {}
[587.096170] (-) TimerEvent: {}
[587.225113] (-) TimerEvent: {}
[587.339269] (-) TimerEvent: {}
[587.455141] (-) TimerEvent: {}
[587.608153] (-) TimerEvent: {}
[587.710372] (-) TimerEvent: {}
[587.821362] (-) TimerEvent: {}
[587.932475] (-) TimerEvent: {}
[588.062876] (-) TimerEvent: {}
[588.169601] (-) TimerEvent: {}
[588.282513] (-) TimerEvent: {}
[588.392515] (-) TimerEvent: {}
[588.500129] (-) TimerEvent: {}
[588.607784] (-) TimerEvent: {}
[588.717175] (-) TimerEvent: {}
[588.825949] (-) TimerEvent: {}
[588.933076] (-) TimerEvent: {}
[589.039503] (-) TimerEvent: {}
[589.153346] (-) TimerEvent: {}
[589.273143] (-) TimerEvent: {}
[589.397028] (-) TimerEvent: {}
[589.522336] (-) TimerEvent: {}
[589.631180] (-) TimerEvent: {}
[589.733918] (-) TimerEvent: {}
[589.842426] (-) TimerEvent: {}
[589.946043] (-) TimerEvent: {}
[590.069028] (-) TimerEvent: {}
[590.171840] (-) TimerEvent: {}
[590.310352] (-) TimerEvent: {}
[590.426303] (-) TimerEvent: {}
[590.531390] (-) TimerEvent: {}
[590.636619] (-) TimerEvent: {}
[590.739525] (-) TimerEvent: {}
[590.843833] (-) TimerEvent: {}
[590.947673] (-) TimerEvent: {}
[591.054594] (-) TimerEvent: {}
[591.175817] (-) TimerEvent: {}
[591.288407] (-) TimerEvent: {}
[591.393353] (-) TimerEvent: {}
[591.503761] (-) TimerEvent: {}
[591.641003] (-) TimerEvent: {}
[591.790546] (-) TimerEvent: {}
[591.907030] (-) TimerEvent: {}
[592.019968] (-) TimerEvent: {}
[592.152139] (-) TimerEvent: {}
[592.267206] (-) TimerEvent: {}
[592.400027] (-) TimerEvent: {}
[592.527865] (-) TimerEvent: {}
[592.636827] (-) TimerEvent: {}
[592.748193] (-) TimerEvent: {}
[592.850681] (-) TimerEvent: {}
[592.965240] (-) TimerEvent: {}
[593.093473] (-) TimerEvent: {}
[593.216687] (-) TimerEvent: {}
[593.327170] (-) TimerEvent: {}
[593.437385] (-) TimerEvent: {}
[593.548679] (-) TimerEvent: {}
[593.658428] (-) TimerEvent: {}
[593.762323] (-) TimerEvent: {}
[593.864997] (-) TimerEvent: {}
[593.971029] (-) TimerEvent: {}
[594.086904] (-) TimerEvent: {}
[594.189023] (-) TimerEvent: {}
[594.293664] (-) TimerEvent: {}
[594.435329] (-) TimerEvent: {}
[594.547909] (-) TimerEvent: {}
[594.662218] (-) TimerEvent: {}
[594.778860] (-) TimerEvent: {}
[594.894701] (-) TimerEvent: {}
[594.997925] (-) TimerEvent: {}
[595.102500] (-) TimerEvent: {}
[595.216661] (-) TimerEvent: {}
[595.320976] (-) TimerEvent: {}
[595.423392] (-) TimerEvent: {}
[595.529161] (-) TimerEvent: {}
[595.639125] (-) TimerEvent: {}
[595.740995] (-) TimerEvent: {}
[595.844641] (-) TimerEvent: {}
[595.953099] (-) TimerEvent: {}
[596.060176] (-) TimerEvent: {}
[596.162563] (-) TimerEvent: {}
[596.270542] (-) TimerEvent: {}
[596.378833] (-) TimerEvent: {}
[596.482115] (-) TimerEvent: {}
[596.586703] (-) TimerEvent: {}
[596.699394] (-) TimerEvent: {}
[596.801930] (-) TimerEvent: {}
[596.903910] (-) TimerEvent: {}
[597.012246] (-) TimerEvent: {}
[597.061598] (gps_mavros) StdoutLine: {'line': b"Listing '/ODLC_Machine_Inferencing_System_2025-2026/ros2_workspace/install/gps_mavros/local/lib/python3.10/dist-packages/gps_mavros'...\n"}
[597.068721] (gps_mavros) StdoutLine: {'line': b"Compiling '/ODLC_Machine_Inferencing_System_2025-2026/ros2_workspace/install/gps_mavros/local/lib/python3.10/dist-packages/gps_mavros/__init__.py'...\n"}
[597.081819] (gps_mavros) StdoutLine: {'line': b"Listing '/ODLC_Machine_Inferencing_System_2025-2026/ros2_workspace/install/gps_mavros/local/lib/python3.10/dist-packages/gps_mavros/srv'...\n"}
[597.112421] (-) TimerEvent: {}
[597.218973] (-) TimerEvent: {}
[597.327151] (-) TimerEvent: {}
[597.432088] (-) TimerEvent: {}
[597.540136] (-) TimerEvent: {}
[597.645734] (-) TimerEvent: {}
[597.751523] (-) TimerEvent: {}
[597.859128] (-) TimerEvent: {}
[597.906806] (gps_mavros) StdoutLine: {'line': b'-- Up-to-date: /ODLC_Machine_Inferencing_System_2025-2026/ros2_workspace/install/gps_mavros/local/lib/python3.10/dist-packages/gps_mavros/gps_mavros_s__rosidl_typesupport_fastrtps_c.cpython-310-x86_64-linux-gnu.so\n'}
[597.959647] (-) TimerEvent: {}
[598.064189] (-) TimerEvent: {}
[598.170685] (-) TimerEvent: {}
[598.275467] (-) TimerEvent: {}
[598.377513] (-) TimerEvent: {}
[598.480461] (-) TimerEvent: {}
[598.591719] (-) TimerEvent: {}
[598.703743] (-) TimerEvent: {}
[598.817305] (-) TimerEvent: {}
[598.921750] (-) TimerEvent: {}
[599.027804] (-) TimerEvent: {}
[599.129076] (-) TimerEvent: {}
[599.232590] (-) TimerEvent: {}
[599.321387] (gps_mavros) StdoutLine: {'line': b'-- Up-to-date: /ODLC_Machine_Inferencing_System_2025-2026/ros2_workspace/install/gps_mavros/local/lib/python3.10/dist-packages/gps_mavros/gps_mavros_s__rosidl_typesupport_introspection_c.cpython-310-x86_64-linux-gnu.so\n'}
[599.333072] (-) TimerEvent: {}
[599.440314] (-) TimerEvent: {}
[599.547628] (-) TimerEvent: {}
[599.653006] (-) TimerEvent: {}
[599.758583] (-) TimerEvent: {}
[599.867143] (-) TimerEvent: {}
[599.971903] (-) TimerEvent: {}
[600.093550] (-) TimerEvent: {}
[600.207237] (-) TimerEvent: {}
[600.317099] (-) TimerEvent: {}
[600.423314] (-) TimerEvent: {}
[600.526273] (-) TimerEvent: {}
[600.631406] (-) TimerEvent: {}
[600.733437] (-) TimerEvent: {}
[600.839920] (-) TimerEvent: {}
[600.947883] (-) TimerEvent: {}
[600.966602] (gps_mavros) StdoutLine: {'line': b'-- Up-to-date: /ODLC_Machine_Inferencing_System_2025-2026/ros2_workspace/install/gps_mavros/local/lib/python3.10/dist-packages/gps_mavros/gps_mavros_s__rosidl_typesupport_c.cpython-310-x86_64-linux-gnu.so\n'}
[601.050414] (-) TimerEvent: {}
[601.159325] (-) TimerEvent: {}
[601.267676] (-) TimerEvent: {}
[601.376870] (-) TimerEvent: {}
[601.486718] (-) TimerEvent: {}
[601.615387] (-) TimerEvent: {}
[601.727419] (-) TimerEvent: {}
[601.856027] (-) TimerEvent: {}
[601.959457] (-) TimerEvent: {}
[602.071529] (-) TimerEvent: {}
[602.176094] (-) TimerEvent: {}
[602.278652] (-) TimerEvent: {}
[602.387778] (-) TimerEvent: {}
[602.489300] (-) TimerEvent: {}
[602.593760] (-) TimerEvent: {}
[602.677642] (gps_mavros) StdoutLine: {'line': b'-- Up-to-date: /ODLC_Machine_Inferencing_System_2025-2026/ros2_workspace/install/gps_mavros/lib/libgps_mavros__rosidl_generator_py.so\n'}
[602.694799] (-) TimerEvent: {}
[602.799047] (-) TimerEvent: {}
[602.918484] (-) TimerEvent: {}
[603.021082] (-) TimerEvent: {}
[603.152434] (-) TimerEvent: {}
[603.255810] (-) TimerEvent: {}
[603.363500] (-) TimerEvent: {}
[603.466065] (-) TimerEvent: {}
[603.568729] (-) TimerEvent: {}
[603.584113] (gps_mavros) StdoutLine: {'line': b'-- Up-to-date: /ODLC_Machine_Inferencing_System_2025-2026/ros2_workspace/install/gps_mavros/share/gps_mavros/srv/GetGPSData.idl\n'}
[603.669909] (-) TimerEvent: {}
[603.786341] (-) TimerEvent: {}
[603.891009] (-) TimerEvent: {}
[603.996629] (-) TimerEvent: {}
[604.101526] (-) TimerEvent: {}
[604.212749] (-) TimerEvent: {}
[604.224782] (gps_mavros) StdoutLine: {'line': b'-- Up-to-date: /ODLC_Machine_Inferencing_System_2025-2026/ros2_workspace/install/gps_mavros/share/gps_mavros/srv/GetGPSData.srv\n'}
[604.313015] (-) TimerEvent: {}
[604.418223] (-) TimerEvent: {}
[604.526507] (-) TimerEvent: {}
[604.575112] (gps_mavros) StdoutLine: {'line': b'-- Up-to-date: /ODLC_Machine_Inferencing_System_2025-2026/ros2_workspace/install/gps_mavros/share/gps_mavros/srv/GetGPSData_Request.msg\n'}
[604.626887] (-) TimerEvent: {}
[604.742557] (-) TimerEvent: {}
[604.859277] (-) TimerEvent: {}
[604.971372] (-) TimerEvent: {}
[605.040321] (gps_mavros) StdoutLine: {'line': b'-- Up-to-date: /ODLC_Machine_Inferencing_System_2025-2026/ros2_workspace/install/gps_mavros/share/gps_mavros/srv/GetGPSData_Response.msg\n'}
[605.072132] (-) TimerEvent: {}
[605.176515] (-) TimerEvent: {}
[605.293820] (-) TimerEvent: {}
[605.410587] (-) TimerEvent: {}
[605.513149] (-) TimerEvent: {}
[605.532243] (gps_mavros) StdoutLine: {'line': b'-- Installing: /ODLC_Machine_Inferencing_System_2025-2026/ros2_workspace/install/gps_mavros/share/ament_index/resource_index/package_run_dependencies/gps_mavros\n'}
[605.615830] (-) TimerEvent: {}
[605.729410] (-) TimerEvent: {}
[605.844291] (-) TimerEvent: {}
[605.953348] (-) TimerEvent: {}
[606.066658] (-) TimerEvent: {}
[606.169731] (-) TimerEvent: {}
[606.275524] (-) TimerEvent: {}
[606.388757] (-) TimerEvent: {}
[606.498521] (-) TimerEvent: {}
[606.614905] (-) TimerEvent: {}
[606.722546] (-) TimerEvent: {}
[606.830170] (-) TimerEvent: {}
[606.970923] (-) TimerEvent: {}
[607.082993] (-) TimerEvent: {}
[607.189369] (-) TimerEvent: {}
[607.252008] (gps_mavros) StdoutLine: {'line': b'-- Installing: /ODLC_Machine_Inferencing_System_2025-2026/ros2_workspace/install/gps_mavros/share/ament_index/resource_index/parent_prefix_path/gps_mavros\n'}
[607.310581] (-) TimerEvent: {}
[607.416442] (-) TimerEvent: {}
[607.523424] (-) TimerEvent: {}
[607.638270] (-) TimerEvent: {}
[607.740779] (-) TimerEvent: {}
[607.842125] (-) TimerEvent: {}
[607.946101] (-) TimerEvent: {}
[608.058075] (-) TimerEvent: {}
[608.160252] (-) TimerEvent: {}
[608.262952] (-) TimerEvent: {}
[608.366937] (-) TimerEvent: {}
[608.476215] (-) TimerEvent: {}
[608.510939] (gps_mavros) StdoutLine: {'line': b'-- Up-to-date: /ODLC_Machine_Inferencing_System_2025-2026/ros2_workspace/install/gps_mavros/share/gps_mavros/environment/ament_prefix_path.sh\n'}
[608.578199] (-) TimerEvent: {}
[608.686663] (-) TimerEvent: {}
[608.791507] (-) TimerEvent: {}
[608.803613] (gps_mavros) StdoutLine: {'line': b'-- Installing: /ODLC_Machine_Inferencing_System_2025-2026/ros2_workspace/install/gps_mavros/share/gps_mavros/environment/ament_prefix_path.dsv\n'}
[608.891907] (-) TimerEvent: {}
[608.994919] (-) TimerEvent: {}
[609.110069] (-) TimerEvent: {}
[609.214721] (-) TimerEvent: {}
[609.323669] (-) TimerEvent: {}
[609.449142] (-) TimerEvent: {}
[609.552723] (-) TimerEvent: {}
[609.677729] (-) TimerEvent: {}
[609.796909] (-) TimerEvent: {}
[609.903025] (-) TimerEvent: {}
[610.023204] (-) TimerEvent: {}
[610.127448] (-) TimerEvent: {}
[610.163616] (gps_mavros) StdoutLine: {'line': b'-- Up-to-date: /ODLC_Machine_Inferencing_System_2025-2026/ros2_workspace/install/gps_mavros/share/gps_mavros/environment/path.sh\n'}
[610.237397] (-) TimerEvent: {}
[610.339216] (-) TimerEvent: {}
[610.404322] (gps_mavros) StdoutLine: {'line': b'-- Installing: /ODLC_Machine_Inferencing_System_2025-2026/ros2_workspace/install/gps_mavros/share/gps_mavros/environment/path.dsv\n'}
[610.439713] (-) TimerEvent: {}
[610.545008] (-) TimerEvent: {}
[610.650327] (-) TimerEvent: {}
[610.753526] (-) TimerEvent: {}
[610.871399] (-) TimerEvent: {}
[610.981064] (-) TimerEvent: {}
[611.087753] (-) TimerEvent: {}
[611.159358] (gps_mavros) StdoutLine: {'line': b'-- Up-to-date: /ODLC_Machine_Inferencing_System_2025-2026/ros2_workspace/install/gps_mavros/share/gps_mavros/local_setup.bash\n'}
[611.187949] (-) TimerEvent: {}
[611.301395] (-) TimerEvent: {}
[611.420323] (-) TimerEvent: {}
[611.528985] (-) TimerEvent: {}
[611.632983] (-) TimerEvent: {}
[611.649991] (gps_mavros) StdoutLine: {'line': b'-- Up-to-date: /ODLC_Machine_Inferencing_System_2025-2026/ros2_workspace/install/gps_mavros/share/gps_mavros/local_setup.sh\n'}
[611.734736] (-) TimerEvent: {}
[611.861406] (-) TimerEvent: {}
[611.974202] (-) TimerEvent: {}
[612.082040] (-) TimerEvent: {}
[612.197819] (-) TimerEvent: {}
[612.244877] (gps_mavros) StdoutLine: {'line': b'-- Up-to-date: /ODLC_Machine_Inferencing_System_2025-2026/ros2_workspace/install/gps_mavros/share/gps_mavros/local_setup.zsh\n'}
[612.309753] (-) TimerEvent: {}
[612.426858] (-) TimerEvent: {}
[612.529211] (-) TimerEvent: {}
[612.637319] (-) TimerEvent: {}
[612.751797] (-) TimerEvent: {}
[612.767628] (gps_mavros) StdoutLine: {'line': b'-- Installing: /ODLC_Machine_Inferencing_System_2025-2026/ros2_workspace/install/gps_mavros/share/gps_mavros/local_setup.dsv\n'}
[612.856665] (-) TimerEvent: {}
[612.964979] (-) TimerEvent: {}
[613.079430] (-) TimerEvent: {}
[613.183728] (-) TimerEvent: {}
[613.293672] (-) TimerEvent: {}
[613.400869] (-) TimerEvent: {}
[613.511352] (-) TimerEvent: {}
[613.613617] (-) TimerEvent: {}
[613.744019] (-) TimerEvent: {}
[613.851600] (-) TimerEvent: {}
[613.973283] (-) TimerEvent: {}
[614.052207] (gps_mavros) StdoutLine: {'line': b'-- Installing: /ODLC_Machine_Inferencing_System_2025-2026/ros2_workspace/install/gps_mavros/share/gps_mavros/package.dsv\n'}
[614.074614] (-) TimerEvent: {}
[614.177041] (-) TimerEvent: {}
[614.281647] (-) TimerEvent: {}
[614.385964] (-) TimerEvent: {}
[614.492621] (-) TimerEvent: {}
[614.603071] (-) TimerEvent: {}
[614.704695] (-) TimerEvent: {}
[614.806171] (-) TimerEvent: {}
[614.915853] (-) TimerEvent: {}
[615.024656] (-) TimerEvent: {}
[615.141303] (-) TimerEvent: {}
[615.208998] (gps_mavros) StdoutLine: {'line': b'-- Up-to-date: /ODLC_Machine_Inferencing_System_2025-2026/ros2_workspace/install/gps_mavros/share/ament_index/resource_index/packages/gps_mavros\n'}
[615.241607] (-) TimerEvent: {}
[615.348835] (-) TimerEvent: {}
[615.458770] (-) TimerEvent: {}
[615.561909] (-) TimerEvent: {}
[615.672434] (-) TimerEvent: {}
[615.775105] (-) TimerEvent: {}
[615.883735] (-) TimerEvent: {}
[615.895166] (gps_mavros) StdoutLine: {'line': b'-- Up-to-date: /ODLC_Machine_Inferencing_System_2025-2026/ros2_workspace/install/gps_mavros/share/gps_mavros/cmake/export_gps_mavros__rosidl_generator_cExport.cmake\n'}
[615.983957] (-) TimerEvent: {}
[616.088280] (-) TimerEvent: {}
[616.210868] (-) TimerEvent: {}
[616.324105] (-) TimerEvent: {}
[616.377286] (gps_mavros) StdoutLine: {'line': b'-- Up-to-date: /ODLC_Machine_Inferencing_System_2025-2026/ros2_workspace/install/gps_mavros/share/gps_mavros/cmake/export_gps_mavros__rosidl_generator_cExport-noconfig.cmake\n'}
[616.424516] (-) TimerEvent: {}
[616.531458] (-) TimerEvent: {}
[616.632841] (-) TimerEvent: {}
[616.735710] (-) TimerEvent: {}
[616.825242] (gps_mavros) StdoutLine: {'line': b'-- Up-to-date: /ODLC_Machine_Inferencing_System_2025-2026/ros2_workspace/install/gps_mavros/share/gps_mavros/cmake/export_gps_mavros__rosidl_typesupport_fastrtps_cExport.cmake\n'}
[616.838335] (-) TimerEvent: {}
[616.940348] (-) TimerEvent: {}
[617.042461] (-) TimerEvent: {}
[617.144546] (-) TimerEvent: {}
[617.255775] (-) TimerEvent: {}
[617.326651] (gps_mavros) StdoutLine: {'line': b'-- Up-to-date: /ODLC_Machine_Inferencing_System_2025-2026/ros2_workspace/install/gps_mavros/share/gps_mavros/cmake/export_gps_mavros__rosidl_typesupport_fastrtps_cExport-noconfig.cmake\n'}
[617.358033] (-) TimerEvent: {}
[617.479903] (-) TimerEvent: {}
[617.582267] (-) TimerEvent: {}
[617.685835] (-) TimerEvent: {}
[617.790744] (-) TimerEvent: {}
[617.894873] (-) TimerEvent: {}
[617.996936] (-) TimerEvent: {}
[618.016635] (gps_mavros) StdoutLine: {'line': b'-- Up-to-date: /ODLC_Machine_Inferencing_System_2025-2026/ros2_workspace/install/gps_mavros/share/gps_mavros/cmake/gps_mavros__rosidl_typesupport_introspection_cExport.cmake\n'}
[618.097314] (-) TimerEvent: {}
[618.198721] (-) TimerEvent: {}
[618.302522] (-) TimerEvent: {}
[618.407683] (-) TimerEvent: {}
[618.439340] (gps_mavros) StdoutLine: {'line': b'-- Up-to-date: /ODLC_Machine_Inferencing_System_2025-2026/ros2_workspace/install/gps_mavros/share/gps_mavros/cmake/gps_mavros__rosidl_typesupport_introspection_cExport-noconfig.cmake\n'}
[618.508080] (-) TimerEvent: {}
[618.615070] (-) TimerEvent: {}
[618.730919] (-) TimerEvent: {}
[618.843924] (-) TimerEvent: {}
[618.956883] (-) TimerEvent: {}
[619.065510] (-) TimerEvent: {}
[619.168264] (-) TimerEvent: {}
[619.275657] (-) TimerEvent: {}
[619.377984] (-) TimerEvent: {}
[619.424128] (gps_mavros) StdoutLine: {'line': b'-- Up-to-date: /ODLC_Machine_Inferencing_System_2025-2026/ros2_workspace/install/gps_mavros/share/gps_mavros/cmake/gps_mavros__rosidl_typesupport_cExport.cmake\n'}
[619.486566] (-) TimerEvent: {}
[619.588139] (-) TimerEvent: {}
[619.692799] (-) TimerEvent: {}
[619.795000] (-) TimerEvent: {}
[619.900935] (-) TimerEvent: {}
[619.941316] (gps_mavros) StdoutLine: {'line': b'-- Up-to-date: /ODLC_Machine_Inferencing_System_2025-2026/ros2_workspace/install/gps_mavros/share/gps_mavros/cmake/gps_mavros__rosidl_typesupport_cExport-noconfig.cmake\n'}
[620.001171] (-) TimerEvent: {}
[620.104875] (-) TimerEvent: {}
[620.206171] (-) TimerEvent: {}
[620.308797] (-) TimerEvent: {}
[620.414588] (-) TimerEvent: {}
[620.435736] (gps_mavros) StdoutLine: {'line': b'-- Up-to-date: /ODLC_Machine_Inferencing_System_2025-2026/ros2_workspace/install/gps_mavros/share/gps_mavros/cmake/export_gps_mavros__rosidl_generator_cppExport.cmake\n'}
[620.520895] (-) TimerEvent: {}
[620.624861] (-) TimerEvent: {}
[620.730525] (-) TimerEvent: {}
[620.834143] (-) TimerEvent: {}
[620.907101] (gps_mavros) StdoutLine: {'line': b'-- Up-to-date: /ODLC_Machine_Inferencing_System_2025-2026/ros2_workspace/install/gps_mavros/share/gps_mavros/cmake/export_gps_mavros__rosidl_typesupport_fastrtps_cppExport.cmake\n'}
[620.934287] (-) TimerEvent: {}
[621.040169] (-) TimerEvent: {}
[621.143789] (-) TimerEvent: {}
[621.254630] (-) TimerEvent: {}
[621.374590] (-) TimerEvent: {}
[621.479117] (-) TimerEvent: {}
[621.569840] (gps_mavros) StdoutLine: {'line': b'-- Up-to-date: /ODLC_Machine_Inferencing_System_2025-2026/ros2_workspace/install/gps_mavros/share/gps_mavros/cmake/export_gps_mavros__rosidl_typesupport_fastrtps_cppExport-noconfig.cmake\n'}
[621.602587] (-) TimerEvent: {}
[621.768696] (-) TimerEvent: {}
[621.904902] (-) TimerEvent: {}
[622.007953] (-) TimerEvent: {}
[622.127964] (-) TimerEvent: {}
[622.238612] (-) TimerEvent: {}
[622.371640] (-) TimerEvent: {}
[622.393206] (gps_mavros) StdoutLine: {'line': b'-- Up-to-date: /ODLC_Machine_Inferencing_System_2025-2026/ros2_workspace/install/gps_mavros/share/gps_mavros/cmake/gps_mavros__rosidl_typesupport_introspection_cppExport.cmake\n'}
[622.472024] (-) TimerEvent: {}
[622.574001] (-) TimerEvent: {}
[622.682480] (-) TimerEvent: {}
[622.735220] (gps_mavros) StdoutLine: {'line': b'-- Up-to-date: /ODLC_Machine_Inferencing_System_2025-2026/ros2_workspace/install/gps_mavros/share/gps_mavros/cmake/gps_mavros__rosidl_typesupport_introspection_cppExport-noconfig.cmake\n'}
[622.783105] (-) TimerEvent: {}
[622.885445] (-) TimerEvent: {}
[622.989770] (-) TimerEvent: {}
[623.101118] (-) TimerEvent: {}
[623.206647] (-) TimerEvent: {}
[623.246363] (gps_mavros) StdoutLine: {'line': b'-- Up-to-date: /ODLC_Machine_Inferencing_System_2025-2026/ros2_workspace/install/gps_mavros/share/gps_mavros/cmake/gps_mavros__rosidl_typesupport_cppExport.cmake\n'}
[623.306968] (-) TimerEvent: {}
[623.408967] (-) TimerEvent: {}
[623.511751] (-) TimerEvent: {}
[623.618335] (-) TimerEvent: {}
[623.658167] (gps_mavros) StdoutLine: {'line': b'-- Up-to-date: /ODLC_Machine_Inferencing_System_2025-2026/ros2_workspace/install/gps_mavros/share/gps_mavros/cmake/gps_mavros__rosidl_typesupport_cppExport-noconfig.cmake\n'}
[623.719690] (-) TimerEvent: {}
[623.826876] (-) TimerEvent: {}
[623.933594] (-) TimerEvent: {}
[624.039270] (-) TimerEvent: {}
[624.143329] (-) TimerEvent: {}
[624.261642] (-) TimerEvent: {}
[624.277969] (gps_mavros) StdoutLine: {'line': b'-- Up-to-date: /ODLC_Machine_Inferencing_System_2025-2026/ros2_workspace/install/gps_mavros/share/gps_mavros/cmake/export_gps_mavros__rosidl_generator_pyExport.cmake\n'}
[624.364594] (-) TimerEvent: {}
[624.471810] (-) TimerEvent: {}
[624.576518] (-) TimerEvent: {}
[624.691791] (-) TimerEvent: {}
[624.798381] (-) TimerEvent: {}
[624.901529] (-) TimerEvent: {}
[624.993888] (gps_mavros) StdoutLine: {'line': b'-- Up-to-date: /ODLC_Machine_Inferencing_System_2025-2026/ros2_workspace/install/gps_mavros/share/gps_mavros/cmake/export_gps_mavros__rosidl_generator_pyExport-noconfig.cmake\n'}
[625.030017] (-) TimerEvent: {}
[625.135492] (-) TimerEvent: {}
[625.238216] (-) TimerEvent: {}
[625.301374] (gps_mavros) StdoutLine: {'line': b'-- Up-to-date: /ODLC_Machine_Inferencing_System_2025-2026/ros2_workspace/install/gps_mavros/share/gps_mavros/cmake/rosidl_cmake-extras.cmake\n'}
[625.338627] (-) TimerEvent: {}
[625.450151] (-) TimerEvent: {}
[625.553391] (-) TimerEvent: {}
[625.604915] (gps_mavros) StdoutLine: {'line': b'-- Up-to-date: /ODLC_Machine_Inferencing_System_2025-2026/ros2_workspace/install/gps_mavros/share/gps_mavros/cmake/ament_cmake_export_include_directories-extras.cmake\n'}
[625.653806] (-) TimerEvent: {}
[625.759678] (-) TimerEvent: {}
[625.861267] (-) TimerEvent: {}
[625.883419] (gps_mavros) StdoutLine: {'line': b'-- Up-to-date: /ODLC_Machine_Inferencing_System_2025-2026/ros2_workspace/install/gps_mavros/share/gps_mavros/cmake/ament_cmake_export_libraries-extras.cmake\n'}
[625.961546] (-) TimerEvent: {}
[626.063341] (-) TimerEvent: {}
[626.074024] (gps_mavros) StdoutLine: {'line': b'-- Up-to-date: /ODLC_Machine_Inferencing_System_2025-2026/ros2_workspace/install/gps_mavros/share/gps_mavros/cmake/ament_cmake_export_targets-extras.cmake\n'}
[626.164605] (-) TimerEvent: {}
[626.268441] (-) TimerEvent: {}
[626.372267] (-) TimerEvent: {}
[626.392087] (gps_mavros) StdoutLine: {'line': b'-- Up-to-date: /ODLC_Machine_Inferencing_System_2025-2026/ros2_workspace/install/gps_mavros/share/gps_mavros/cmake/rosidl_cmake_export_typesupport_targets-extras.cmake\n'}
[626.475995] (-) TimerEvent: {}
[626.592119] (-) TimerEvent: {}
[626.705713] (-) TimerEvent: {}
[626.827969] (-) TimerEvent: {}
[626.987760] (-) TimerEvent: {}
[627.103017] (-) TimerEvent: {}
[627.211279] (-) TimerEvent: {}
[627.317378] (-) TimerEvent: {}
[627.356392] (gps_mavros) StdoutLine: {'line': b'-- Up-to-date: /ODLC_Machine_Inferencing_System_2025-2026/ros2_workspace/install/gps_mavros/share/gps_mavros/cmake/ament_cmake_export_dependencies-extras.cmake\n'}
[627.417663] (-) TimerEvent: {}
[627.529899] (-) TimerEvent: {}
[627.632145] (-) TimerEvent: {}
[627.734272] (-) TimerEvent: {}
[627.787022] (gps_mavros) StdoutLine: {'line': b'-- Up-to-date: /ODLC_Machine_Inferencing_System_2025-2026/ros2_workspace/install/gps_mavros/share/gps_mavros/cmake/rosidl_cmake_export_typesupport_libraries-extras.cmake\n'}
[627.838821] (-) TimerEvent: {}
[627.956173] (-) TimerEvent: {}
[628.057901] (-) TimerEvent: {}
[628.169488] (-) TimerEvent: {}
[628.273174] (-) TimerEvent: {}
[628.381901] (-) TimerEvent: {}
[628.495590] (-) TimerEvent: {}
[628.505094] (gps_mavros) StdoutLine: {'line': b'-- Up-to-date: /ODLC_Machine_Inferencing_System_2025-2026/ros2_workspace/install/gps_mavros/share/gps_mavros/cmake/gps_mavrosConfig.cmake\n'}
[628.595876] (-) TimerEvent: {}
[628.703955] (-) TimerEvent: {}
[628.806768] (-) TimerEvent: {}
[628.913505] (-) TimerEvent: {}
[628.919127] (gps_mavros) StdoutLine: {'line': b'-- Up-to-date: /ODLC_Machine_Inferencing_System_2025-2026/ros2_workspace/install/gps_mavros/share/gps_mavros/cmake/gps_mavrosConfig-version.cmake\n'}
[629.026849] (-) TimerEvent: {}
[629.130529] (-) TimerEvent: {}
[629.251709] (-) TimerEvent: {}
[629.360706] (-) TimerEvent: {}
[629.415482] (gps_mavros) StdoutLine: {'line': b'-- Installing: /ODLC_Machine_Inferencing_System_2025-2026/ros2_workspace/install/gps_mavros/share/gps_mavros/package.xml\n'}
[629.462079] (-) TimerEvent: {}
[629.564425] (-) TimerEvent: {}
[629.668224] (-) TimerEvent: {}
[629.771180] (-) TimerEvent: {}
[629.875936] (-) TimerEvent: {}
[629.984089] (-) TimerEvent: {}
[630.095406] (-) TimerEvent: {}
[630.211808] (-) TimerEvent: {}
[630.343433] (-) TimerEvent: {}
[630.453274] (-) TimerEvent: {}
[630.559246] (-) TimerEvent: {}
[630.665086] (-) TimerEvent: {}
[630.767326] (-) TimerEvent: {}
[630.789289] (gps_mavros) CommandEnded: {'returncode': 0}
[630.871066] (-) TimerEvent: {}
[630.979066] (-) TimerEvent: {}
[631.097420] (-) TimerEvent: {}
[631.201871] (-) TimerEvent: {}
[631.314238] (-) TimerEvent: {}
[631.433486] (-) TimerEvent: {}
[631.557002] (-) TimerEvent: {}
[631.697822] (-) TimerEvent: {}
[631.808368] (-) TimerEvent: {}
[631.917952] (-) TimerEvent: {}
[632.038843] (-) TimerEvent: {}
[632.156061] (-) TimerEvent: {}
[632.264583] (-) TimerEvent: {}
[632.369973] (-) TimerEvent: {}
[632.479009] (-) TimerEvent: {}
[632.584302] (-) TimerEvent: {}
[632.719501] (-) TimerEvent: {}
[632.861409] (-) TimerEvent: {}
[632.964552] (-) TimerEvent: {}
[633.087049] (-) TimerEvent: {}
[633.195592] (-) TimerEvent: {}
[633.297803] (-) TimerEvent: {}
[633.408445] (-) TimerEvent: {}
[633.514650] (-) TimerEvent: {}
[633.616898] (-) TimerEvent: {}
[633.722030] (-) TimerEvent: {}
[633.826561] (-) TimerEvent: {}
[633.927750] (-) TimerEvent: {}
[634.030861] (-) TimerEvent: {}
[634.134141] (-) TimerEvent: {}
[634.238554] (-) TimerEvent: {}
[634.339416] (-) TimerEvent: {}
[634.441612] (-) TimerEvent: {}
[634.545184] (-) TimerEvent: {}
[634.649502] (-) TimerEvent: {}
[634.755177] (-) TimerEvent: {}
[634.857399] (-) TimerEvent: {}
[634.959038] (-) TimerEvent: {}
[635.060292] (-) TimerEvent: {}
[635.162321] (-) TimerEvent: {}
[635.267917] (-) TimerEvent: {}
[635.372094] (-) TimerEvent: {}
[635.475245] (-) TimerEvent: {}
[635.577150] (-) TimerEvent: {}
[635.679933] (-) TimerEvent: {}
[635.787102] (-) TimerEvent: {}
[635.900738] (-) TimerEvent: {}
[636.004052] (-) TimerEvent: {}
[636.117850] (-) TimerEvent: {}
[636.220712] (-) TimerEvent: {}
[636.329178] (-) TimerEvent: {}
[636.432425] (-) TimerEvent: {}
[636.534965] (-) TimerEvent: {}
[636.639646] (-) TimerEvent: {}
[636.748468] (-) TimerEvent: {}
[636.854794] (-) TimerEvent: {}
[636.959580] (-) TimerEvent: {}
[637.070745] (-) TimerEvent: {}
[637.180208] (-) TimerEvent: {}
[637.288187] (-) TimerEvent: {}
[637.392871] (-) TimerEvent: {}
[637.498969] (-) TimerEvent: {}
[637.601836] (-) TimerEvent: {}
[637.703013] (-) TimerEvent: {}
[637.804020] (-) TimerEvent: {}
[637.910962] (-) TimerEvent: {}
[638.017101] (-) TimerEvent: {}
[638.121562] (-) TimerEvent: {}
[638.225749] (-) TimerEvent: {}
[638.331290] (-) TimerEvent: {}
[638.433702] (-) TimerEvent: {}
[638.538603] (-) TimerEvent: {}
[638.646642] (-) TimerEvent: {}
[638.750581] (-) TimerEvent: {}
[638.855198] (-) TimerEvent: {}
[638.957452] (-) TimerEvent: {}
[639.069843] (-) TimerEvent: {}
[639.171530] (-) TimerEvent: {}
[639.273651] (-) TimerEvent: {}
[639.376588] (-) TimerEvent: {}
[639.480386] (-) TimerEvent: {}
[639.583838] (-) TimerEvent: {}
[639.686022] (-) TimerEvent: {}
[639.788101] (-) TimerEvent: {}
[639.892859] (-) TimerEvent: {}
[639.998878] (-) TimerEvent: {}
[640.101003] (-) TimerEvent: {}
[640.203567] (-) TimerEvent: {}
[640.306164] (-) TimerEvent: {}
[640.408415] (-) TimerEvent: {}
[640.513886] (-) TimerEvent: {}
[640.630340] (-) TimerEvent: {}
[640.733543] (-) TimerEvent: {}
[640.836739] (-) TimerEvent: {}
[640.944989] (-) TimerEvent: {}
[641.047397] (-) TimerEvent: {}
[641.151702] (-) TimerEvent: {}
[641.259844] (-) TimerEvent: {}
[641.371911] (-) TimerEvent: {}
[641.475501] (-) TimerEvent: {}
[641.580165] (-) TimerEvent: {}
[641.699515] (-) TimerEvent: {}
[641.827266] (-) TimerEvent: {}
[641.935897] (-) TimerEvent: {}
[642.049686] (-) TimerEvent: {}
[642.169442] (-) TimerEvent: {}
[642.286091] (-) TimerEvent: {}
[642.415493] (-) TimerEvent: {}
[642.524967] (-) TimerEvent: {}
[642.635055] (-) TimerEvent: {}
[642.762942] (-) TimerEvent: {}
[642.877863] (-) TimerEvent: {}
[642.983281] (-) TimerEvent: {}
[643.100680] (-) TimerEvent: {}
[643.208973] (-) TimerEvent: {}
[643.314831] (-) TimerEvent: {}
[643.417872] (-) TimerEvent: {}
[643.525740] (-) TimerEvent: {}
[643.641146] (-) TimerEvent: {}
[643.762857] (-) TimerEvent: {}
[643.865231] (-) TimerEvent: {}
[643.978565] (-) TimerEvent: {}
[644.082954] (-) TimerEvent: {}
[644.185468] (-) TimerEvent: {}
[644.294027] (-) TimerEvent: {}
[644.400388] (-) TimerEvent: {}
[644.504235] (-) TimerEvent: {}
[644.646977] (-) TimerEvent: {}
[644.771838] (-) TimerEvent: {}
[644.877834] (-) TimerEvent: {}
[645.009710] (-) TimerEvent: {}
[645.127077] (-) TimerEvent: {}
[645.237875] (-) TimerEvent: {}
[645.349261] (-) TimerEvent: {}
[645.451848] (-) TimerEvent: {}
[645.556651] (-) TimerEvent: {}
[645.665904] (-) TimerEvent: {}
[645.782951] (-) TimerEvent: {}
[645.894670] (-) TimerEvent: {}
[646.003924] (-) TimerEvent: {}
[646.106557] (-) TimerEvent: {}
[646.209278] (-) TimerEvent: {}
[646.319278] (-) TimerEvent: {}
[646.424054] (-) TimerEvent: {}
[646.527581] (-) TimerEvent: {}
[646.636058] (-) TimerEvent: {}
[646.762956] (-) TimerEvent: {}
[646.867237] (-) TimerEvent: {}
[646.988917] (-) TimerEvent: {}
[647.090121] (-) TimerEvent: {}
[647.199269] (-) TimerEvent: {}
[647.304076] (-) TimerEvent: {}
[647.408188] (-) TimerEvent: {}
[647.548273] (-) TimerEvent: {}
[647.659216] (-) TimerEvent: {}
[647.769386] (-) TimerEvent: {}
[647.890510] (-) TimerEvent: {}
[648.006702] (-) TimerEvent: {}
[648.139842] (-) TimerEvent: {}
[648.268549] (-) TimerEvent: {}
[648.375394] (-) TimerEvent: {}
[648.502902] (-) TimerEvent: {}
[648.630587] (-) TimerEvent: {}
[648.746911] (-) TimerEvent: {}
[648.857368] (-) TimerEvent: {}
[648.962130] (-) TimerEvent: {}
[649.069142] (-) TimerEvent: {}
[649.175111] (-) TimerEvent: {}
[649.301601] (-) TimerEvent: {}
[649.419255] (gps_mavros) JobEnded: {'identifier': 'gps_mavros', 'rc': 0}
[649.548752] (-) TimerEvent: {}
[649.550531] (-) EventReactorShutdown: {}
