[0.000000] (-) TimerEvent: {}
[0.006683] (-) JobUnselected: {'identifier': 'gps_ros2'}
[0.020149] (-) JobUnselected: {'identifier': 'package1'}
[0.025221] (-) JobUnselected: {'identifier': 'temperature_interface'}
[0.027892] (gps_mavros) JobQueued: {'identifier': 'gps_mavros', 'dependencies': OrderedDict()}
[0.031005] (gps_mavros) JobStarted: {'identifier': 'gps_mavros'}
[0.056063] (-) TimerEvent: {}
[0.164053] (-) TimerEvent: {}
[0.267674] (-) TimerEvent: {}
[0.344083] (gps_mavros) JobProgress: {'identifier': 'gps_mavros', 'progress': 'cmake'}
[0.368499] (-) TimerEvent: {}
[0.474721] (-) TimerEvent: {}
[0.610060] (-) TimerEvent: {}
[0.730307] (-) TimerEvent: {}
[0.847777] (-) TimerEvent: {}
[0.967348] (-) TimerEvent: {}
[1.078845] (-) TimerEvent: {}
[1.181633] (-) TimerEvent: {}
[1.289747] (-) TimerEvent: {}
[1.418407] (-) TimerEvent: {}
[1.537257] (-) TimerEvent: {}
[1.612768] (gps_mavros) Command: {'cmd': ['/usr/bin/cmake', '/ODLC_Machine_Inferencing_System_2025-2026/ros2_workspace/source/gps_mavros', '-DCMAKE_INSTALL_PREFIX=/ODLC_Machine_Inferencing_System_2025-2026/ros2_workspace/install/gps_mavros'], 'cwd': '/ODLC_Machine_Inferencing_System_2025-2026/ros2_workspace/build/gps_mavros', 'env': OrderedDict([('PYTHON_BASIC_REPL', '1'), ('HOSTNAME', 'docker-desktop'), ('GIT_ASKPASS', '/vscode/vscode-server/bin/linux-x64/03c265b1adee71ac88f833e065f7bb956b60550a/extensions/git/dist/askpass.sh'), ('SHLVL', '2'), ('LD_LIBRARY_PATH', '/opt/ros/humble/opt/rviz_ogre_vendor/lib:/opt/ros/humble/lib/x86_64-linux-gnu:/opt/ros/humble/lib'), ('BROWSER', '/vscode/vscode-server/bin/linux-x64/03c265b1adee71ac88f833e065f7bb956b60550a/bin/helpers/browser.sh'), ('HOME', '/home/ubuntu'), ('OLDPWD', '/ODLC_Machine_Inferencing_System_2025-2026/ros2_workspace/source'), ('TERM_PROGRAM_VERSION', '1.105.0'), ('VSCODE_IPC_HOOK_CLI', '/tmp/vscode-ipc-45d6664b-9d05-4b08-bcfb-6f21bd310d14.sock'), ('ROS_PYTHON_VERSION', '3'), ('VSCODE_GIT_ASKPASS_MAIN', '/vscode/vscode-server/bin/linux-x64/03c265b1adee71ac88f833e065f7bb956b60550a/extensions/git/dist/askpass-main.js'), ('VSCODE_GIT_ASKPASS_NODE', '/vscode/vscode-server/bin/linux-x64/03c265b1adee71ac88f833e065f7bb956b60550a/node'), ('PYDEVD_DISABLE_FILE_VALIDATION', '1'), ('BUNDLED_DEBUGPY_PATH', '/home/ubuntu/.vscode-server/extensions/ms-python.debugpy-2025.14.0-linux-x64/bundled/libs/debugpy'), ('VSCODE_PYTHON_AUTOACTIVATE_GUARD', '1'), ('COLORTERM', 'truecolor'), ('REMOTE_CONTAINERS', 'true'), ('WAYLAND_DISPLAY', 'vscode-wayland-7867dc08-88f4-4bd5-8596-ea9712f5a7a1.sock'), ('ROS_DISTRO', 'humble'), ('REMOTE_CONTAINERS_IPC', '/tmp/vscode-remote-containers-ipc-d5105989-edb8-4c74-b48b-69aa229c9a3c.sock'), ('_', '/usr/bin/colcon'), ('ROS_VERSION', '2'), ('TERM', 'xterm-256color'), ('ROS_LOCALHOST_ONLY', '0'), ('PATH', '/vscode/vscode-server/bin/linux-x64/c306e94f98122556ca081f527b466015e1bc37b0/bin/remote-cli:/home/ubuntu/.local/bin:/opt/ros/humble/bin:/usr/local/sbin:/usr/local/bin:/usr/sbin:/usr/bin:/sbin:/bin:/home/ubuntu/ardu_ws/Micro-XRCE-DDS-Gen/scripts:/home/ubuntu/.vscode-server/data/User/globalStorage/github.copilot-chat/debugCommand:/home/ubuntu/ardu_ws/Micro-XRCE-DDS-Gen/scripts:/home/ubuntu/ardu_ws/src/ardupilot/Tools/autotest'), ('XDG_RUNTIME_DIR', '/tmp/user/1000'), ('REMOTE_CONTAINERS_SOCKETS', '["/home/ubuntu/.gnupg/S.gpg-agent"]'), ('DISPLAY', 'host.docker.internal:0.0'), ('VSCODE_DEBUGPY_ADAPTER_ENDPOINTS', '/home/ubuntu/.vscode-server/extensions/ms-python.debugpy-2025.14.0-linux-x64/.noConfigDebugAdapterEndpoints/endpoint-c94bd0c74effbbe6.txt'), ('LANG', 'C.UTF-8'), ('PYTHONSTARTUP', '/home/ubuntu/.vscode-server/data/User/workspaceStorage/1d87b516b83a512fdf37d51607465b70/ms-python.python/pythonrc.py'), ('LS_COLORS', 'rs=0:di=01;34:ln=01;36:mh=00:pi=40;33:so=01;35:do=01;35:bd=40;33;01:cd=40;33;01:or=40;31;01:mi=00:su=37;41:sg=30;43:ca=30;41:tw=30;42:ow=34;42:st=37;44:ex=01;32:*.tar=01;31:*.tgz=01;31:*.arc=01;31:*.arj=01;31:*.taz=01;31:*.lha=01;31:*.lz4=01;31:*.lzh=01;31:*.lzma=01;31:*.tlz=01;31:*.txz=01;31:*.tzo=01;31:*.t7z=01;31:*.zip=01;31:*.z=01;31:*.dz=01;31:*.gz=01;31:*.lrz=01;31:*.lz=01;31:*.lzo=01;31:*.xz=01;31:*.zst=01;31:*.tzst=01;31:*.bz2=01;31:*.bz=01;31:*.tbz=01;31:*.tbz2=01;31:*.tz=01;31:*.deb=01;31:*.rpm=01;31:*.jar=01;31:*.war=01;31:*.ear=01;31:*.sar=01;31:*.rar=01;31:*.alz=01;31:*.ace=01;31:*.zoo=01;31:*.cpio=01;31:*.7z=01;31:*.rz=01;31:*.cab=01;31:*.wim=01;31:*.swm=01;31:*.dwm=01;31:*.esd=01;31:*.jpg=01;35:*.jpeg=01;35:*.mjpg=01;35:*.mjpeg=01;35:*.gif=01;35:*.bmp=01;35:*.pbm=01;35:*.pgm=01;35:*.ppm=01;35:*.tga=01;35:*.xbm=01;35:*.xpm=01;35:*.tif=01;35:*.tiff=01;35:*.png=01;35:*.svg=01;35:*.svgz=01;35:*.mng=01;35:*.pcx=01;35:*.mov=01;35:*.mpg=01;35:*.mpeg=01;35:*.m2v=01;35:*.mkv=01;35:*.webm=01;35:*.webp=01;35:*.ogm=01;35:*.mp4=01;35:*.m4v=01;35:*.mp4v=01;35:*.vob=01;35:*.qt=01;35:*.nuv=01;35:*.wmv=01;35:*.asf=01;35:*.rm=01;35:*.rmvb=01;35:*.flc=01;35:*.avi=01;35:*.fli=01;35:*.flv=01;35:*.gl=01;35:*.dl=01;35:*.xcf=01;35:*.xwd=01;35:*.yuv=01;35:*.cgm=01;35:*.emf=01;35:*.ogv=01;35:*.ogx=01;35:*.aac=00;36:*.au=00;36:*.flac=00;36:*.m4a=00;36:*.mid=00;36:*.midi=00;36:*.mka=00;36:*.mp3=00;36:*.mpc=00;36:*.ogg=00;36:*.ra=00;36:*.wav=00;36:*.oga=00;36:*.opus=00;36:*.spx=00;36:*.xspf=00;36:'), ('VSCODE_GIT_IPC_HANDLE', '/tmp/user/1000/vscode-git-58379d938b.sock'), ('TERM_PROGRAM', 'vscode'), ('AMENT_PREFIX_PATH', '/opt/ros/humble'), ('SHELL', '/bin/bash'), ('GZ_VERSION', 'harmonic'), ('VSCODE_GIT_ASKPASS_EXTRA_ARGS', ''), ('PWD', '/ODLC_Machine_Inferencing_System_2025-2026/ros2_workspace/build/gps_mavros'), ('LC_ALL', 'C.UTF-8'), ('PYTHONPATH', '/opt/ros/humble/lib/python3.10/site-packages:/opt/ros/humble/local/lib/python3.10/dist-packages'), ('COLCON', '1'), ('CMAKE_PREFIX_PATH', '/opt/ros/humble')]), 'shell': False}
[1.833021] (-) TimerEvent: {}
[1.945293] (-) TimerEvent: {}
[2.052836] (-) TimerEvent: {}
[2.167578] (-) TimerEvent: {}
[2.291408] (-) TimerEvent: {}
[2.412304] (-) TimerEvent: {}
[2.514085] (-) TimerEvent: {}
[2.617071] (-) TimerEvent: {}
[2.722203] (-) TimerEvent: {}
[2.828553] (-) TimerEvent: {}
[2.941727] (-) TimerEvent: {}
[3.049716] (-) TimerEvent: {}
[3.170852] (-) TimerEvent: {}
[3.283614] (-) TimerEvent: {}
[3.390480] (-) TimerEvent: {}
[3.495194] (-) TimerEvent: {}
[3.606452] (-) TimerEvent: {}
[3.714846] (-) TimerEvent: {}
[3.824546] (-) TimerEvent: {}
[3.930039] (-) TimerEvent: {}
[4.032877] (-) TimerEvent: {}
[4.142594] (-) TimerEvent: {}
[4.250400] (-) TimerEvent: {}
[4.360153] (-) TimerEvent: {}
[4.464196] (-) TimerEvent: {}
[4.574938] (-) TimerEvent: {}
[4.678370] (-) TimerEvent: {}
[4.808494] (-) TimerEvent: {}
[4.928275] (-) TimerEvent: {}
[5.041629] (-) TimerEvent: {}
[5.182368] (-) TimerEvent: {}
[5.284820] (-) TimerEvent: {}
[5.398446] (-) TimerEvent: {}
[5.514550] (-) TimerEvent: {}
[5.648593] (-) TimerEvent: {}
[5.764828] (-) TimerEvent: {}
[5.869341] (-) TimerEvent: {}
[5.993866] (-) TimerEvent: {}
[6.109679] (-) TimerEvent: {}
[6.227255] (-) TimerEvent: {}
[6.342393] (-) TimerEvent: {}
[6.452024] (-) TimerEvent: {}
[6.562365] (-) TimerEvent: {}
[6.688978] (-) TimerEvent: {}
[6.795674] (-) TimerEvent: {}
[6.906798] (-) TimerEvent: {}
[7.090781] (-) TimerEvent: {}
[7.203168] (-) TimerEvent: {}
[7.305152] (-) TimerEvent: {}
[7.409201] (-) TimerEvent: {}
[7.512652] (-) TimerEvent: {}
[7.616865] (-) TimerEvent: {}
[7.752762] (-) TimerEvent: {}
[7.873116] (-) TimerEvent: {}
[7.981077] (-) TimerEvent: {}
[8.093778] (-) TimerEvent: {}
[8.203784] (-) TimerEvent: {}
[8.310579] (-) TimerEvent: {}
[8.421520] (-) TimerEvent: {}
[8.538208] (-) TimerEvent: {}
[8.648301] (-) TimerEvent: {}
[8.767496] (-) TimerEvent: {}
[8.874790] (-) TimerEvent: {}
[8.891247] (gps_mavros) StdoutLine: {'line': b'-- The C compiler identification is GNU 11.4.0\n'}
[8.974961] (-) TimerEvent: {}
[9.083127] (-) TimerEvent: {}
[9.188210] (-) TimerEvent: {}
[9.305621] (-) TimerEvent: {}
[9.421326] (-) TimerEvent: {}
[9.533262] (-) TimerEvent: {}
[9.647351] (-) TimerEvent: {}
[9.754661] (-) TimerEvent: {}
[9.870997] (-) TimerEvent: {}
[10.039564] (-) TimerEvent: {}
[10.168373] (-) TimerEvent: {}
[10.279974] (-) TimerEvent: {}
[10.384398] (-) TimerEvent: {}
[10.493420] (-) TimerEvent: {}
[10.607937] (-) TimerEvent: {}
[10.710754] (-) TimerEvent: {}
[10.816318] (-) TimerEvent: {}
[10.930147] (-) TimerEvent: {}
[11.037393] (-) TimerEvent: {}
[11.156059] (-) TimerEvent: {}
[11.265615] (-) TimerEvent: {}
[11.386690] (-) TimerEvent: {}
[11.500717] (-) TimerEvent: {}
[11.605577] (-) TimerEvent: {}
[11.708049] (-) TimerEvent: {}
[11.819936] (-) TimerEvent: {}
[11.928694] (-) TimerEvent: {}
[12.041514] (-) TimerEvent: {}
[12.151255] (-) TimerEvent: {}
[12.288121] (-) TimerEvent: {}
[12.393854] (-) TimerEvent: {}
[12.512768] (-) TimerEvent: {}
[12.618151] (-) TimerEvent: {}
[12.728968] (-) TimerEvent: {}
[12.839717] (-) TimerEvent: {}
[12.947454] (-) TimerEvent: {}
[13.057299] (-) TimerEvent: {}
[13.103359] (gps_mavros) StdoutLine: {'line': b'-- The CXX compiler identification is GNU 11.4.0\n'}
[13.161427] (-) TimerEvent: {}
[13.275829] (-) TimerEvent: {}
[13.380084] (-) TimerEvent: {}
[13.493269] (-) TimerEvent: {}
[13.623741] (-) TimerEvent: {}
[13.756541] (-) TimerEvent: {}
[13.873665] (-) TimerEvent: {}
[13.996971] (-) TimerEvent: {}
[14.127796] (-) TimerEvent: {}
[14.233169] (-) TimerEvent: {}
[14.353619] (-) TimerEvent: {}
[14.472374] (-) TimerEvent: {}
[14.578227] (-) TimerEvent: {}
[14.697499] (-) TimerEvent: {}
[14.814283] (-) TimerEvent: {}
[14.940607] (-) TimerEvent: {}
[15.076968] (-) TimerEvent: {}
[15.199050] (-) TimerEvent: {}
[15.325370] (-) TimerEvent: {}
[15.447564] (-) TimerEvent: {}
[15.555227] (gps_mavros) StdoutLine: {'line': b'-- Detecting C compiler ABI info\n'}
[15.641359] (-) TimerEvent: {}
[15.764668] (-) TimerEvent: {}
[15.902865] (-) TimerEvent: {}
[16.045976] (-) TimerEvent: {}
[16.168080] (-) TimerEvent: {}
[16.295999] (-) TimerEvent: {}
[16.416044] (-) TimerEvent: {}
[16.543318] (-) TimerEvent: {}
[16.680230] (-) TimerEvent: {}
[16.801225] (-) TimerEvent: {}
[16.911412] (-) TimerEvent: {}
[17.019964] (-) TimerEvent: {}
[17.127478] (-) TimerEvent: {}
[17.233077] (-) TimerEvent: {}
[17.336303] (-) TimerEvent: {}
[17.445522] (-) TimerEvent: {}
[17.565020] (-) TimerEvent: {}
[17.668559] (-) TimerEvent: {}
[17.775973] (-) TimerEvent: {}
[17.879747] (-) TimerEvent: {}
[17.983727] (-) TimerEvent: {}
[18.090621] (-) TimerEvent: {}
[18.201686] (-) TimerEvent: {}
[18.324277] (-) TimerEvent: {}
[18.427301] (-) TimerEvent: {}
[18.544041] (-) TimerEvent: {}
[18.661338] (-) TimerEvent: {}
[18.769697] (-) TimerEvent: {}
[18.874759] (-) TimerEvent: {}
[18.981825] (-) TimerEvent: {}
[19.095274] (-) TimerEvent: {}
[19.205994] (-) TimerEvent: {}
[19.337746] (-) TimerEvent: {}
[19.454579] (-) TimerEvent: {}
[19.564741] (-) TimerEvent: {}
[19.684383] (-) TimerEvent: {}
[19.791616] (-) TimerEvent: {}
[19.903956] (-) TimerEvent: {}
[20.014663] (-) TimerEvent: {}
[20.135007] (-) TimerEvent: {}
[20.236610] (-) TimerEvent: {}
[20.339208] (-) TimerEvent: {}
[20.445273] (-) TimerEvent: {}
[20.549821] (-) TimerEvent: {}
[20.657461] (-) TimerEvent: {}
[20.762854] (-) TimerEvent: {}
[20.868636] (-) TimerEvent: {}
[20.970934] (-) TimerEvent: {}
[21.072228] (-) TimerEvent: {}
[21.179731] (-) TimerEvent: {}
[21.288053] (-) TimerEvent: {}
[21.415386] (-) TimerEvent: {}
[21.536099] (-) TimerEvent: {}
[21.666040] (-) TimerEvent: {}
[21.772155] (-) TimerEvent: {}
[21.882371] (-) TimerEvent: {}
[22.000203] (-) TimerEvent: {}
[22.115095] (-) TimerEvent: {}
[22.222899] (-) TimerEvent: {}
[22.348049] (-) TimerEvent: {}
[22.460854] (-) TimerEvent: {}
[22.573707] (-) TimerEvent: {}
[22.687179] (-) TimerEvent: {}
[22.791644] (-) TimerEvent: {}
[22.895986] (-) TimerEvent: {}
[23.007976] (-) TimerEvent: {}
[23.112957] (-) TimerEvent: {}
[23.222629] (-) TimerEvent: {}
[23.327686] (-) TimerEvent: {}
[23.453446] (-) TimerEvent: {}
[23.569624] (-) TimerEvent: {}
[23.679533] (-) TimerEvent: {}
[23.785030] (-) TimerEvent: {}
[23.906733] (-) TimerEvent: {}
[24.025842] (-) TimerEvent: {}
[24.151927] (-) TimerEvent: {}
[24.261110] (-) TimerEvent: {}
[24.369741] (-) TimerEvent: {}
[24.474697] (-) TimerEvent: {}
[24.585589] (-) TimerEvent: {}
[24.697016] (-) TimerEvent: {}
[24.801651] (-) TimerEvent: {}
[24.913208] (-) TimerEvent: {}
[25.023399] (-) TimerEvent: {}
[25.129855] (-) TimerEvent: {}
[25.241751] (-) TimerEvent: {}
[25.363210] (-) TimerEvent: {}
[25.480501] (-) TimerEvent: {}
[25.602707] (-) TimerEvent: {}
[25.713874] (-) TimerEvent: {}
[25.823159] (-) TimerEvent: {}
[25.926733] (-) TimerEvent: {}
[26.033489] (-) TimerEvent: {}
[26.150845] (-) TimerEvent: {}
[26.258317] (-) TimerEvent: {}
[26.366609] (-) TimerEvent: {}
[26.469639] (-) TimerEvent: {}
[26.572596] (-) TimerEvent: {}
[26.678493] (-) TimerEvent: {}
[26.783747] (-) TimerEvent: {}
[26.892013] (-) TimerEvent: {}
[26.998201] (-) TimerEvent: {}
[27.109632] (-) TimerEvent: {}
[27.212709] (-) TimerEvent: {}
[27.319663] (-) TimerEvent: {}
[27.432193] (-) TimerEvent: {}
[27.538153] (-) TimerEvent: {}
[27.643549] (-) TimerEvent: {}
[27.726673] (gps_mavros) StdoutLine: {'line': b'-- Detecting C compiler ABI info - done\n'}
[27.743699] (-) TimerEvent: {}
[27.845913] (-) TimerEvent: {}
[27.955516] (-) TimerEvent: {}
[28.070537] (-) TimerEvent: {}
[28.186891] (-) TimerEvent: {}
[28.315657] (-) TimerEvent: {}
[28.362423] (gps_mavros) StdoutLine: {'line': b'-- Check for working C compiler: /usr/bin/cc - skipped\n'}
[28.372488] (gps_mavros) StdoutLine: {'line': b'-- Detecting C compile features\n'}
[28.395958] (gps_mavros) StdoutLine: {'line': b'-- Detecting C compile features - done\n'}
[28.421547] (-) TimerEvent: {}
[28.527131] (-) TimerEvent: {}
[28.644112] (-) TimerEvent: {}
[28.748096] (-) TimerEvent: {}
[28.852507] (-) TimerEvent: {}
[28.957439] (-) TimerEvent: {}
[29.063035] (-) TimerEvent: {}
[29.167447] (-) TimerEvent: {}
[29.268635] (-) TimerEvent: {}
[29.279413] (gps_mavros) StdoutLine: {'line': b'-- Detecting CXX compiler ABI info\n'}
[29.368783] (-) TimerEvent: {}
[29.472475] (-) TimerEvent: {}
[29.576792] (-) TimerEvent: {}
[29.680375] (-) TimerEvent: {}
[29.782222] (-) TimerEvent: {}
[29.885350] (-) TimerEvent: {}
[29.990017] (-) TimerEvent: {}
[30.094642] (-) TimerEvent: {}
[30.204180] (-) TimerEvent: {}
[30.310814] (-) TimerEvent: {}
[30.411992] (-) TimerEvent: {}
[30.515547] (-) TimerEvent: {}
[30.619514] (-) TimerEvent: {}
[30.726468] (-) TimerEvent: {}
[30.834780] (-) TimerEvent: {}
[30.941006] (-) TimerEvent: {}
[31.044716] (-) TimerEvent: {}
[31.156305] (-) TimerEvent: {}
[31.272191] (-) TimerEvent: {}
[31.393397] (-) TimerEvent: {}
[31.498887] (-) TimerEvent: {}
[31.630147] (-) TimerEvent: {}
[31.762217] (-) TimerEvent: {}
[31.866077] (-) TimerEvent: {}
[31.983466] (-) TimerEvent: {}
[32.092592] (-) TimerEvent: {}
[32.200349] (-) TimerEvent: {}
[32.327014] (-) TimerEvent: {}
[32.430938] (-) TimerEvent: {}
[32.534640] (-) TimerEvent: {}
[32.656577] (-) TimerEvent: {}
[32.764376] (-) TimerEvent: {}
[32.873411] (-) TimerEvent: {}
[32.976962] (-) TimerEvent: {}
[33.083807] (-) TimerEvent: {}
[33.189519] (-) TimerEvent: {}
[33.304516] (-) TimerEvent: {}
[33.420675] (-) TimerEvent: {}
[33.532164] (-) TimerEvent: {}
[33.649747] (-) TimerEvent: {}
[33.756969] (-) TimerEvent: {}
[33.865956] (-) TimerEvent: {}
[33.988072] (-) TimerEvent: {}
[34.096135] (-) TimerEvent: {}
[34.201909] (-) TimerEvent: {}
[34.304031] (-) TimerEvent: {}
[34.417776] (-) TimerEvent: {}
[34.518995] (-) TimerEvent: {}
[34.622558] (-) TimerEvent: {}
[34.743920] (-) TimerEvent: {}
[34.869961] (-) TimerEvent: {}
[34.999486] (-) TimerEvent: {}
[35.125538] (-) TimerEvent: {}
[35.233050] (-) TimerEvent: {}
[35.345531] (-) TimerEvent: {}
[35.451471] (-) TimerEvent: {}
[35.560031] (-) TimerEvent: {}
[35.670335] (-) TimerEvent: {}
[35.781103] (-) TimerEvent: {}
[35.888588] (-) TimerEvent: {}
[35.993879] (-) TimerEvent: {}
[36.100285] (-) TimerEvent: {}
[36.201955] (-) TimerEvent: {}
[36.311355] (-) TimerEvent: {}
[36.413096] (-) TimerEvent: {}
[36.516827] (-) TimerEvent: {}
[36.619638] (-) TimerEvent: {}
[36.725519] (-) TimerEvent: {}
[36.828654] (-) TimerEvent: {}
[36.941441] (-) TimerEvent: {}
[37.044177] (-) TimerEvent: {}
[37.147540] (-) TimerEvent: {}
[37.253241] (-) TimerEvent: {}
[37.365930] (-) TimerEvent: {}
[37.494290] (-) TimerEvent: {}
[37.601600] (-) TimerEvent: {}
[37.711441] (-) TimerEvent: {}
[37.817872] (-) TimerEvent: {}
[37.925498] (-) TimerEvent: {}
[38.033588] (-) TimerEvent: {}
[38.138809] (-) TimerEvent: {}
[38.248011] (-) TimerEvent: {}
[38.356032] (-) TimerEvent: {}
[38.461604] (-) TimerEvent: {}
[38.568498] (-) TimerEvent: {}
[38.652985] (gps_mavros) StdoutLine: {'line': b'-- Detecting CXX compiler ABI info - done\n'}
[38.693379] (-) TimerEvent: {}
[38.815659] (-) TimerEvent: {}
[38.917951] (-) TimerEvent: {}
[38.949216] (gps_mavros) StdoutLine: {'line': b'-- Check for working CXX compiler: /usr/bin/c++ - skipped\n'}
[38.956710] (gps_mavros) StdoutLine: {'line': b'-- Detecting CXX compile features\n'}
[38.965680] (gps_mavros) StdoutLine: {'line': b'-- Detecting CXX compile features - done\n'}
[39.020604] (-) TimerEvent: {}
[39.121677] (-) TimerEvent: {}
[39.227242] (-) TimerEvent: {}
[39.338711] (-) TimerEvent: {}
[39.450201] (-) TimerEvent: {}
[39.557624] (-) TimerEvent: {}
[39.663711] (-) TimerEvent: {}
[39.789303] (-) TimerEvent: {}
[39.902247] (-) TimerEvent: {}
[40.003477] (gps_mavros) StdoutLine: {'line': b'-- Found ament_cmake: 1.3.12 (/opt/ros/humble/share/ament_cmake/cmake)\n'}
[40.036356] (-) TimerEvent: {}
[40.152701] (-) TimerEvent: {}
[40.259017] (-) TimerEvent: {}
[40.363438] (-) TimerEvent: {}
[40.468925] (-) TimerEvent: {}
[40.571963] (-) TimerEvent: {}
[40.675524] (-) TimerEvent: {}
[40.793371] (-) TimerEvent: {}
[40.904409] (-) TimerEvent: {}
[41.014507] (-) TimerEvent: {}
[41.123616] (-) TimerEvent: {}
[41.236493] (-) TimerEvent: {}
[41.343826] (-) TimerEvent: {}
[41.451634] (-) TimerEvent: {}
[41.554446] (-) TimerEvent: {}
[41.658104] (-) TimerEvent: {}
[41.768325] (-) TimerEvent: {}
[41.871451] (-) TimerEvent: {}
[41.977114] (-) TimerEvent: {}
[42.083107] (-) TimerEvent: {}
[42.187591] (-) TimerEvent: {}
[42.296453] (-) TimerEvent: {}
[42.320073] (gps_mavros) StdoutLine: {'line': b'-- Found Python3: /usr/bin/python3 (found version "3.10.12") found components: Interpreter \n'}
[42.407827] (-) TimerEvent: {}
[42.510423] (-) TimerEvent: {}
[42.619784] (-) TimerEvent: {}
[42.722876] (-) TimerEvent: {}
[42.824731] (-) TimerEvent: {}
[42.930511] (-) TimerEvent: {}
[43.040771] (-) TimerEvent: {}
[43.142783] (-) TimerEvent: {}
[43.246194] (-) TimerEvent: {}
[43.352666] (-) TimerEvent: {}
[43.459411] (-) TimerEvent: {}
[43.573821] (-) TimerEvent: {}
[43.704323] (-) TimerEvent: {}
[43.806931] (-) TimerEvent: {}
[43.914879] (-) TimerEvent: {}
[44.044451] (-) TimerEvent: {}
[44.159297] (-) TimerEvent: {}
[44.265023] (-) TimerEvent: {}
[44.268947] (gps_mavros) StdoutLine: {'line': b'-- Found rosidl_default_generators: 1.2.0 (/opt/ros/humble/share/rosidl_default_generators/cmake)\n'}
[44.365359] (-) TimerEvent: {}
[44.373578] (gps_mavros) StdoutLine: {'line': b'-- Using all available rosidl_typesupport_c: rosidl_typesupport_fastrtps_c;rosidl_typesupport_introspection_c\n'}
[44.408056] (gps_mavros) StdoutLine: {'line': b'-- Found rosidl_adapter: 3.1.7 (/opt/ros/humble/share/rosidl_adapter/cmake)\n'}
[44.465507] (-) TimerEvent: {}
[44.570991] (-) TimerEvent: {}
[44.677941] (-) TimerEvent: {}
[44.693497] (gps_mavros) StdoutLine: {'line': b'-- Using all available rosidl_typesupport_cpp: rosidl_typesupport_fastrtps_cpp;rosidl_typesupport_introspection_cpp\n'}
[44.790854] (-) TimerEvent: {}
[44.904794] (-) TimerEvent: {}
[45.017020] (-) TimerEvent: {}
[45.176982] (-) TimerEvent: {}
[45.289573] (-) TimerEvent: {}
[45.395267] (-) TimerEvent: {}
[45.515000] (-) TimerEvent: {}
[45.620732] (-) TimerEvent: {}
[45.734635] (-) TimerEvent: {}
[45.843943] (-) TimerEvent: {}
[45.953409] (-) TimerEvent: {}
[46.060624] (-) TimerEvent: {}
[46.170271] (-) TimerEvent: {}
[46.280725] (-) TimerEvent: {}
[46.390697] (-) TimerEvent: {}
[46.493972] (-) TimerEvent: {}
[46.600133] (-) TimerEvent: {}
[46.708293] (-) TimerEvent: {}
[46.825835] (-) TimerEvent: {}
[46.930853] (-) TimerEvent: {}
[47.036887] (-) TimerEvent: {}
[47.141094] (-) TimerEvent: {}
[47.246606] (-) TimerEvent: {}
[47.349248] (-) TimerEvent: {}
[47.451290] (-) TimerEvent: {}
[47.553856] (-) TimerEvent: {}
[47.661131] (-) TimerEvent: {}
[47.767047] (-) TimerEvent: {}
[47.882243] (-) TimerEvent: {}
[47.988232] (-) TimerEvent: {}
[48.092233] (-) TimerEvent: {}
[48.204346] (-) TimerEvent: {}
[48.306974] (-) TimerEvent: {}
[48.414001] (-) TimerEvent: {}
[48.516711] (-) TimerEvent: {}
[48.626358] (-) TimerEvent: {}
[48.739650] (-) TimerEvent: {}
[48.858513] (-) TimerEvent: {}
[48.972112] (-) TimerEvent: {}
[49.080431] (-) TimerEvent: {}
[49.200685] (-) TimerEvent: {}
[49.303588] (-) TimerEvent: {}
[49.416586] (-) TimerEvent: {}
[49.523824] (-) TimerEvent: {}
[49.628148] (-) TimerEvent: {}
[49.735976] (-) TimerEvent: {}
[49.838375] (-) TimerEvent: {}
[49.946073] (-) TimerEvent: {}
[50.055018] (-) TimerEvent: {}
[50.159906] (-) TimerEvent: {}
[50.292071] (-) TimerEvent: {}
[50.396819] (-) TimerEvent: {}
[50.500472] (-) TimerEvent: {}
[50.603729] (-) TimerEvent: {}
[50.711505] (-) TimerEvent: {}
[50.814625] (-) TimerEvent: {}
[50.920213] (-) TimerEvent: {}
[51.022806] (-) TimerEvent: {}
[51.138032] (-) TimerEvent: {}
[51.253410] (-) TimerEvent: {}
[51.369836] (-) TimerEvent: {}
[51.484632] (-) TimerEvent: {}
[51.591450] (-) TimerEvent: {}
[51.696833] (-) TimerEvent: {}
[51.804510] (-) TimerEvent: {}
[51.916924] (-) TimerEvent: {}
[52.023956] (-) TimerEvent: {}
[52.128586] (-) TimerEvent: {}
[52.230241] (-) TimerEvent: {}
[52.336744] (-) TimerEvent: {}
[52.440423] (-) TimerEvent: {}
[52.550326] (-) TimerEvent: {}
[52.653552] (-) TimerEvent: {}
[52.755983] (-) TimerEvent: {}
[52.860259] (-) TimerEvent: {}
[52.972880] (-) TimerEvent: {}
[53.084304] (-) TimerEvent: {}
[53.212156] (-) TimerEvent: {}
[53.334648] (-) TimerEvent: {}
[53.450216] (-) TimerEvent: {}
[53.558789] (-) TimerEvent: {}
[53.692469] (-) TimerEvent: {}
[53.779710] (gps_mavros) StdoutLine: {'line': b'-- Found ament_cmake_ros: 0.10.0 (/opt/ros/humble/share/ament_cmake_ros/cmake)\n'}
[53.793466] (-) TimerEvent: {}
[53.894897] (-) TimerEvent: {}
[53.999087] (-) TimerEvent: {}
[54.102660] (-) TimerEvent: {}
[54.212631] (-) TimerEvent: {}
[54.318086] (-) TimerEvent: {}
[54.433465] (-) TimerEvent: {}
[54.538638] (-) TimerEvent: {}
[54.644192] (-) TimerEvent: {}
[54.762412] (-) TimerEvent: {}
[54.871076] (-) TimerEvent: {}
[55.004338] (-) TimerEvent: {}
[55.125708] (-) TimerEvent: {}
[55.233644] (-) TimerEvent: {}
[55.345512] (-) TimerEvent: {}
[55.449881] (-) TimerEvent: {}
[55.564076] (-) TimerEvent: {}
[55.671591] (-) TimerEvent: {}
[55.795482] (-) TimerEvent: {}
[55.906894] (-) TimerEvent: {}
[56.011689] (-) TimerEvent: {}
[56.118767] (-) TimerEvent: {}
[56.232565] (-) TimerEvent: {}
[56.349731] (-) TimerEvent: {}
[56.452099] (-) TimerEvent: {}
[56.570181] (-) TimerEvent: {}
[56.679380] (-) TimerEvent: {}
[56.785645] (-) TimerEvent: {}
[56.889095] (-) TimerEvent: {}
[56.994510] (-) TimerEvent: {}
[57.105459] (-) TimerEvent: {}
[57.213745] (-) TimerEvent: {}
[57.331924] (-) TimerEvent: {}
[57.439107] (-) TimerEvent: {}
[57.545058] (-) TimerEvent: {}
[57.661839] (-) TimerEvent: {}
[57.770712] (-) TimerEvent: {}
[57.874944] (-) TimerEvent: {}
[57.984751] (-) TimerEvent: {}
[58.086796] (-) TimerEvent: {}
[58.200240] (-) TimerEvent: {}
[58.310695] (-) TimerEvent: {}
[58.417545] (-) TimerEvent: {}
[58.520546] (-) TimerEvent: {}
[58.626122] (-) TimerEvent: {}
[58.733140] (-) TimerEvent: {}
[58.836162] (-) TimerEvent: {}
[58.943104] (-) TimerEvent: {}
[59.070004] (-) TimerEvent: {}
[59.174688] (-) TimerEvent: {}
[59.282901] (-) TimerEvent: {}
[59.388848] (-) TimerEvent: {}
[59.506362] (-) TimerEvent: {}
[59.617108] (-) TimerEvent: {}
[59.728793] (-) TimerEvent: {}
[59.839487] (-) TimerEvent: {}
[59.861092] (gps_mavros) StdoutLine: {'line': b'-- Using all available rosidl_typesupport_c: rosidl_typesupport_fastrtps_c;rosidl_typesupport_introspection_c\n'}
[59.940031] (-) TimerEvent: {}
[60.042614] (-) TimerEvent: {}
[60.156578] (-) TimerEvent: {}
[60.260493] (-) TimerEvent: {}
[60.375067] (-) TimerEvent: {}
[60.492399] (-) TimerEvent: {}
[60.601160] (-) TimerEvent: {}
[60.704045] (-) TimerEvent: {}
[60.820013] (-) TimerEvent: {}
[60.931247] (-) TimerEvent: {}
[61.044580] (-) TimerEvent: {}
[61.156878] (-) TimerEvent: {}
[61.283639] (-) TimerEvent: {}
[61.388572] (-) TimerEvent: {}
[61.498061] (-) TimerEvent: {}
[61.611196] (-) TimerEvent: {}
[61.715681] (-) TimerEvent: {}
[61.822035] (-) TimerEvent: {}
[61.932142] (-) TimerEvent: {}
[62.042736] (-) TimerEvent: {}
[62.151818] (-) TimerEvent: {}
[62.256379] (-) TimerEvent: {}
[62.358478] (-) TimerEvent: {}
[62.463947] (-) TimerEvent: {}
[62.567112] (-) TimerEvent: {}
[62.670945] (-) TimerEvent: {}
[62.774663] (-) TimerEvent: {}
[62.887476] (-) TimerEvent: {}
[62.989675] (-) TimerEvent: {}
[63.100342] (-) TimerEvent: {}
[63.206768] (-) TimerEvent: {}
[63.317912] (-) TimerEvent: {}
[63.422545] (-) TimerEvent: {}
[63.529993] (-) TimerEvent: {}
[63.635906] (-) TimerEvent: {}
[63.741286] (-) TimerEvent: {}
[63.852888] (-) TimerEvent: {}
[63.959482] (-) TimerEvent: {}
[64.065681] (-) TimerEvent: {}
[64.169994] (-) TimerEvent: {}
[64.272581] (-) TimerEvent: {}
[64.380843] (-) TimerEvent: {}
[64.485007] (-) TimerEvent: {}
[64.593226] (-) TimerEvent: {}
[64.694747] (-) TimerEvent: {}
[64.798024] (-) TimerEvent: {}
[64.917415] (-) TimerEvent: {}
[65.031508] (-) TimerEvent: {}
[65.142902] (-) TimerEvent: {}
[65.256320] (-) TimerEvent: {}
[65.380251] (-) TimerEvent: {}
[65.488084] (-) TimerEvent: {}
[65.597493] (-) TimerEvent: {}
[65.716836] (-) TimerEvent: {}
[65.820058] (-) TimerEvent: {}
[65.925635] (-) TimerEvent: {}
[66.032904] (-) TimerEvent: {}
[66.144014] (-) TimerEvent: {}
[66.246406] (-) TimerEvent: {}
[66.351750] (-) TimerEvent: {}
[66.460073] (-) TimerEvent: {}
[66.576444] (-) TimerEvent: {}
[66.680477] (-) TimerEvent: {}
[66.783145] (-) TimerEvent: {}
[66.893195] (-) TimerEvent: {}
[66.994984] (-) TimerEvent: {}
[67.100853] (-) TimerEvent: {}
[67.204285] (-) TimerEvent: {}
[67.310207] (-) TimerEvent: {}
[67.415055] (-) TimerEvent: {}
[67.428280] (gps_mavros) StdoutLine: {'line': b'-- Using all available rosidl_typesupport_cpp: rosidl_typesupport_fastrtps_cpp;rosidl_typesupport_introspection_cpp\n'}
[67.516161] (-) TimerEvent: {}
[67.623996] (-) TimerEvent: {}
[67.710248] (gps_mavros) StdoutLine: {'line': b'-- Found PythonInterp: /usr/bin/python3 (found suitable version "3.10.12", minimum required is "3.6") \n'}
[67.730243] (-) TimerEvent: {}
[67.750259] (gps_mavros) StdoutLine: {'line': b'-- Found python_cmake_module: 0.10.0 (/opt/ros/humble/share/python_cmake_module/cmake)\n'}
[67.830794] (-) TimerEvent: {}
[67.855987] (gps_mavros) StdoutLine: {'line': b'-- Found PythonLibs: /usr/lib/x86_64-linux-gnu/libpython3.10.so (found suitable version "3.10.12", minimum required is "3.5") \n'}
[67.883548] (gps_mavros) StdoutLine: {'line': b'-- Using PYTHON_EXECUTABLE: /usr/bin/python3\n'}
[67.908020] (gps_mavros) StdoutLine: {'line': b'-- Using PYTHON_INCLUDE_DIRS: /usr/include/python3.10\n'}
[67.914221] (gps_mavros) StdoutLine: {'line': b'-- Using PYTHON_LIBRARIES: /usr/lib/x86_64-linux-gnu/libpython3.10.so\n'}
[67.930993] (-) TimerEvent: {}
[67.956000] (gps_mavros) StdoutLine: {'line': b'-- Found PythonExtra: .so  \n'}
[68.031659] (-) TimerEvent: {}
[68.137380] (-) TimerEvent: {}
[68.243666] (-) TimerEvent: {}
[68.347997] (-) TimerEvent: {}
[68.449505] (-) TimerEvent: {}
[68.555005] (-) TimerEvent: {}
[68.658214] (-) TimerEvent: {}
[68.773981] (-) TimerEvent: {}
[68.879497] (-) TimerEvent: {}
[68.985812] (-) TimerEvent: {}
[69.101923] (-) TimerEvent: {}
[69.210467] (-) TimerEvent: {}
[69.320148] (-) TimerEvent: {}
[69.425665] (-) TimerEvent: {}
[69.538408] (-) TimerEvent: {}
[69.646898] (-) TimerEvent: {}
[69.750820] (-) TimerEvent: {}
[69.859109] (-) TimerEvent: {}
[69.967749] (-) TimerEvent: {}
[70.072312] (-) TimerEvent: {}
[70.175701] (-) TimerEvent: {}
[70.291029] (-) TimerEvent: {}
[70.400964] (-) TimerEvent: {}
[70.504805] (-) TimerEvent: {}
[70.607673] (-) TimerEvent: {}
[70.712651] (-) TimerEvent: {}
[70.824178] (-) TimerEvent: {}
[70.925473] (-) TimerEvent: {}
[70.981102] (gps_mavros) StdoutLine: {'line': b'-- Found ament_lint_auto: 0.12.14 (/opt/ros/humble/share/ament_lint_auto/cmake)\n'}
[71.025966] (-) TimerEvent: {}
[71.130977] (-) TimerEvent: {}
[71.234470] (-) TimerEvent: {}
[71.338213] (-) TimerEvent: {}
[71.440329] (-) TimerEvent: {}
[71.543597] (-) TimerEvent: {}
[71.646510] (-) TimerEvent: {}
[71.751994] (-) TimerEvent: {}
[71.916752] (-) TimerEvent: {}
[72.026759] (-) TimerEvent: {}
[72.135946] (-) TimerEvent: {}
[72.243043] (-) TimerEvent: {}
[72.349722] (-) TimerEvent: {}
[72.457257] (-) TimerEvent: {}
[72.560375] (-) TimerEvent: {}
[72.662292] (-) TimerEvent: {}
[72.764507] (-) TimerEvent: {}
[72.870050] (-) TimerEvent: {}
[72.980733] (-) TimerEvent: {}
[73.089137] (-) TimerEvent: {}
[73.194135] (-) TimerEvent: {}
[73.299801] (-) TimerEvent: {}
[73.402090] (-) TimerEvent: {}
[73.506850] (-) TimerEvent: {}
[73.609563] (-) TimerEvent: {}
[73.711508] (-) TimerEvent: {}
[73.814155] (-) TimerEvent: {}
[73.921766] (-) TimerEvent: {}
[74.036948] (-) TimerEvent: {}
[74.153102] (-) TimerEvent: {}
[74.262372] (-) TimerEvent: {}
[74.367137] (-) TimerEvent: {}
[74.472806] (-) TimerEvent: {}
[74.583839] (-) TimerEvent: {}
[74.691744] (-) TimerEvent: {}
[74.811493] (-) TimerEvent: {}
[74.926047] (-) TimerEvent: {}
[75.046660] (-) TimerEvent: {}
[75.193872] (-) TimerEvent: {}
[75.299927] (-) TimerEvent: {}
[75.410673] (-) TimerEvent: {}
[75.524086] (-) TimerEvent: {}
[75.628415] (-) TimerEvent: {}
[75.735550] (-) TimerEvent: {}
[75.857830] (-) TimerEvent: {}
[75.962573] (-) TimerEvent: {}
[76.079986] (-) TimerEvent: {}
[76.181135] (-) TimerEvent: {}
[76.284476] (-) TimerEvent: {}
[76.387358] (-) TimerEvent: {}
[76.492446] (-) TimerEvent: {}
[76.600494] (-) TimerEvent: {}
[76.706279] (-) TimerEvent: {}
[76.812291] (-) TimerEvent: {}
[76.916940] (-) TimerEvent: {}
[77.020186] (-) TimerEvent: {}
[77.126109] (-) TimerEvent: {}
[77.228832] (-) TimerEvent: {}
[77.335183] (-) TimerEvent: {}
[77.450018] (-) TimerEvent: {}
[77.561994] (-) TimerEvent: {}
[77.677236] (-) TimerEvent: {}
[77.795328] (-) TimerEvent: {}
[77.904515] (-) TimerEvent: {}
[78.008139] (-) TimerEvent: {}
[78.124394] (-) TimerEvent: {}
[78.229821] (-) TimerEvent: {}
[78.332677] (-) TimerEvent: {}
[78.438851] (-) TimerEvent: {}
[78.544942] (-) TimerEvent: {}
[78.648784] (-) TimerEvent: {}
[78.755168] (-) TimerEvent: {}
[78.871153] (-) TimerEvent: {}
[78.997680] (-) TimerEvent: {}
[79.106710] (-) TimerEvent: {}
[79.221725] (-) TimerEvent: {}
[79.331540] (-) TimerEvent: {}
[79.439309] (-) TimerEvent: {}
[79.545426] (-) TimerEvent: {}
[79.654645] (-) TimerEvent: {}
[79.765749] (-) TimerEvent: {}
[79.874640] (-) TimerEvent: {}
[79.985304] (-) TimerEvent: {}
[80.092542] (-) TimerEvent: {}
[80.194039] (-) TimerEvent: {}
[80.295682] (-) TimerEvent: {}
[80.403807] (-) TimerEvent: {}
[80.507731] (-) TimerEvent: {}
[80.610401] (-) TimerEvent: {}
[80.712752] (-) TimerEvent: {}
[80.817408] (-) TimerEvent: {}
[80.920851] (-) TimerEvent: {}
[81.038027] (-) TimerEvent: {}
[81.156566] (-) TimerEvent: {}
[81.260603] (-) TimerEvent: {}
[81.376065] (-) TimerEvent: {}
[81.499767] (-) TimerEvent: {}
[81.632645] (-) TimerEvent: {}
[81.742942] (-) TimerEvent: {}
[81.854956] (-) TimerEvent: {}
[81.958906] (-) TimerEvent: {}
[82.065442] (-) TimerEvent: {}
[82.169912] (-) TimerEvent: {}
[82.296249] (-) TimerEvent: {}
[82.408339] (-) TimerEvent: {}
[82.521724] (-) TimerEvent: {}
[82.632664] (-) TimerEvent: {}
[82.740548] (-) TimerEvent: {}
[82.846323] (-) TimerEvent: {}
[82.954282] (-) TimerEvent: {}
[83.056033] (-) TimerEvent: {}
[83.160671] (-) TimerEvent: {}
[83.271902] (-) TimerEvent: {}
[83.377973] (-) TimerEvent: {}
[83.482491] (-) TimerEvent: {}
[83.592473] (-) TimerEvent: {}
[83.697983] (-) TimerEvent: {}
[83.809106] (-) TimerEvent: {}
[83.916722] (-) TimerEvent: {}
[84.019550] (-) TimerEvent: {}
[84.124564] (-) TimerEvent: {}
[84.229259] (-) TimerEvent: {}
[84.339478] (-) TimerEvent: {}
[84.442472] (-) TimerEvent: {}
[84.553742] (-) TimerEvent: {}
[84.658038] (-) TimerEvent: {}
[84.780295] (-) TimerEvent: {}
[84.906409] (-) TimerEvent: {}
[85.017065] (-) TimerEvent: {}
[85.128995] (-) TimerEvent: {}
[85.244110] (-) TimerEvent: {}
[85.364002] (-) TimerEvent: {}
[85.490068] (-) TimerEvent: {}
[85.602115] (-) TimerEvent: {}
[85.720687] (-) TimerEvent: {}
[85.845406] (-) TimerEvent: {}
[85.951933] (-) TimerEvent: {}
[86.060498] (-) TimerEvent: {}
[86.164245] (-) TimerEvent: {}
[86.255044] (gps_mavros) StdoutLine: {'line': b"-- Added test 'lint_cmake' to check CMake code style\n"}
[86.265141] (-) TimerEvent: {}
[86.371882] (-) TimerEvent: {}
[86.476744] (-) TimerEvent: {}
[86.579379] (-) TimerEvent: {}
[86.681754] (-) TimerEvent: {}
[86.784547] (-) TimerEvent: {}
[86.895370] (-) TimerEvent: {}
[86.997761] (-) TimerEvent: {}
[87.099944] (-) TimerEvent: {}
[87.211252] (-) TimerEvent: {}
[87.327959] (-) TimerEvent: {}
[87.433726] (-) TimerEvent: {}
[87.539944] (-) TimerEvent: {}
[87.643722] (-) TimerEvent: {}
[87.761853] (-) TimerEvent: {}
[87.870058] (-) TimerEvent: {}
[87.972936] (-) TimerEvent: {}
[88.115339] (-) TimerEvent: {}
[88.234169] (-) TimerEvent: {}
[88.346097] (-) TimerEvent: {}
[88.455325] (-) TimerEvent: {}
[88.568183] (-) TimerEvent: {}
[88.694416] (-) TimerEvent: {}
[88.809512] (-) TimerEvent: {}
[88.922636] (-) TimerEvent: {}
[89.036026] (-) TimerEvent: {}
[89.143422] (-) TimerEvent: {}
[89.251070] (-) TimerEvent: {}
[89.357440] (-) TimerEvent: {}
[89.464547] (-) TimerEvent: {}
[89.575747] (-) TimerEvent: {}
[89.681084] (-) TimerEvent: {}
[89.785122] (-) TimerEvent: {}
[89.890621] (-) TimerEvent: {}
[89.998403] (-) TimerEvent: {}
[90.104373] (-) TimerEvent: {}
[90.212665] (-) TimerEvent: {}
[90.322118] (-) TimerEvent: {}
[90.423961] (-) TimerEvent: {}
[90.529530] (-) TimerEvent: {}
[90.637347] (-) TimerEvent: {}
[90.746970] (-) TimerEvent: {}
[90.857550] (-) TimerEvent: {}
[90.974732] (-) TimerEvent: {}
[91.083423] (-) TimerEvent: {}
[91.194142] (-) TimerEvent: {}
[91.297702] (-) TimerEvent: {}
[91.402809] (-) TimerEvent: {}
[91.510635] (-) TimerEvent: {}
[91.621444] (-) TimerEvent: {}
[91.740914] (-) TimerEvent: {}
[91.851249] (-) TimerEvent: {}
[91.958964] (-) TimerEvent: {}
[92.062818] (-) TimerEvent: {}
[92.173030] (-) TimerEvent: {}
[92.280617] (-) TimerEvent: {}
[92.384807] (-) TimerEvent: {}
[92.489912] (-) TimerEvent: {}
[92.595091] (-) TimerEvent: {}
[92.710893] (-) TimerEvent: {}
[92.817821] (-) TimerEvent: {}
[92.922398] (-) TimerEvent: {}
[93.030560] (-) TimerEvent: {}
[93.134592] (-) TimerEvent: {}
[93.249317] (-) TimerEvent: {}
[93.361853] (-) TimerEvent: {}
[93.469468] (-) TimerEvent: {}
[93.577663] (-) TimerEvent: {}
[93.683440] (-) TimerEvent: {}
[93.785577] (-) TimerEvent: {}
[93.906525] (-) TimerEvent: {}
[94.019177] (-) TimerEvent: {}
[94.130595] (-) TimerEvent: {}
[94.255231] (-) TimerEvent: {}
[94.377007] (-) TimerEvent: {}
[94.488736] (-) TimerEvent: {}
[94.599283] (-) TimerEvent: {}
[94.700856] (gps_mavros) StdoutLine: {'line': b"-- Added test 'xmllint' to check XML markup files\n"}
[94.736327] (-) TimerEvent: {}
[94.839242] (-) TimerEvent: {}
[94.941986] (-) TimerEvent: {}
[95.059080] (-) TimerEvent: {}
[95.195583] (-) TimerEvent: {}
[95.323373] (-) TimerEvent: {}
[95.441803] (-) TimerEvent: {}
[95.559256] (-) TimerEvent: {}
[95.674271] (-) TimerEvent: {}
[95.802070] (-) TimerEvent: {}
[95.911985] (-) TimerEvent: {}
[96.017371] (-) TimerEvent: {}
[96.132095] (-) TimerEvent: {}
[96.238581] (-) TimerEvent: {}
[96.349389] (-) TimerEvent: {}
[96.455049] (-) TimerEvent: {}
[96.558361] (-) TimerEvent: {}
[96.669370] (-) TimerEvent: {}
[96.775974] (-) TimerEvent: {}
[96.892033] (-) TimerEvent: {}
[97.001470] (-) TimerEvent: {}
[97.110486] (-) TimerEvent: {}
[97.213561] (-) TimerEvent: {}
[97.321019] (-) TimerEvent: {}
[97.436085] (-) TimerEvent: {}
[97.545398] (-) TimerEvent: {}
[97.654587] (-) TimerEvent: {}
[97.760365] (-) TimerEvent: {}
[97.875974] (-) TimerEvent: {}
[97.977217] (-) TimerEvent: {}
[98.096770] (-) TimerEvent: {}
[98.201004] (-) TimerEvent: {}
[98.308197] (-) TimerEvent: {}
[98.414205] (-) TimerEvent: {}
[98.519124] (-) TimerEvent: {}
[98.621860] (-) TimerEvent: {}
[98.735291] (-) TimerEvent: {}
[98.838507] (-) TimerEvent: {}
[98.959063] (-) TimerEvent: {}
[99.071358] (-) TimerEvent: {}
[99.179590] (-) TimerEvent: {}
[99.293218] (-) TimerEvent: {}
[99.400026] (-) TimerEvent: {}
[99.507117] (-) TimerEvent: {}
[99.613759] (-) TimerEvent: {}
[99.725540] (-) TimerEvent: {}
[99.831957] (-) TimerEvent: {}
[99.940232] (-) TimerEvent: {}
[100.046493] (-) TimerEvent: {}
[100.172624] (-) TimerEvent: {}
[100.277066] (-) TimerEvent: {}
[100.383964] (-) TimerEvent: {}
[100.491360] (-) TimerEvent: {}
[100.609362] (-) TimerEvent: {}
[100.712311] (-) TimerEvent: {}
[100.817841] (-) TimerEvent: {}
[100.927109] (-) TimerEvent: {}
[101.033719] (-) TimerEvent: {}
[101.141459] (-) TimerEvent: {}
[101.245234] (-) TimerEvent: {}
[101.350506] (-) TimerEvent: {}
[101.455737] (-) TimerEvent: {}
[101.563699] (-) TimerEvent: {}
[101.673412] (-) TimerEvent: {}
[101.780374] (-) TimerEvent: {}
[101.882816] (-) TimerEvent: {}
[101.988014] (-) TimerEvent: {}
[102.093217] (-) TimerEvent: {}
[102.200291] (-) TimerEvent: {}
[102.310498] (-) TimerEvent: {}
[102.420394] (-) TimerEvent: {}
[102.527966] (-) TimerEvent: {}
[102.629939] (-) TimerEvent: {}
[102.735262] (-) TimerEvent: {}
[102.839705] (-) TimerEvent: {}
[102.943896] (-) TimerEvent: {}
[103.051324] (-) TimerEvent: {}
[103.075331] (gps_mavros) StdoutLine: {'line': b'-- Configuring done\n'}
[103.151558] (-) TimerEvent: {}
[103.259279] (-) TimerEvent: {}
[103.364091] (-) TimerEvent: {}
[103.467550] (-) TimerEvent: {}
[103.571520] (-) TimerEvent: {}
[103.674982] (-) TimerEvent: {}
[103.782570] (-) TimerEvent: {}
[103.892676] (-) TimerEvent: {}
[104.000951] (-) TimerEvent: {}
[104.107150] (-) TimerEvent: {}
[104.213249] (-) TimerEvent: {}
[104.317826] (-) TimerEvent: {}
[104.432547] (-) TimerEvent: {}
[104.554864] (-) TimerEvent: {}
[104.677497] (-) TimerEvent: {}
[104.793931] (-) TimerEvent: {}
[104.909318] (-) TimerEvent: {}
[105.019710] (-) TimerEvent: {}
[105.151435] (-) TimerEvent: {}
[105.273722] (-) TimerEvent: {}
[105.385604] (-) TimerEvent: {}
[105.508323] (-) TimerEvent: {}
[105.631773] (-) TimerEvent: {}
[105.792239] (-) TimerEvent: {}
[105.934550] (-) TimerEvent: {}
[106.052696] (-) TimerEvent: {}
[106.195659] (-) TimerEvent: {}
[106.312018] (-) TimerEvent: {}
[106.419401] (-) TimerEvent: {}
[106.530670] (-) TimerEvent: {}
[106.637035] (-) TimerEvent: {}
[106.755773] (-) TimerEvent: {}
[106.863644] (-) TimerEvent: {}
[106.967187] (-) TimerEvent: {}
[107.100271] (-) TimerEvent: {}
[107.203953] (-) TimerEvent: {}
[107.313041] (-) TimerEvent: {}
[107.418628] (-) TimerEvent: {}
[107.522246] (-) TimerEvent: {}
[107.635103] (-) TimerEvent: {}
[107.740086] (-) TimerEvent: {}
[107.843033] (-) TimerEvent: {}
[107.949995] (-) TimerEvent: {}
[108.052248] (-) TimerEvent: {}
[108.156178] (-) TimerEvent: {}
[108.259991] (-) TimerEvent: {}
[108.366008] (-) TimerEvent: {}
[108.468480] (-) TimerEvent: {}
[108.571310] (-) TimerEvent: {}
[108.676409] (-) TimerEvent: {}
[108.780511] (-) TimerEvent: {}
[108.884007] (-) TimerEvent: {}
[108.986950] (-) TimerEvent: {}
[109.101148] (-) TimerEvent: {}
[109.207344] (-) TimerEvent: {}
[109.314735] (-) TimerEvent: {}
[109.426934] (-) TimerEvent: {}
[109.541007] (-) TimerEvent: {}
[109.676505] (-) TimerEvent: {}
[109.804758] (-) TimerEvent: {}
[109.916536] (-) TimerEvent: {}
[110.040243] (-) TimerEvent: {}
[110.146357] (-) TimerEvent: {}
[110.253664] (-) TimerEvent: {}
[110.356416] (-) TimerEvent: {}
[110.463381] (-) TimerEvent: {}
[110.569874] (-) TimerEvent: {}
[110.676434] (-) TimerEvent: {}
[110.783175] (-) TimerEvent: {}
[110.886841] (-) TimerEvent: {}
[110.995548] (-) TimerEvent: {}
[111.099818] (-) TimerEvent: {}
[111.201061] (-) TimerEvent: {}
[111.305834] (-) TimerEvent: {}
[111.411999] (-) TimerEvent: {}
[111.514991] (-) TimerEvent: {}
[111.623224] (-) TimerEvent: {}
[111.730341] (-) TimerEvent: {}
[111.834675] (-) TimerEvent: {}
[111.941322] (-) TimerEvent: {}
[112.049989] (-) TimerEvent: {}
[112.182802] (-) TimerEvent: {}
[112.293067] (-) TimerEvent: {}
[112.402670] (-) TimerEvent: {}
[112.544528] (-) TimerEvent: {}
[112.649036] (-) TimerEvent: {}
[112.753710] (-) TimerEvent: {}
[112.856612] (-) TimerEvent: {}
[112.965391] (-) TimerEvent: {}
[113.072050] (-) TimerEvent: {}
[113.176023] (-) TimerEvent: {}
[113.289498] (-) TimerEvent: {}
[113.392348] (-) TimerEvent: {}
[113.495383] (-) TimerEvent: {}
[113.600450] (-) TimerEvent: {}
[113.703193] (-) TimerEvent: {}
[113.817086] (-) TimerEvent: {}
[113.921175] (-) TimerEvent: {}
[114.031403] (-) TimerEvent: {}
[114.145637] (-) TimerEvent: {}
[114.256416] (-) TimerEvent: {}
[114.362073] (-) TimerEvent: {}
[114.468840] (-) TimerEvent: {}
[114.573389] (-) TimerEvent: {}
[114.678629] (-) TimerEvent: {}
[114.800593] (-) TimerEvent: {}
[114.914563] (-) TimerEvent: {}
[115.032194] (-) TimerEvent: {}
[115.168276] (-) TimerEvent: {}
[115.304976] (-) TimerEvent: {}
[115.425693] (-) TimerEvent: {}
[115.543305] (-) TimerEvent: {}
[115.649790] (-) TimerEvent: {}
[115.783769] (-) TimerEvent: {}
[115.895347] (-) TimerEvent: {}
[116.010860] (-) TimerEvent: {}
[116.123237] (-) TimerEvent: {}
[116.247536] (-) TimerEvent: {}
[116.355829] (-) TimerEvent: {}
[116.463142] (-) TimerEvent: {}
[116.568140] (-) TimerEvent: {}
[116.672503] (-) TimerEvent: {}
[116.775720] (-) TimerEvent: {}
[116.885540] (-) TimerEvent: {}
[116.994919] (-) TimerEvent: {}
[117.112444] (-) TimerEvent: {}
[117.214901] (-) TimerEvent: {}
[117.327041] (-) TimerEvent: {}
[117.439152] (-) TimerEvent: {}
[117.547389] (-) TimerEvent: {}
[117.659969] (-) TimerEvent: {}
[117.772034] (-) TimerEvent: {}
[117.874371] (-) TimerEvent: {}
[117.981548] (-) TimerEvent: {}
[118.086484] (-) TimerEvent: {}
[118.195473] (-) TimerEvent: {}
[118.298898] (-) TimerEvent: {}
[118.404168] (-) TimerEvent: {}
[118.511212] (-) TimerEvent: {}
[118.615818] (-) TimerEvent: {}
[118.720628] (-) TimerEvent: {}
[118.826243] (-) TimerEvent: {}
[118.932424] (-) TimerEvent: {}
[119.047991] (-) TimerEvent: {}
[119.149626] (-) TimerEvent: {}
[119.255709] (-) TimerEvent: {}
[119.358213] (-) TimerEvent: {}
[119.462853] (-) TimerEvent: {}
[119.564253] (-) TimerEvent: {}
[119.667976] (-) TimerEvent: {}
[119.774578] (-) TimerEvent: {}
[119.892004] (-) TimerEvent: {}
[119.998613] (-) TimerEvent: {}
[120.116084] (-) TimerEvent: {}
[120.219269] (-) TimerEvent: {}
[120.336964] (-) TimerEvent: {}
[120.441928] (-) TimerEvent: {}
[120.546837] (-) TimerEvent: {}
[120.648114] (-) TimerEvent: {}
[120.753833] (-) TimerEvent: {}
[120.861326] (-) TimerEvent: {}
[120.966159] (-) TimerEvent: {}
[121.089749] (-) TimerEvent: {}
[121.208825] (-) TimerEvent: {}
[121.320361] (-) TimerEvent: {}
[121.436785] (-) TimerEvent: {}
[121.542723] (-) TimerEvent: {}
[121.648364] (-) TimerEvent: {}
[121.751221] (-) TimerEvent: {}
[121.864114] (-) TimerEvent: {}
[121.973629] (-) TimerEvent: {}
[122.082241] (-) TimerEvent: {}
[122.192216] (-) TimerEvent: {}
[122.301723] (-) TimerEvent: {}
[122.403156] (-) TimerEvent: {}
[122.514817] (-) TimerEvent: {}
[122.627056] (-) TimerEvent: {}
[122.737192] (-) TimerEvent: {}
[122.843133] (-) TimerEvent: {}
[122.957702] (-) TimerEvent: {}
[123.067812] (-) TimerEvent: {}
[123.178416] (-) TimerEvent: {}
[123.287338] (-) TimerEvent: {}
[123.405571] (-) TimerEvent: {}
[123.508794] (-) TimerEvent: {}
[123.616400] (-) TimerEvent: {}
[123.719566] (-) TimerEvent: {}
[123.825775] (-) TimerEvent: {}
[123.955070] (-) TimerEvent: {}
[124.057849] (-) TimerEvent: {}
[124.172724] (-) TimerEvent: {}
[124.279009] (-) TimerEvent: {}
[124.381985] (-) TimerEvent: {}
[124.483485] (-) TimerEvent: {}
[124.587960] (-) TimerEvent: {}
[124.703236] (-) TimerEvent: {}
[124.819998] (-) TimerEvent: {}
[124.932869] (-) TimerEvent: {}
[125.046290] (-) TimerEvent: {}
[125.174507] (-) TimerEvent: {}
[125.319136] (-) TimerEvent: {}
[125.432791] (-) TimerEvent: {}
[125.546724] (-) TimerEvent: {}
[125.657921] (-) TimerEvent: {}
[125.765478] (-) TimerEvent: {}
[125.899289] (-) TimerEvent: {}
[126.013954] (-) TimerEvent: {}
[126.123488] (-) TimerEvent: {}
[126.230423] (-) TimerEvent: {}
[126.334945] (-) TimerEvent: {}
[126.438420] (-) TimerEvent: {}
[126.546581] (-) TimerEvent: {}
[126.647937] (-) TimerEvent: {}
[126.752506] (-) TimerEvent: {}
[126.857877] (-) TimerEvent: {}
[126.962135] (-) TimerEvent: {}
[127.074318] (-) TimerEvent: {}
[127.198210] (-) TimerEvent: {}
[127.340828] (-) TimerEvent: {}
[127.466330] (-) TimerEvent: {}
[127.569399] (-) TimerEvent: {}
[127.675178] (-) TimerEvent: {}
[127.780721] (-) TimerEvent: {}
[127.904796] (-) TimerEvent: {}
[128.012368] (-) TimerEvent: {}
[128.133198] (-) TimerEvent: {}
[128.242664] (-) TimerEvent: {}
[128.352386] (-) TimerEvent: {}
[128.455611] (-) TimerEvent: {}
[128.559364] (-) TimerEvent: {}
[128.668720] (-) TimerEvent: {}
[128.773200] (-) TimerEvent: {}
[128.879784] (-) TimerEvent: {}
[129.008514] (-) TimerEvent: {}
[129.130435] (-) TimerEvent: {}
[129.247048] (-) TimerEvent: {}
[129.350415] (-) TimerEvent: {}
[129.455215] (-) TimerEvent: {}
[129.556638] (-) TimerEvent: {}
[129.662038] (-) TimerEvent: {}
[129.778698] (-) TimerEvent: {}
[129.886651] (-) TimerEvent: {}
[129.989383] (-) TimerEvent: {}
[130.096303] (-) TimerEvent: {}
[130.209930] (-) TimerEvent: {}
[130.318603] (-) TimerEvent: {}
[130.424333] (-) TimerEvent: {}
[130.530562] (-) TimerEvent: {}
[130.637197] (-) TimerEvent: {}
[130.745892] (-) TimerEvent: {}
[130.855294] (-) TimerEvent: {}
[130.965475] (-) TimerEvent: {}
[131.067780] (-) TimerEvent: {}
[131.172176] (-) TimerEvent: {}
[131.278890] (-) TimerEvent: {}
[131.387368] (-) TimerEvent: {}
[131.489638] (-) TimerEvent: {}
[131.591822] (-) TimerEvent: {}
[131.694341] (-) TimerEvent: {}
[131.797265] (-) TimerEvent: {}
[131.900121] (-) TimerEvent: {}
[132.001450] (-) TimerEvent: {}
[132.105274] (-) TimerEvent: {}
[132.213487] (-) TimerEvent: {}
[132.322277] (-) TimerEvent: {}
[132.445312] (-) TimerEvent: {}
[132.551208] (-) TimerEvent: {}
[132.653869] (-) TimerEvent: {}
[132.765634] (-) TimerEvent: {}
[132.873997] (-) TimerEvent: {}
[132.985281] (-) TimerEvent: {}
[133.091347] (-) TimerEvent: {}
[133.199351] (-) TimerEvent: {}
[133.306373] (-) TimerEvent: {}
[133.427132] (-) TimerEvent: {}
[133.537811] (-) TimerEvent: {}
[133.642781] (-) TimerEvent: {}
[133.748061] (-) TimerEvent: {}
[133.851763] (-) TimerEvent: {}
[133.958023] (-) TimerEvent: {}
[134.063509] (-) TimerEvent: {}
[134.165135] (-) TimerEvent: {}
[134.269189] (-) TimerEvent: {}
[134.380015] (-) TimerEvent: {}
[134.481796] (-) TimerEvent: {}
[134.584869] (-) TimerEvent: {}
[134.691677] (-) TimerEvent: {}
[134.799147] (-) TimerEvent: {}
[134.914315] (-) TimerEvent: {}
[135.030332] (-) TimerEvent: {}
[135.154624] (-) TimerEvent: {}
[135.276642] (-) TimerEvent: {}
[135.401220] (-) TimerEvent: {}
[135.539522] (-) TimerEvent: {}
[135.642897] (-) TimerEvent: {}
[135.747783] (-) TimerEvent: {}
[135.832297] (gps_mavros) StdoutLine: {'line': b'-- Generating done\n'}
[135.866392] (-) TimerEvent: {}
[135.977387] (-) TimerEvent: {}
[136.123941] (-) TimerEvent: {}
[136.234903] (-) TimerEvent: {}
[136.354261] (-) TimerEvent: {}
[136.462623] (-) TimerEvent: {}
[136.565312] (-) TimerEvent: {}
[136.676371] (-) TimerEvent: {}
[136.778291] (-) TimerEvent: {}
[136.880126] (-) TimerEvent: {}
[136.986118] (-) TimerEvent: {}
[137.092089] (-) TimerEvent: {}
[137.218751] (-) TimerEvent: {}
[137.328557] (-) TimerEvent: {}
[137.433818] (-) TimerEvent: {}
[137.536777] (-) TimerEvent: {}
[137.642051] (-) TimerEvent: {}
[137.744985] (-) TimerEvent: {}
[137.849165] (-) TimerEvent: {}
[137.964685] (-) TimerEvent: {}
[138.067637] (-) TimerEvent: {}
[138.169671] (-) TimerEvent: {}
[138.272152] (-) TimerEvent: {}
[138.380227] (-) TimerEvent: {}
[138.484891] (-) TimerEvent: {}
[138.596888] (-) TimerEvent: {}
[138.703631] (-) TimerEvent: {}
[138.808812] (-) TimerEvent: {}
[138.914064] (-) TimerEvent: {}
[139.018844] (-) TimerEvent: {}
[139.125714] (-) TimerEvent: {}
[139.241375] (-) TimerEvent: {}
[139.345110] (-) TimerEvent: {}
[139.450356] (-) TimerEvent: {}
[139.553007] (-) TimerEvent: {}
[139.660767] (-) TimerEvent: {}
[139.776879] (-) TimerEvent: {}
[139.883131] (-) TimerEvent: {}
[139.986045] (-) TimerEvent: {}
[140.093815] (-) TimerEvent: {}
[140.198675] (-) TimerEvent: {}
[140.316455] (-) TimerEvent: {}
[140.422264] (-) TimerEvent: {}
[140.529503] (-) TimerEvent: {}
[140.639060] (-) TimerEvent: {}
[140.744791] (-) TimerEvent: {}
[140.856397] (-) TimerEvent: {}
[140.973345] (-) TimerEvent: {}
[141.084417] (-) TimerEvent: {}
[141.188995] (-) TimerEvent: {}
[141.305891] (-) TimerEvent: {}
[141.422718] (-) TimerEvent: {}
[141.543962] (-) TimerEvent: {}
[141.652529] (-) TimerEvent: {}
[141.772279] (-) TimerEvent: {}
[141.908819] (-) TimerEvent: {}
[142.020884] (-) TimerEvent: {}
[142.123312] (-) TimerEvent: {}
[142.224539] (-) TimerEvent: {}
[142.331695] (-) TimerEvent: {}
[142.437119] (-) TimerEvent: {}
[142.547641] (-) TimerEvent: {}
[142.652673] (-) TimerEvent: {}
[142.755028] (-) TimerEvent: {}
[142.857750] (-) TimerEvent: {}
[142.963432] (-) TimerEvent: {}
[143.069679] (-) TimerEvent: {}
[143.178502] (-) TimerEvent: {}
[143.305039] (-) TimerEvent: {}
[143.415837] (-) TimerEvent: {}
[143.517229] (-) TimerEvent: {}
[143.620446] (-) TimerEvent: {}
[143.729965] (-) TimerEvent: {}
[143.839130] (-) TimerEvent: {}
[143.948581] (-) TimerEvent: {}
[144.055153] (-) TimerEvent: {}
[144.159778] (-) TimerEvent: {}
[144.264811] (-) TimerEvent: {}
[144.369167] (-) TimerEvent: {}
[144.489501] (-) TimerEvent: {}
[144.594949] (-) TimerEvent: {}
[144.697227] (-) TimerEvent: {}
[144.809057] (-) TimerEvent: {}
[144.916724] (-) TimerEvent: {}
[145.051149] (-) TimerEvent: {}
[145.157271] (-) TimerEvent: {}
[145.273557] (-) TimerEvent: {}
[145.396072] (-) TimerEvent: {}
[145.503158] (-) TimerEvent: {}
[145.620741] (-) TimerEvent: {}
[145.744020] (-) TimerEvent: {}
[145.855496] (-) TimerEvent: {}
[145.958450] (-) TimerEvent: {}
[146.072103] (-) TimerEvent: {}
[146.182589] (-) TimerEvent: {}
[146.307754] (-) TimerEvent: {}
[146.422624] (-) TimerEvent: {}
[146.532862] (-) TimerEvent: {}
[146.646265] (-) TimerEvent: {}
[146.770029] (-) TimerEvent: {}
[146.872289] (-) TimerEvent: {}
[146.973909] (-) TimerEvent: {}
[147.078639] (-) TimerEvent: {}
[147.103071] (gps_mavros) StdoutLine: {'line': b'-- Build files have been written to: /ODLC_Machine_Inferencing_System_2025-2026/ros2_workspace/build/gps_mavros\n'}
[147.148986] (gps_mavros) CommandEnded: {'returncode': 0}
[147.178887] (-) TimerEvent: {}
[147.225904] (gps_mavros) JobProgress: {'identifier': 'gps_mavros', 'progress': 'build'}
[147.280353] (-) TimerEvent: {}
[147.316028] (gps_mavros) Command: {'cmd': ['/usr/bin/cmake', '--build', '/ODLC_Machine_Inferencing_System_2025-2026/ros2_workspace/build/gps_mavros', '--', '-j12', '-l12'], 'cwd': '/ODLC_Machine_Inferencing_System_2025-2026/ros2_workspace/build/gps_mavros', 'env': OrderedDict([('PYTHON_BASIC_REPL', '1'), ('HOSTNAME', 'docker-desktop'), ('GIT_ASKPASS', '/vscode/vscode-server/bin/linux-x64/03c265b1adee71ac88f833e065f7bb956b60550a/extensions/git/dist/askpass.sh'), ('SHLVL', '2'), ('LD_LIBRARY_PATH', '/opt/ros/humble/opt/rviz_ogre_vendor/lib:/opt/ros/humble/lib/x86_64-linux-gnu:/opt/ros/humble/lib'), ('BROWSER', '/vscode/vscode-server/bin/linux-x64/03c265b1adee71ac88f833e065f7bb956b60550a/bin/helpers/browser.sh'), ('HOME', '/home/ubuntu'), ('OLDPWD', '/ODLC_Machine_Inferencing_System_2025-2026/ros2_workspace/source'), ('TERM_PROGRAM_VERSION', '1.105.0'), ('VSCODE_IPC_HOOK_CLI', '/tmp/vscode-ipc-45d6664b-9d05-4b08-bcfb-6f21bd310d14.sock'), ('ROS_PYTHON_VERSION', '3'), ('VSCODE_GIT_ASKPASS_MAIN', '/vscode/vscode-server/bin/linux-x64/03c265b1adee71ac88f833e065f7bb956b60550a/extensions/git/dist/askpass-main.js'), ('VSCODE_GIT_ASKPASS_NODE', '/vscode/vscode-server/bin/linux-x64/03c265b1adee71ac88f833e065f7bb956b60550a/node'), ('PYDEVD_DISABLE_FILE_VALIDATION', '1'), ('BUNDLED_DEBUGPY_PATH', '/home/ubuntu/.vscode-server/extensions/ms-python.debugpy-2025.14.0-linux-x64/bundled/libs/debugpy'), ('VSCODE_PYTHON_AUTOACTIVATE_GUARD', '1'), ('COLORTERM', 'truecolor'), ('REMOTE_CONTAINERS', 'true'), ('WAYLAND_DISPLAY', 'vscode-wayland-7867dc08-88f4-4bd5-8596-ea9712f5a7a1.sock'), ('ROS_DISTRO', 'humble'), ('REMOTE_CONTAINERS_IPC', '/tmp/vscode-remote-containers-ipc-d5105989-edb8-4c74-b48b-69aa229c9a3c.sock'), ('_', '/usr/bin/colcon'), ('ROS_VERSION', '2'), ('TERM', 'xterm-256color'), ('ROS_LOCALHOST_ONLY', '0'), ('PATH', '/vscode/vscode-server/bin/linux-x64/c306e94f98122556ca081f527b466015e1bc37b0/bin/remote-cli:/home/ubuntu/.local/bin:/opt/ros/humble/bin:/usr/local/sbin:/usr/local/bin:/usr/sbin:/usr/bin:/sbin:/bin:/home/ubuntu/ardu_ws/Micro-XRCE-DDS-Gen/scripts:/home/ubuntu/.vscode-server/data/User/globalStorage/github.copilot-chat/debugCommand:/home/ubuntu/ardu_ws/Micro-XRCE-DDS-Gen/scripts:/home/ubuntu/ardu_ws/src/ardupilot/Tools/autotest'), ('XDG_RUNTIME_DIR', '/tmp/user/1000'), ('REMOTE_CONTAINERS_SOCKETS', '["/home/ubuntu/.gnupg/S.gpg-agent"]'), ('DISPLAY', 'host.docker.internal:0.0'), ('VSCODE_DEBUGPY_ADAPTER_ENDPOINTS', '/home/ubuntu/.vscode-server/extensions/ms-python.debugpy-2025.14.0-linux-x64/.noConfigDebugAdapterEndpoints/endpoint-c94bd0c74effbbe6.txt'), ('LANG', 'C.UTF-8'), ('PYTHONSTARTUP', '/home/ubuntu/.vscode-server/data/User/workspaceStorage/1d87b516b83a512fdf37d51607465b70/ms-python.python/pythonrc.py'), ('LS_COLORS', 'rs=0:di=01;34:ln=01;36:mh=00:pi=40;33:so=01;35:do=01;35:bd=40;33;01:cd=40;33;01:or=40;31;01:mi=00:su=37;41:sg=30;43:ca=30;41:tw=30;42:ow=34;42:st=37;44:ex=01;32:*.tar=01;31:*.tgz=01;31:*.arc=01;31:*.arj=01;31:*.taz=01;31:*.lha=01;31:*.lz4=01;31:*.lzh=01;31:*.lzma=01;31:*.tlz=01;31:*.txz=01;31:*.tzo=01;31:*.t7z=01;31:*.zip=01;31:*.z=01;31:*.dz=01;31:*.gz=01;31:*.lrz=01;31:*.lz=01;31:*.lzo=01;31:*.xz=01;31:*.zst=01;31:*.tzst=01;31:*.bz2=01;31:*.bz=01;31:*.tbz=01;31:*.tbz2=01;31:*.tz=01;31:*.deb=01;31:*.rpm=01;31:*.jar=01;31:*.war=01;31:*.ear=01;31:*.sar=01;31:*.rar=01;31:*.alz=01;31:*.ace=01;31:*.zoo=01;31:*.cpio=01;31:*.7z=01;31:*.rz=01;31:*.cab=01;31:*.wim=01;31:*.swm=01;31:*.dwm=01;31:*.esd=01;31:*.jpg=01;35:*.jpeg=01;35:*.mjpg=01;35:*.mjpeg=01;35:*.gif=01;35:*.bmp=01;35:*.pbm=01;35:*.pgm=01;35:*.ppm=01;35:*.tga=01;35:*.xbm=01;35:*.xpm=01;35:*.tif=01;35:*.tiff=01;35:*.png=01;35:*.svg=01;35:*.svgz=01;35:*.mng=01;35:*.pcx=01;35:*.mov=01;35:*.mpg=01;35:*.mpeg=01;35:*.m2v=01;35:*.mkv=01;35:*.webm=01;35:*.webp=01;35:*.ogm=01;35:*.mp4=01;35:*.m4v=01;35:*.mp4v=01;35:*.vob=01;35:*.qt=01;35:*.nuv=01;35:*.wmv=01;35:*.asf=01;35:*.rm=01;35:*.rmvb=01;35:*.flc=01;35:*.avi=01;35:*.fli=01;35:*.flv=01;35:*.gl=01;35:*.dl=01;35:*.xcf=01;35:*.xwd=01;35:*.yuv=01;35:*.cgm=01;35:*.emf=01;35:*.ogv=01;35:*.ogx=01;35:*.aac=00;36:*.au=00;36:*.flac=00;36:*.m4a=00;36:*.mid=00;36:*.midi=00;36:*.mka=00;36:*.mp3=00;36:*.mpc=00;36:*.ogg=00;36:*.ra=00;36:*.wav=00;36:*.oga=00;36:*.opus=00;36:*.spx=00;36:*.xspf=00;36:'), ('VSCODE_GIT_IPC_HANDLE', '/tmp/user/1000/vscode-git-58379d938b.sock'), ('TERM_PROGRAM', 'vscode'), ('AMENT_PREFIX_PATH', '/opt/ros/humble'), ('SHELL', '/bin/bash'), ('GZ_VERSION', 'harmonic'), ('VSCODE_GIT_ASKPASS_EXTRA_ARGS', ''), ('PWD', '/ODLC_Machine_Inferencing_System_2025-2026/ros2_workspace/build/gps_mavros'), ('LC_ALL', 'C.UTF-8'), ('PYTHONPATH', '/opt/ros/humble/lib/python3.10/site-packages:/opt/ros/humble/local/lib/python3.10/dist-packages'), ('COLCON', '1'), ('CMAKE_PREFIX_PATH', '/opt/ros/humble')]), 'shell': False}
[147.381554] (-) TimerEvent: {}
[147.483698] (-) TimerEvent: {}
[147.592246] (-) TimerEvent: {}
[147.697779] (-) TimerEvent: {}
[147.800880] (-) TimerEvent: {}
[147.903306] (-) TimerEvent: {}
[148.011077] (-) TimerEvent: {}
[148.113272] (-) TimerEvent: {}
[148.217185] (-) TimerEvent: {}
[148.336727] (-) TimerEvent: {}
[148.442259] (-) TimerEvent: {}
[148.543748] (-) TimerEvent: {}
[148.644897] (-) TimerEvent: {}
[148.753845] (-) TimerEvent: {}
[148.866310] (-) TimerEvent: {}
[148.970160] (-) TimerEvent: {}
[149.075413] (-) TimerEvent: {}
[149.180200] (-) TimerEvent: {}
[149.290491] (-) TimerEvent: {}
[149.397096] (-) TimerEvent: {}
[149.516783] (-) TimerEvent: {}
[149.620666] (-) TimerEvent: {}
[149.723969] (-) TimerEvent: {}
[149.825754] (-) TimerEvent: {}
[149.927809] (-) TimerEvent: {}
[150.032646] (-) TimerEvent: {}
[150.140580] (-) TimerEvent: {}
[150.244295] (-) TimerEvent: {}
[150.350801] (-) TimerEvent: {}
[150.460823] (-) TimerEvent: {}
[150.571441] (-) TimerEvent: {}
[150.677795] (gps_mavros) StdoutLine: {'line': b'[  3%] \x1b[34m\x1b[1mGenerating C++ code for ROS interfaces\x1b[0m\n'}
[150.691132] (-) TimerEvent: {}
[150.801987] (-) TimerEvent: {}
[150.924848] (-) TimerEvent: {}
[151.034928] (-) TimerEvent: {}
[151.143956] (-) TimerEvent: {}
[151.259069] (-) TimerEvent: {}
[151.365469] (-) TimerEvent: {}
[151.483042] (-) TimerEvent: {}
[151.594958] (-) TimerEvent: {}
[151.702284] (-) TimerEvent: {}
[151.813399] (-) TimerEvent: {}
[151.916813] (-) TimerEvent: {}
[152.020626] (-) TimerEvent: {}
[152.134915] (-) TimerEvent: {}
[152.239797] (-) TimerEvent: {}
[152.342754] (-) TimerEvent: {}
[152.448571] (-) TimerEvent: {}
[152.555887] (-) TimerEvent: {}
[152.658065] (-) TimerEvent: {}
[152.768212] (-) TimerEvent: {}
[152.886164] (-) TimerEvent: {}
[152.996160] (-) TimerEvent: {}
[153.103113] (-) TimerEvent: {}
[153.207968] (-) TimerEvent: {}
[153.313415] (-) TimerEvent: {}
[153.418720] (-) TimerEvent: {}
[153.521229] (-) TimerEvent: {}
[153.634917] (-) TimerEvent: {}
[153.737996] (-) TimerEvent: {}
[153.740888] (gps_mavros) StdoutLine: {'line': b'[  3%] Built target gps_mavros__cpp\n'}
[153.838169] (-) TimerEvent: {}
[153.944548] (-) TimerEvent: {}
[154.057698] (-) TimerEvent: {}
[154.170755] (-) TimerEvent: {}
[154.284908] (-) TimerEvent: {}
[154.388403] (-) TimerEvent: {}
[154.494575] (-) TimerEvent: {}
[154.597185] (-) TimerEvent: {}
[154.700545] (-) TimerEvent: {}
[154.803593] (-) TimerEvent: {}
[154.926721] (-) TimerEvent: {}
[155.051986] (-) TimerEvent: {}
[155.168561] (-) TimerEvent: {}
[155.300642] (-) TimerEvent: {}
[155.415717] (-) TimerEvent: {}
[155.540421] (-) TimerEvent: {}
[155.661350] (-) TimerEvent: {}
[155.771654] (-) TimerEvent: {}
[155.819478] (gps_mavros) StdoutLine: {'line': b'[  3%] Built target ament_cmake_python_copy_gps_mavros\n'}
[155.871882] (-) TimerEvent: {}
[155.976893] (-) TimerEvent: {}
[156.091118] (-) TimerEvent: {}
[156.198226] (-) TimerEvent: {}
[156.304713] (-) TimerEvent: {}
[156.408657] (-) TimerEvent: {}
[156.519960] (-) TimerEvent: {}
[156.537058] (gps_mavros) StdoutLine: {'line': b'[  6%] \x1b[34m\x1b[1mGenerating C++ type support dispatch for ROS interfaces\x1b[0m\n'}
[156.628790] (-) TimerEvent: {}
[156.739802] (-) TimerEvent: {}
[156.845938] (-) TimerEvent: {}
[156.950421] (-) TimerEvent: {}
[157.067631] (-) TimerEvent: {}
[157.176251] (-) TimerEvent: {}
[157.278937] (-) TimerEvent: {}
[157.381482] (-) TimerEvent: {}
[157.484119] (-) TimerEvent: {}
[157.586982] (-) TimerEvent: {}
[157.690610] (-) TimerEvent: {}
[157.806626] (-) TimerEvent: {}
[157.920577] (-) TimerEvent: {}
[158.023900] (-) TimerEvent: {}
[158.147521] (-) TimerEvent: {}
[158.251955] (-) TimerEvent: {}
[158.355534] (-) TimerEvent: {}
[158.457570] (-) TimerEvent: {}
[158.566019] (-) TimerEvent: {}
[158.590299] (gps_mavros) StdoutLine: {'line': b'[  9%] \x1b[32mBuilding CXX object CMakeFiles/gps_mavros__rosidl_typesupport_cpp.dir/rosidl_typesupport_cpp/gps_mavros/srv/get_gps_data__type_support.cpp.o\x1b[0m\n'}
[158.666544] (-) TimerEvent: {}
[158.780439] (-) TimerEvent: {}
[158.892949] (-) TimerEvent: {}
[158.997284] (-) TimerEvent: {}
[159.110907] (-) TimerEvent: {}
[159.221769] (-) TimerEvent: {}
[159.334886] (-) TimerEvent: {}
[159.443982] (-) TimerEvent: {}
[159.547805] (-) TimerEvent: {}
[159.649811] (-) TimerEvent: {}
[159.751683] (-) TimerEvent: {}
[159.856082] (-) TimerEvent: {}
[159.958844] (-) TimerEvent: {}
[160.060496] (-) TimerEvent: {}
[160.164484] (-) TimerEvent: {}
[160.280262] (-) TimerEvent: {}
[160.396261] (-) TimerEvent: {}
[160.526502] (-) TimerEvent: {}
[160.628019] (-) TimerEvent: {}
[160.731529] (-) TimerEvent: {}
[160.837141] (-) TimerEvent: {}
[160.940009] (-) TimerEvent: {}
[161.041791] (-) TimerEvent: {}
[161.146064] (-) TimerEvent: {}
[161.251008] (-) TimerEvent: {}
[161.359512] (-) TimerEvent: {}
[161.463162] (-) TimerEvent: {}
[161.566983] (-) TimerEvent: {}
[161.674636] (-) TimerEvent: {}
[161.782772] (-) TimerEvent: {}
[161.886286] (-) TimerEvent: {}
[161.994329] (-) TimerEvent: {}
[162.101924] (-) TimerEvent: {}
[162.212469] (-) TimerEvent: {}
[162.318768] (-) TimerEvent: {}
[162.425006] (-) TimerEvent: {}
[162.527518] (-) TimerEvent: {}
[162.634457] (-) TimerEvent: {}
[162.739604] (-) TimerEvent: {}
[162.843478] (-) TimerEvent: {}
[162.948248] (-) TimerEvent: {}
[163.051757] (-) TimerEvent: {}
[163.155703] (-) TimerEvent: {}
[163.260469] (-) TimerEvent: {}
[163.373845] (-) TimerEvent: {}
[163.482273] (-) TimerEvent: {}
[163.584541] (-) TimerEvent: {}
[163.686664] (-) TimerEvent: {}
[163.789669] (-) TimerEvent: {}
[163.893463] (-) TimerEvent: {}
[164.002461] (-) TimerEvent: {}
[164.105602] (-) TimerEvent: {}
[164.180477] (gps_mavros) StdoutLine: {'line': b'[ 12%] \x1b[32m\x1b[1mLinking CXX shared library libgps_mavros__rosidl_typesupport_cpp.so\x1b[0m\n'}
[164.209324] (-) TimerEvent: {}
[164.319698] (-) TimerEvent: {}
[164.439955] (-) TimerEvent: {}
[164.557116] (-) TimerEvent: {}
[164.666296] (-) TimerEvent: {}
[164.772247] (-) TimerEvent: {}
[164.887243] (-) TimerEvent: {}
[165.005659] (-) TimerEvent: {}
[165.110556] (-) TimerEvent: {}
[165.230969] (-) TimerEvent: {}
[165.338158] (-) TimerEvent: {}
[165.446420] (-) TimerEvent: {}
[165.549129] (-) TimerEvent: {}
[165.656298] (-) TimerEvent: {}
[165.760381] (-) TimerEvent: {}
[165.867030] (-) TimerEvent: {}
[165.972437] (-) TimerEvent: {}
[165.982369] (gps_mavros) StdoutLine: {'line': b'[ 12%] Built target gps_mavros__rosidl_typesupport_cpp\n'}
[166.072504] (-) TimerEvent: {}
[166.183371] (-) TimerEvent: {}
[166.288158] (-) TimerEvent: {}
[166.392033] (-) TimerEvent: {}
[166.497186] (-) TimerEvent: {}
[166.605086] (-) TimerEvent: {}
[166.715987] (-) TimerEvent: {}
[166.823617] (-) TimerEvent: {}
[166.927107] (-) TimerEvent: {}
[167.034618] (-) TimerEvent: {}
[167.140203] (-) TimerEvent: {}
[167.244873] (-) TimerEvent: {}
[167.347281] (-) TimerEvent: {}
[167.450616] (-) TimerEvent: {}
[167.557305] (-) TimerEvent: {}
[167.658989] (-) TimerEvent: {}
[167.766121] (-) TimerEvent: {}
[167.872714] (-) TimerEvent: {}
[167.975066] (-) TimerEvent: {}
[168.077477] (-) TimerEvent: {}
[168.188522] (-) TimerEvent: {}
[168.223557] (gps_mavros) StdoutLine: {'line': b'running egg_info\n'}
[168.267456] (gps_mavros) StdoutLine: {'line': b'creating gps_mavros.egg-info\n'}
[168.294028] (-) TimerEvent: {}
[168.325769] (gps_mavros) StdoutLine: {'line': b'writing gps_mavros.egg-info/PKG-INFO\n'}
[168.394162] (-) TimerEvent: {}
[168.487949] (gps_mavros) StdoutLine: {'line': b'writing dependency_links to gps_mavros.egg-info/dependency_links.txt\n'}
[168.502681] (-) TimerEvent: {}
[168.576600] (gps_mavros) StdoutLine: {'line': b'writing top-level names to gps_mavros.egg-info/top_level.txt\n'}
[168.603497] (-) TimerEvent: {}
[168.646706] (gps_mavros) StdoutLine: {'line': b"writing manifest file 'gps_mavros.egg-info/SOURCES.txt'\n"}
[168.703717] (-) TimerEvent: {}
[168.806102] (-) TimerEvent: {}
[168.909140] (-) TimerEvent: {}
[169.020288] (-) TimerEvent: {}
[169.126926] (-) TimerEvent: {}
[169.230498] (-) TimerEvent: {}
[169.233347] (gps_mavros) StdoutLine: {'line': b"reading manifest file 'gps_mavros.egg-info/SOURCES.txt'\n"}
[169.331096] (-) TimerEvent: {}
[169.441523] (-) TimerEvent: {}
[169.554000] (-) TimerEvent: {}
[169.666246] (-) TimerEvent: {}
[169.671123] (gps_mavros) StdoutLine: {'line': b"writing manifest file 'gps_mavros.egg-info/SOURCES.txt'\n"}
[169.766998] (-) TimerEvent: {}
[169.870202] (-) TimerEvent: {}
[169.916414] (gps_mavros) StdoutLine: {'line': b'[ 12%] Built target ament_cmake_python_build_gps_mavros_egg\n'}
[169.970803] (-) TimerEvent: {}
[170.073580] (-) TimerEvent: {}
[170.177050] (-) TimerEvent: {}
[170.293251] (-) TimerEvent: {}
[170.401076] (-) TimerEvent: {}
[170.525261] (-) TimerEvent: {}
[170.634434] (-) TimerEvent: {}
[170.694344] (gps_mavros) StdoutLine: {'line': b'[ 16%] \x1b[34m\x1b[1mGenerating C++ introspection for ROS interfaces\x1b[0m\n'}
[170.741806] (-) TimerEvent: {}
[170.850156] (-) TimerEvent: {}
[170.952481] (-) TimerEvent: {}
[171.053673] (-) TimerEvent: {}
[171.158004] (-) TimerEvent: {}
[171.268285] (-) TimerEvent: {}
[171.370603] (-) TimerEvent: {}
[171.478460] (-) TimerEvent: {}
[171.592934] (-) TimerEvent: {}
[171.703195] (-) TimerEvent: {}
[171.810389] (-) TimerEvent: {}
[171.929514] (-) TimerEvent: {}
[172.035523] (-) TimerEvent: {}
[172.152930] (-) TimerEvent: {}
[172.259630] (-) TimerEvent: {}
[172.363386] (-) TimerEvent: {}
[172.472671] (-) TimerEvent: {}
[172.576029] (-) TimerEvent: {}
[172.679320] (-) TimerEvent: {}
[172.782959] (-) TimerEvent: {}
[172.888630] (-) TimerEvent: {}
[172.995403] (-) TimerEvent: {}
[173.039531] (gps_mavros) StdoutLine: {'line': b'[ 19%] \x1b[32mBuilding CXX object CMakeFiles/gps_mavros__rosidl_typesupport_introspection_cpp.dir/rosidl_typesupport_introspection_cpp/gps_mavros/srv/detail/get_gps_data__type_support.cpp.o\x1b[0m\n'}
[173.095510] (-) TimerEvent: {}
[173.197248] (-) TimerEvent: {}
[173.301743] (-) TimerEvent: {}
[173.419247] (-) TimerEvent: {}
[173.521470] (-) TimerEvent: {}
[173.624640] (-) TimerEvent: {}
[173.734668] (-) TimerEvent: {}
[173.841722] (-) TimerEvent: {}
[173.949412] (-) TimerEvent: {}
[174.061128] (-) TimerEvent: {}
[174.177421] (-) TimerEvent: {}
[174.283112] (-) TimerEvent: {}
[174.399962] (-) TimerEvent: {}
[174.503463] (-) TimerEvent: {}
[174.609667] (-) TimerEvent: {}
[174.715610] (-) TimerEvent: {}
[174.817867] (-) TimerEvent: {}
[174.922473] (-) TimerEvent: {}
[175.028066] (-) TimerEvent: {}
[175.149515] (-) TimerEvent: {}
[175.267677] (-) TimerEvent: {}
[175.373854] (-) TimerEvent: {}
[175.477145] (-) TimerEvent: {}
[175.589893] (-) TimerEvent: {}
[175.697226] (-) TimerEvent: {}
[175.803946] (-) TimerEvent: {}
[175.907836] (-) TimerEvent: {}
[176.016024] (-) TimerEvent: {}
[176.119985] (-) TimerEvent: {}
[176.221757] (-) TimerEvent: {}
[176.324507] (-) TimerEvent: {}
[176.429225] (-) TimerEvent: {}
[176.538305] (-) TimerEvent: {}
[176.647733] (-) TimerEvent: {}
[176.760856] (-) TimerEvent: {}
[176.876190] (-) TimerEvent: {}
[176.981390] (-) TimerEvent: {}
[177.091639] (-) TimerEvent: {}
[177.200061] (-) TimerEvent: {}
[177.320825] (-) TimerEvent: {}
[177.425030] (-) TimerEvent: {}
[177.531351] (-) TimerEvent: {}
[177.634243] (-) TimerEvent: {}
[177.742947] (-) TimerEvent: {}
[177.844815] (-) TimerEvent: {}
[177.950548] (-) TimerEvent: {}
[178.056023] (-) TimerEvent: {}
[178.160790] (-) TimerEvent: {}
[178.267663] (-) TimerEvent: {}
[178.384443] (-) TimerEvent: {}
[178.488050] (-) TimerEvent: {}
[178.593493] (-) TimerEvent: {}
[178.707787] (-) TimerEvent: {}
[178.822416] (-) TimerEvent: {}
[178.924825] (-) TimerEvent: {}
[179.032033] (-) TimerEvent: {}
[179.151440] (-) TimerEvent: {}
[179.254366] (-) TimerEvent: {}
[179.367763] (-) TimerEvent: {}
[179.475225] (-) TimerEvent: {}
[179.581439] (-) TimerEvent: {}
[179.691055] (-) TimerEvent: {}
[179.806736] (-) TimerEvent: {}
[179.915738] (-) TimerEvent: {}
[180.020008] (-) TimerEvent: {}
[180.122985] (-) TimerEvent: {}
[180.224890] (-) TimerEvent: {}
[180.330442] (-) TimerEvent: {}
[180.437243] (-) TimerEvent: {}
[180.542243] (-) TimerEvent: {}
[180.646601] (-) TimerEvent: {}
[180.749340] (-) TimerEvent: {}
[180.853561] (-) TimerEvent: {}
[180.957522] (-) TimerEvent: {}
[181.065507] (-) TimerEvent: {}
[181.167328] (-) TimerEvent: {}
[181.276810] (-) TimerEvent: {}
[181.380832] (-) TimerEvent: {}
[181.484064] (-) TimerEvent: {}
[181.587187] (-) TimerEvent: {}
[181.690613] (-) TimerEvent: {}
[181.803474] (-) TimerEvent: {}
[181.925881] (-) TimerEvent: {}
[182.032214] (-) TimerEvent: {}
[182.153266] (-) TimerEvent: {}
[182.270984] (-) TimerEvent: {}
[182.377547] (-) TimerEvent: {}
[182.491452] (-) TimerEvent: {}
[182.597652] (-) TimerEvent: {}
[182.708790] (-) TimerEvent: {}
[182.812202] (-) TimerEvent: {}
[182.922352] (-) TimerEvent: {}
[183.036846] (-) TimerEvent: {}
[183.116426] (gps_mavros) StdoutLine: {'line': b'[ 22%] \x1b[32m\x1b[1mLinking CXX shared library libgps_mavros__rosidl_typesupport_introspection_cpp.so\x1b[0m\n'}
[183.138126] (-) TimerEvent: {}
[183.247993] (-) TimerEvent: {}
[183.352011] (-) TimerEvent: {}
[183.455075] (-) TimerEvent: {}
[183.557560] (-) TimerEvent: {}
[183.660006] (-) TimerEvent: {}
[183.762280] (-) TimerEvent: {}
[183.871041] (-) TimerEvent: {}
[183.978835] (-) TimerEvent: {}
[184.097532] (-) TimerEvent: {}
[184.211949] (-) TimerEvent: {}
[184.317286] (-) TimerEvent: {}
[184.332667] (gps_mavros) StdoutLine: {'line': b'[ 22%] Built target gps_mavros__rosidl_typesupport_introspection_cpp\n'}
[184.417516] (-) TimerEvent: {}
[184.523089] (-) TimerEvent: {}
[184.625157] (-) TimerEvent: {}
[184.741021] (-) TimerEvent: {}
[184.842500] (-) TimerEvent: {}
[184.954492] (-) TimerEvent: {}
[185.067598] (-) TimerEvent: {}
[185.156480] (gps_mavros) StdoutLine: {'line': b'[ 25%] \x1b[34m\x1b[1mGenerating C++ type support for eProsima Fast-RTPS\x1b[0m\n'}
[185.235110] (-) TimerEvent: {}
[185.349339] (-) TimerEvent: {}
[185.456839] (-) TimerEvent: {}
[185.584327] (-) TimerEvent: {}
[185.685487] (-) TimerEvent: {}
[185.804623] (-) TimerEvent: {}
[185.906251] (-) TimerEvent: {}
[186.018758] (-) TimerEvent: {}
[186.122479] (-) TimerEvent: {}
[186.226220] (-) TimerEvent: {}
[186.336023] (-) TimerEvent: {}
[186.438500] (-) TimerEvent: {}
[186.543987] (-) TimerEvent: {}
[186.656197] (-) TimerEvent: {}
[186.778446] (-) TimerEvent: {}
[186.885320] (-) TimerEvent: {}
[186.991233] (-) TimerEvent: {}
[187.093579] (-) TimerEvent: {}
[187.205962] (-) TimerEvent: {}
[187.309277] (-) TimerEvent: {}
[187.418471] (-) TimerEvent: {}
[187.523487] (-) TimerEvent: {}
[187.630391] (-) TimerEvent: {}
[187.733509] (-) TimerEvent: {}
[187.848100] (-) TimerEvent: {}
[187.953752] (-) TimerEvent: {}
[188.065676] (-) TimerEvent: {}
[188.185870] (-) TimerEvent: {}
[188.318838] (-) TimerEvent: {}
[188.425963] (-) TimerEvent: {}
[188.538229] (-) TimerEvent: {}
[188.641012] (-) TimerEvent: {}
[188.756546] (-) TimerEvent: {}
[188.860539] (-) TimerEvent: {}
[188.919117] (gps_mavros) StdoutLine: {'line': b'[ 29%] \x1b[32mBuilding CXX object CMakeFiles/gps_mavros__rosidl_typesupport_fastrtps_cpp.dir/rosidl_typesupport_fastrtps_cpp/gps_mavros/srv/detail/dds_fastrtps/get_gps_data__type_support.cpp.o\x1b[0m\n'}
[188.960760] (-) TimerEvent: {}
[189.068163] (-) TimerEvent: {}
[189.180792] (-) TimerEvent: {}
[189.290549] (-) TimerEvent: {}
[189.399084] (-) TimerEvent: {}
[189.525991] (-) TimerEvent: {}
[189.637353] (-) TimerEvent: {}
[189.746100] (-) TimerEvent: {}
[189.853052] (-) TimerEvent: {}
[189.954962] (-) TimerEvent: {}
[190.067570] (-) TimerEvent: {}
[190.174339] (-) TimerEvent: {}
[190.279259] (-) TimerEvent: {}
[190.382835] (-) TimerEvent: {}
[190.495451] (-) TimerEvent: {}
[190.601574] (-) TimerEvent: {}
[190.706786] (-) TimerEvent: {}
[190.810576] (-) TimerEvent: {}
[190.917603] (-) TimerEvent: {}
[191.023386] (-) TimerEvent: {}
[191.126832] (-) TimerEvent: {}
[191.232373] (-) TimerEvent: {}
[191.339680] (-) TimerEvent: {}
[191.444609] (-) TimerEvent: {}
[191.553242] (-) TimerEvent: {}
[191.655282] (-) TimerEvent: {}
[191.769402] (-) TimerEvent: {}
[191.876095] (-) TimerEvent: {}
[191.996307] (-) TimerEvent: {}
[192.116341] (-) TimerEvent: {}
[192.230459] (-) TimerEvent: {}
[192.338331] (-) TimerEvent: {}
[192.451307] (-) TimerEvent: {}
[192.566167] (-) TimerEvent: {}
[192.673059] (-) TimerEvent: {}
[192.778328] (-) TimerEvent: {}
[192.890079] (-) TimerEvent: {}
[192.998316] (-) TimerEvent: {}
[193.115891] (-) TimerEvent: {}
[193.220586] (-) TimerEvent: {}
[193.326784] (-) TimerEvent: {}
[193.454104] (-) TimerEvent: {}
[193.566173] (-) TimerEvent: {}
[193.688994] (-) TimerEvent: {}
[193.799386] (-) TimerEvent: {}
[193.916651] (-) TimerEvent: {}
[194.029575] (-) TimerEvent: {}
[194.136512] (-) TimerEvent: {}
[194.253968] (-) TimerEvent: {}
[194.359680] (-) TimerEvent: {}
[194.470554] (-) TimerEvent: {}
[194.576031] (-) TimerEvent: {}
[194.683794] (-) TimerEvent: {}
[194.790336] (-) TimerEvent: {}
[194.917822] (-) TimerEvent: {}
[195.025412] (-) TimerEvent: {}
[195.141886] (-) TimerEvent: {}
[195.251610] (-) TimerEvent: {}
[195.355673] (-) TimerEvent: {}
[195.492065] (-) TimerEvent: {}
[195.593752] (-) TimerEvent: {}
[195.698166] (-) TimerEvent: {}
[195.805187] (-) TimerEvent: {}
[195.918951] (-) TimerEvent: {}
[196.025076] (-) TimerEvent: {}
[196.145675] (-) TimerEvent: {}
[196.248905] (-) TimerEvent: {}
[196.353861] (-) TimerEvent: {}
[196.456182] (-) TimerEvent: {}
[196.561232] (-) TimerEvent: {}
[196.662711] (-) TimerEvent: {}
[196.765802] (-) TimerEvent: {}
[196.869605] (-) TimerEvent: {}
[196.971768] (-) TimerEvent: {}
[197.078794] (-) TimerEvent: {}
[197.195426] (-) TimerEvent: {}
[197.307161] (-) TimerEvent: {}
[197.414593] (-) TimerEvent: {}
[197.535217] (-) TimerEvent: {}
[197.642826] (-) TimerEvent: {}
[197.745267] (-) TimerEvent: {}
[197.850723] (-) TimerEvent: {}
[197.955010] (-) TimerEvent: {}
[198.065434] (-) TimerEvent: {}
[198.166972] (-) TimerEvent: {}
[198.270956] (-) TimerEvent: {}
[198.384190] (-) TimerEvent: {}
[198.495958] (-) TimerEvent: {}
[198.601559] (-) TimerEvent: {}
[198.708712] (-) TimerEvent: {}
[198.822249] (-) TimerEvent: {}
[198.932784] (-) TimerEvent: {}
[199.035017] (-) TimerEvent: {}
[199.143165] (-) TimerEvent: {}
[199.250046] (-) TimerEvent: {}
[199.364995] (-) TimerEvent: {}
[199.485288] (-) TimerEvent: {}
[199.597936] (-) TimerEvent: {}
[199.714158] (-) TimerEvent: {}
[199.822607] (-) TimerEvent: {}
[199.932824] (-) TimerEvent: {}
[200.036663] (-) TimerEvent: {}
[200.142512] (-) TimerEvent: {}
[200.252285] (-) TimerEvent: {}
[200.355282] (-) TimerEvent: {}
[200.460393] (-) TimerEvent: {}
[200.564879] (-) TimerEvent: {}
[200.680638] (-) TimerEvent: {}
[200.784296] (-) TimerEvent: {}
[200.888254] (-) TimerEvent: {}
[200.990064] (-) TimerEvent: {}
[201.098459] (-) TimerEvent: {}
[201.204748] (-) TimerEvent: {}
[201.316104] (-) TimerEvent: {}
[201.424233] (-) TimerEvent: {}
[201.530636] (-) TimerEvent: {}
[201.638523] (-) TimerEvent: {}
[201.745692] (-) TimerEvent: {}
[201.848956] (-) TimerEvent: {}
[201.961865] (-) TimerEvent: {}
[202.077060] (-) TimerEvent: {}
[202.206508] (-) TimerEvent: {}
[202.321155] (-) TimerEvent: {}
[202.441675] (-) TimerEvent: {}
[202.547083] (-) TimerEvent: {}
[202.656435] (-) TimerEvent: {}
[202.768291] (-) TimerEvent: {}
[202.877644] (-) TimerEvent: {}
[202.983942] (-) TimerEvent: {}
[203.089497] (-) TimerEvent: {}
[203.192492] (-) TimerEvent: {}
[203.234813] (gps_mavros) StdoutLine: {'line': b'[ 32%] \x1b[32m\x1b[1mLinking CXX shared library libgps_mavros__rosidl_typesupport_fastrtps_cpp.so\x1b[0m\n'}
[203.292877] (-) TimerEvent: {}
[203.396099] (-) TimerEvent: {}
[203.502197] (-) TimerEvent: {}
[203.606590] (-) TimerEvent: {}
[203.711427] (-) TimerEvent: {}
[203.815365] (-) TimerEvent: {}
[203.916839] (-) TimerEvent: {}
[204.020166] (-) TimerEvent: {}
[204.148975] (-) TimerEvent: {}
[204.273925] (-) TimerEvent: {}
[204.381342] (-) TimerEvent: {}
[204.503261] (-) TimerEvent: {}
[204.631239] (-) TimerEvent: {}
[204.738291] (-) TimerEvent: {}
[204.845784] (-) TimerEvent: {}
[204.950295] (-) TimerEvent: {}
[205.072000] (-) TimerEvent: {}
[205.205578] (-) TimerEvent: {}
[205.340910] (-) TimerEvent: {}
[205.447254] (-) TimerEvent: {}
[205.564869] (-) TimerEvent: {}
[205.676238] (-) TimerEvent: {}
[205.787520] (-) TimerEvent: {}
[205.921160] (-) TimerEvent: {}
[206.047048] (-) TimerEvent: {}
[206.175237] (-) TimerEvent: {}
[206.277584] (-) TimerEvent: {}
[206.299082] (gps_mavros) StdoutLine: {'line': b'[ 32%] Built target gps_mavros__rosidl_typesupport_fastrtps_cpp\n'}
[206.377777] (-) TimerEvent: {}
[206.481467] (-) TimerEvent: {}
[206.591501] (-) TimerEvent: {}
[206.693293] (-) TimerEvent: {}
[206.783220] (gps_mavros) StdoutLine: {'line': b'[ 35%] \x1b[34m\x1b[1mGenerating C code for ROS interfaces\x1b[0m\n'}
[206.793463] (-) TimerEvent: {}
[206.895603] (-) TimerEvent: {}
[206.998580] (-) TimerEvent: {}
[207.107973] (-) TimerEvent: {}
[207.221107] (-) TimerEvent: {}
[207.336437] (-) TimerEvent: {}
[207.467780] (-) TimerEvent: {}
[207.573397] (-) TimerEvent: {}
[207.675540] (-) TimerEvent: {}
[207.781732] (-) TimerEvent: {}
[207.890958] (-) TimerEvent: {}
[207.995317] (-) TimerEvent: {}
[208.097273] (-) TimerEvent: {}
[208.200403] (-) TimerEvent: {}
[208.303950] (-) TimerEvent: {}
[208.411307] (-) TimerEvent: {}
[208.518884] (-) TimerEvent: {}
[208.621319] (-) TimerEvent: {}
[208.726091] (-) TimerEvent: {}
[208.830705] (-) TimerEvent: {}
[208.940784] (-) TimerEvent: {}
[209.047743] (-) TimerEvent: {}
[209.167970] (-) TimerEvent: {}
[209.311258] (-) TimerEvent: {}
[209.447050] (-) TimerEvent: {}
[209.563150] (-) TimerEvent: {}
[209.676635] (-) TimerEvent: {}
[209.793143] (-) TimerEvent: {}
[209.914611] (-) TimerEvent: {}
[210.020589] (-) TimerEvent: {}
[210.134204] (-) TimerEvent: {}
[210.241017] (-) TimerEvent: {}
[210.353217] (-) TimerEvent: {}
[210.458393] (-) TimerEvent: {}
[210.562294] (-) TimerEvent: {}
[210.668603] (-) TimerEvent: {}
[210.771541] (-) TimerEvent: {}
[210.877648] (-) TimerEvent: {}
[210.983197] (-) TimerEvent: {}
[211.101555] (-) TimerEvent: {}
[211.215302] (-) TimerEvent: {}
[211.340281] (-) TimerEvent: {}
[211.448102] (-) TimerEvent: {}
[211.551163] (-) TimerEvent: {}
[211.656426] (-) TimerEvent: {}
[211.767413] (-) TimerEvent: {}
[211.877172] (-) TimerEvent: {}
[211.985945] (-) TimerEvent: {}
[212.109543] (-) TimerEvent: {}
[212.185546] (gps_mavros) StdoutLine: {'line': b'[ 38%] \x1b[32mBuilding C object CMakeFiles/gps_mavros__rosidl_generator_c.dir/rosidl_generator_c/gps_mavros/srv/detail/get_gps_data__functions.c.o\x1b[0m\n'}
[212.220348] (-) TimerEvent: {}
[212.353969] (-) TimerEvent: {}
[212.466822] (-) TimerEvent: {}
[212.574710] (-) TimerEvent: {}
[212.683640] (-) TimerEvent: {}
[212.801615] (-) TimerEvent: {}
[212.914003] (-) TimerEvent: {}
[213.025212] (-) TimerEvent: {}
[213.135068] (-) TimerEvent: {}
[213.243053] (-) TimerEvent: {}
[213.361465] (-) TimerEvent: {}
[213.491007] (-) TimerEvent: {}
[213.607864] (-) TimerEvent: {}
[213.727585] (-) TimerEvent: {}
[213.836282] (-) TimerEvent: {}
[213.954746] (-) TimerEvent: {}
[214.061136] (-) TimerEvent: {}
[214.164266] (-) TimerEvent: {}
[214.272167] (-) TimerEvent: {}
[214.384781] (-) TimerEvent: {}
[214.500080] (-) TimerEvent: {}
[214.603816] (-) TimerEvent: {}
[214.710754] (-) TimerEvent: {}
[214.816614] (-) TimerEvent: {}
[214.927513] (-) TimerEvent: {}
[215.049827] (-) TimerEvent: {}
[215.179340] (-) TimerEvent: {}
[215.295223] (-) TimerEvent: {}
[215.415023] (-) TimerEvent: {}
[215.532769] (-) TimerEvent: {}
[215.645144] (-) TimerEvent: {}
[215.764864] (-) TimerEvent: {}
[215.917223] (-) TimerEvent: {}
[216.026296] (-) TimerEvent: {}
[216.139653] (-) TimerEvent: {}
[216.249699] (-) TimerEvent: {}
[216.360071] (-) TimerEvent: {}
[216.472309] (-) TimerEvent: {}
[216.581492] (-) TimerEvent: {}
[216.693755] (-) TimerEvent: {}
[216.803837] (-) TimerEvent: {}
[216.911718] (-) TimerEvent: {}
[217.016082] (-) TimerEvent: {}
[217.123150] (-) TimerEvent: {}
[217.245675] (-) TimerEvent: {}
[217.351564] (-) TimerEvent: {}
[217.464646] (-) TimerEvent: {}
[217.567558] (-) TimerEvent: {}
[217.679970] (-) TimerEvent: {}
[217.806021] (-) TimerEvent: {}
[217.825925] (gps_mavros) StdoutLine: {'line': b'[ 41%] \x1b[32m\x1b[1mLinking C shared library libgps_mavros__rosidl_generator_c.so\x1b[0m\n'}
[217.907505] (-) TimerEvent: {}
[218.014993] (-) TimerEvent: {}
[218.137596] (-) TimerEvent: {}
[218.243472] (-) TimerEvent: {}
[218.356584] (-) TimerEvent: {}
[218.467359] (-) TimerEvent: {}
[218.582041] (-) TimerEvent: {}
[218.704378] (-) TimerEvent: {}
[218.827699] (-) TimerEvent: {}
[218.938182] (-) TimerEvent: {}
[219.061985] (-) TimerEvent: {}
[219.172238] (-) TimerEvent: {}
[219.281981] (-) TimerEvent: {}
[219.399637] (-) TimerEvent: {}
[219.506742] (-) TimerEvent: {}
[219.618420] (-) TimerEvent: {}
[219.725695] (-) TimerEvent: {}
[219.851068] (-) TimerEvent: {}
[219.963132] (-) TimerEvent: {}
[220.066391] (-) TimerEvent: {}
[220.195391] (-) TimerEvent: {}
[220.303551] (-) TimerEvent: {}
[220.315127] (gps_mavros) StdoutLine: {'line': b'[ 41%] Built target gps_mavros__rosidl_generator_c\n'}
[220.403769] (-) TimerEvent: {}
[220.511021] (-) TimerEvent: {}
[220.619738] (-) TimerEvent: {}
[220.729499] (-) TimerEvent: {}
[220.837281] (-) TimerEvent: {}
[220.942985] (-) TimerEvent: {}
[221.046514] (-) TimerEvent: {}
[221.156186] (-) TimerEvent: {}
[221.263071] (gps_mavros) StdoutLine: {'line': b'[ 45%] \x1b[34m\x1b[1mGenerating C type support for eProsima Fast-RTPS\x1b[0m\n'}
[221.275737] (-) TimerEvent: {}
[221.379898] (-) TimerEvent: {}
[221.486971] (-) TimerEvent: {}
[221.599262] (-) TimerEvent: {}
[221.708853] (-) TimerEvent: {}
[221.817367] (-) TimerEvent: {}
[221.931268] (-) TimerEvent: {}
[222.050288] (-) TimerEvent: {}
[222.169664] (-) TimerEvent: {}
[222.276061] (-) TimerEvent: {}
[222.383230] (-) TimerEvent: {}
[222.487964] (-) TimerEvent: {}
[222.602555] (-) TimerEvent: {}
[222.712258] (-) TimerEvent: {}
[222.821494] (-) TimerEvent: {}
[222.926881] (-) TimerEvent: {}
[223.029807] (-) TimerEvent: {}
[223.138668] (-) TimerEvent: {}
[223.250139] (-) TimerEvent: {}
[223.356018] (-) TimerEvent: {}
[223.467582] (-) TimerEvent: {}
[223.569991] (-) TimerEvent: {}
[223.686694] (-) TimerEvent: {}
[223.798065] (-) TimerEvent: {}
[223.904322] (-) TimerEvent: {}
[224.010191] (-) TimerEvent: {}
[224.116258] (-) TimerEvent: {}
[224.224264] (-) TimerEvent: {}
[224.329299] (-) TimerEvent: {}
[224.449613] (-) TimerEvent: {}
[224.561936] (-) TimerEvent: {}
[224.665137] (gps_mavros) StdoutLine: {'line': b'[ 48%] \x1b[32mBuilding CXX object CMakeFiles/gps_mavros__rosidl_typesupport_fastrtps_c.dir/rosidl_typesupport_fastrtps_c/gps_mavros/srv/detail/get_gps_data__type_support_c.cpp.o\x1b[0m\n'}
[224.704737] (-) TimerEvent: {}
[224.807329] (-) TimerEvent: {}
[224.917209] (-) TimerEvent: {}
[225.035164] (-) TimerEvent: {}
[225.141510] (-) TimerEvent: {}
[225.250113] (-) TimerEvent: {}
[225.369620] (-) TimerEvent: {}
[225.496826] (-) TimerEvent: {}
[225.603788] (-) TimerEvent: {}
[225.715441] (-) TimerEvent: {}
[225.832923] (-) TimerEvent: {}
[225.939773] (-) TimerEvent: {}
[226.044847] (-) TimerEvent: {}
[226.151511] (-) TimerEvent: {}
[226.277281] (-) TimerEvent: {}
[226.388073] (-) TimerEvent: {}
[226.490334] (-) TimerEvent: {}
[226.593716] (-) TimerEvent: {}
[226.701711] (-) TimerEvent: {}
[226.824171] (-) TimerEvent: {}
[226.934941] (-) TimerEvent: {}
[227.058282] (-) TimerEvent: {}
[227.161427] (-) TimerEvent: {}
[227.271973] (-) TimerEvent: {}
[227.387585] (-) TimerEvent: {}
[227.493085] (-) TimerEvent: {}
[227.602380] (-) TimerEvent: {}
[227.714608] (-) TimerEvent: {}
[227.816405] (-) TimerEvent: {}
[227.919996] (-) TimerEvent: {}
[228.027442] (-) TimerEvent: {}
[228.136096] (-) TimerEvent: {}
[228.238233] (-) TimerEvent: {}
[228.353609] (-) TimerEvent: {}
[228.458884] (-) TimerEvent: {}
[228.563216] (-) TimerEvent: {}
[228.669032] (-) TimerEvent: {}
[228.774211] (-) TimerEvent: {}
[228.884322] (-) TimerEvent: {}
[228.989908] (-) TimerEvent: {}
[229.099651] (-) TimerEvent: {}
[229.209770] (-) TimerEvent: {}
[229.312173] (-) TimerEvent: {}
[229.428255] (-) TimerEvent: {}
[229.537184] (-) TimerEvent: {}
[229.647338] (-) TimerEvent: {}
[229.754975] (-) TimerEvent: {}
[229.863011] (-) TimerEvent: {}
[229.966055] (-) TimerEvent: {}
[230.071387] (-) TimerEvent: {}
[230.182261] (-) TimerEvent: {}
[230.290166] (-) TimerEvent: {}
[230.413826] (-) TimerEvent: {}
[230.534774] (-) TimerEvent: {}
[230.638491] (-) TimerEvent: {}
[230.753148] (-) TimerEvent: {}
[230.859416] (-) TimerEvent: {}
[230.967619] (-) TimerEvent: {}
[231.071086] (-) TimerEvent: {}
[231.174397] (-) TimerEvent: {}
[231.290654] (-) TimerEvent: {}
[231.392822] (-) TimerEvent: {}
[231.496792] (-) TimerEvent: {}
[231.602188] (-) TimerEvent: {}
[231.704926] (-) TimerEvent: {}
[231.812095] (-) TimerEvent: {}
[231.919344] (-) TimerEvent: {}
[232.023912] (-) TimerEvent: {}
[232.127275] (-) TimerEvent: {}
[232.236328] (-) TimerEvent: {}
[232.359619] (-) TimerEvent: {}
[232.485285] (-) TimerEvent: {}
[232.590906] (-) TimerEvent: {}
[232.711997] (-) TimerEvent: {}
[232.830709] (-) TimerEvent: {}
[232.937694] (-) TimerEvent: {}
[233.040860] (-) TimerEvent: {}
[233.143279] (-) TimerEvent: {}
[233.246091] (-) TimerEvent: {}
[233.347904] (-) TimerEvent: {}
[233.456900] (-) TimerEvent: {}
[233.565640] (-) TimerEvent: {}
[233.692139] (-) TimerEvent: {}
[233.801260] (-) TimerEvent: {}
[233.904469] (-) TimerEvent: {}
[234.013083] (-) TimerEvent: {}
[234.118389] (-) TimerEvent: {}
[234.230965] (-) TimerEvent: {}
[234.342135] (-) TimerEvent: {}
[234.451636] (-) TimerEvent: {}
[234.568407] (-) TimerEvent: {}
[234.669682] (-) TimerEvent: {}
[234.784655] (-) TimerEvent: {}
[234.890768] (-) TimerEvent: {}
[234.998949] (-) TimerEvent: {}
[235.103452] (-) TimerEvent: {}
[235.224498] (-) TimerEvent: {}
[235.329772] (-) TimerEvent: {}
[235.456755] (-) TimerEvent: {}
[235.572697] (-) TimerEvent: {}
[235.700178] (-) TimerEvent: {}
[235.810113] (-) TimerEvent: {}
[235.920407] (-) TimerEvent: {}
[236.026910] (-) TimerEvent: {}
[236.151003] (-) TimerEvent: {}
[236.259431] (-) TimerEvent: {}
[236.370719] (-) TimerEvent: {}
[236.477051] (-) TimerEvent: {}
[236.589200] (-) TimerEvent: {}
[236.700397] (-) TimerEvent: {}
[236.802637] (-) TimerEvent: {}
[236.910261] (-) TimerEvent: {}
[237.012304] (-) TimerEvent: {}
[237.120487] (-) TimerEvent: {}
[237.223048] (-) TimerEvent: {}
[237.336971] (-) TimerEvent: {}
[237.451081] (-) TimerEvent: {}
[237.558093] (-) TimerEvent: {}
[237.661324] (-) TimerEvent: {}
[237.767034] (-) TimerEvent: {}
[237.876909] (-) TimerEvent: {}
[237.978777] (-) TimerEvent: {}
[238.001081] (gps_mavros) StdoutLine: {'line': b'[ 51%] \x1b[32m\x1b[1mLinking CXX shared library libgps_mavros__rosidl_typesupport_fastrtps_c.so\x1b[0m\n'}
[238.080925] (-) TimerEvent: {}
[238.188012] (-) TimerEvent: {}
[238.298715] (-) TimerEvent: {}
[238.424272] (-) TimerEvent: {}
[238.552150] (-) TimerEvent: {}
[238.664197] (-) TimerEvent: {}
[238.767036] (-) TimerEvent: {}
[238.873035] (-) TimerEvent: {}
[238.982375] (-) TimerEvent: {}
[239.086116] (-) TimerEvent: {}
[239.203338] (-) TimerEvent: {}
[239.318453] (-) TimerEvent: {}
[239.422318] (-) TimerEvent: {}
[239.532749] (-) TimerEvent: {}
[239.638743] (-) TimerEvent: {}
[239.742486] (-) TimerEvent: {}
[239.848706] (-) TimerEvent: {}
[239.956845] (-) TimerEvent: {}
[240.064086] (-) TimerEvent: {}
[240.168302] (-) TimerEvent: {}
[240.278772] (-) TimerEvent: {}
[240.318098] (gps_mavros) StdoutLine: {'line': b'[ 51%] Built target gps_mavros__rosidl_typesupport_fastrtps_c\n'}
[240.380381] (-) TimerEvent: {}
[240.494957] (-) TimerEvent: {}
[240.602611] (-) TimerEvent: {}
[240.720511] (-) TimerEvent: {}
[240.827610] (-) TimerEvent: {}
[240.937632] (-) TimerEvent: {}
[241.039969] (-) TimerEvent: {}
[241.142451] (-) TimerEvent: {}
[241.252649] (-) TimerEvent: {}
[241.364365] (-) TimerEvent: {}
[241.404531] (gps_mavros) StdoutLine: {'line': b'[ 54%] \x1b[34m\x1b[1mGenerating C type support dispatch for ROS interfaces\x1b[0m\n'}
[241.464918] (-) TimerEvent: {}
[241.568243] (-) TimerEvent: {}
[241.674288] (-) TimerEvent: {}
[241.779728] (-) TimerEvent: {}
[241.889448] (-) TimerEvent: {}
[241.991980] (-) TimerEvent: {}
[242.094622] (-) TimerEvent: {}
[242.221312] (-) TimerEvent: {}
[242.329576] (-) TimerEvent: {}
[242.448611] (-) TimerEvent: {}
[242.554132] (-) TimerEvent: {}
[242.675488] (-) TimerEvent: {}
[242.784840] (-) TimerEvent: {}
[242.887992] (-) TimerEvent: {}
[242.996634] (-) TimerEvent: {}
[243.116027] (-) TimerEvent: {}
[243.219740] (-) TimerEvent: {}
[243.323381] (-) TimerEvent: {}
[243.432859] (-) TimerEvent: {}
[243.538241] (-) TimerEvent: {}
[243.640401] (-) TimerEvent: {}
[243.714504] (gps_mavros) StdoutLine: {'line': b'[ 58%] \x1b[32mBuilding CXX object CMakeFiles/gps_mavros__rosidl_typesupport_c.dir/rosidl_typesupport_c/gps_mavros/srv/get_gps_data__type_support.cpp.o\x1b[0m\n'}
[243.743332] (-) TimerEvent: {}
[243.844536] (-) TimerEvent: {}
[243.948271] (-) TimerEvent: {}
[244.051028] (-) TimerEvent: {}
[244.153384] (-) TimerEvent: {}
[244.257470] (-) TimerEvent: {}
[244.363834] (-) TimerEvent: {}
[244.465787] (-) TimerEvent: {}
[244.585773] (-) TimerEvent: {}
[244.691735] (-) TimerEvent: {}
[244.798830] (-) TimerEvent: {}
[244.903292] (-) TimerEvent: {}
[245.012718] (-) TimerEvent: {}
[245.137760] (-) TimerEvent: {}
[245.246904] (-) TimerEvent: {}
[245.351987] (-) TimerEvent: {}
[245.461718] (-) TimerEvent: {}
[245.575498] (-) TimerEvent: {}
[245.687811] (-) TimerEvent: {}
[245.807896] (-) TimerEvent: {}
[245.935362] (-) TimerEvent: {}
[246.058238] (-) TimerEvent: {}
[246.171531] (-) TimerEvent: {}
[246.284364] (-) TimerEvent: {}
[246.414556] (-) TimerEvent: {}
[246.518821] (-) TimerEvent: {}
[246.635963] (-) TimerEvent: {}
[246.757430] (-) TimerEvent: {}
[246.865191] (-) TimerEvent: {}
[246.969846] (-) TimerEvent: {}
[247.074382] (-) TimerEvent: {}
[247.176495] (-) TimerEvent: {}
[247.247067] (gps_mavros) StdoutLine: {'line': b'[ 61%] \x1b[32m\x1b[1mLinking CXX shared library libgps_mavros__rosidl_typesupport_c.so\x1b[0m\n'}
[247.277005] (-) TimerEvent: {}
[247.381919] (-) TimerEvent: {}
[247.487175] (-) TimerEvent: {}
[247.592584] (-) TimerEvent: {}
[247.700763] (-) TimerEvent: {}
[247.808808] (-) TimerEvent: {}
[247.914159] (-) TimerEvent: {}
[248.032290] (-) TimerEvent: {}
[248.133829] (-) TimerEvent: {}
[248.243981] (-) TimerEvent: {}
[248.349150] (-) TimerEvent: {}
[248.456567] (-) TimerEvent: {}
[248.562709] (-) TimerEvent: {}
[248.666287] (-) TimerEvent: {}
[248.772274] (-) TimerEvent: {}
[248.805563] (gps_mavros) StdoutLine: {'line': b'[ 61%] Built target gps_mavros__rosidl_typesupport_c\n'}
[248.872691] (-) TimerEvent: {}
[248.977229] (-) TimerEvent: {}
[249.091351] (-) TimerEvent: {}
[249.196046] (-) TimerEvent: {}
[249.308219] (-) TimerEvent: {}
[249.410776] (-) TimerEvent: {}
[249.496773] (gps_mavros) StdoutLine: {'line': b'[ 64%] \x1b[34m\x1b[1mGenerating C introspection for ROS interfaces\x1b[0m\n'}
[249.511001] (-) TimerEvent: {}
[249.612397] (-) TimerEvent: {}
[249.719194] (-) TimerEvent: {}
[249.820539] (-) TimerEvent: {}
[249.922114] (-) TimerEvent: {}
[250.035815] (-) TimerEvent: {}
[250.138074] (-) TimerEvent: {}
[250.244757] (-) TimerEvent: {}
[250.356293] (-) TimerEvent: {}
[250.466527] (-) TimerEvent: {}
[250.569563] (-) TimerEvent: {}
[250.672743] (-) TimerEvent: {}
[250.778271] (-) TimerEvent: {}
[250.879394] (-) TimerEvent: {}
[250.980434] (-) TimerEvent: {}
[251.085100] (-) TimerEvent: {}
[251.190875] (-) TimerEvent: {}
[251.300401] (-) TimerEvent: {}
[251.417865] (-) TimerEvent: {}
[251.559785] (-) TimerEvent: {}
[251.680840] (-) TimerEvent: {}
[251.789822] (-) TimerEvent: {}
[251.900033] (-) TimerEvent: {}
[252.004296] (-) TimerEvent: {}
[252.094318] (gps_mavros) StdoutLine: {'line': b'[ 67%] \x1b[32mBuilding C object CMakeFiles/gps_mavros__rosidl_typesupport_introspection_c.dir/rosidl_typesupport_introspection_c/gps_mavros/srv/detail/get_gps_data__type_support.c.o\x1b[0m\n'}
[252.109508] (-) TimerEvent: {}
[252.236563] (-) TimerEvent: {}
[252.339240] (-) TimerEvent: {}
[252.442512] (-) TimerEvent: {}
[252.544611] (-) TimerEvent: {}
[252.651324] (-) TimerEvent: {}
[252.753888] (-) TimerEvent: {}
[252.857417] (-) TimerEvent: {}
[252.967927] (-) TimerEvent: {}
[253.069455] (-) TimerEvent: {}
[253.173118] (-) TimerEvent: {}
[253.275829] (-) TimerEvent: {}
[253.397181] (-) TimerEvent: {}
[253.507199] (-) TimerEvent: {}
[253.616568] (-) TimerEvent: {}
[253.726733] (-) TimerEvent: {}
[253.837305] (-) TimerEvent: {}
[253.956393] (-) TimerEvent: {}
[254.065835] (-) TimerEvent: {}
[254.173033] (-) TimerEvent: {}
[254.283654] (-) TimerEvent: {}
[254.389202] (-) TimerEvent: {}
[254.491080] (-) TimerEvent: {}
[254.594253] (-) TimerEvent: {}
[254.697730] (-) TimerEvent: {}
[254.800860] (-) TimerEvent: {}
[254.907536] (-) TimerEvent: {}
[255.030184] (-) TimerEvent: {}
[255.105940] (gps_mavros) StdoutLine: {'line': b'[ 70%] \x1b[32m\x1b[1mLinking C shared library libgps_mavros__rosidl_typesupport_introspection_c.so\x1b[0m\n'}
[255.143260] (-) TimerEvent: {}
[255.255725] (-) TimerEvent: {}
[255.364726] (-) TimerEvent: {}
[255.474536] (-) TimerEvent: {}
[255.589089] (-) TimerEvent: {}
[255.704619] (-) TimerEvent: {}
[255.809931] (-) TimerEvent: {}
[255.913192] (-) TimerEvent: {}
[256.014474] (-) TimerEvent: {}
[256.117816] (-) TimerEvent: {}
[256.223580] (-) TimerEvent: {}
[256.327621] (-) TimerEvent: {}
[256.436434] (-) TimerEvent: {}
[256.546637] (-) TimerEvent: {}
[256.653758] (-) TimerEvent: {}
[256.757102] (-) TimerEvent: {}
[256.859323] (gps_mavros) StdoutLine: {'line': b'[ 70%] Built target gps_mavros__rosidl_typesupport_introspection_c\n'}
[256.866601] (-) TimerEvent: {}
[256.975951] (-) TimerEvent: {}
[257.079388] (-) TimerEvent: {}
[257.182134] (-) TimerEvent: {}
[257.285938] (-) TimerEvent: {}
[257.388251] (-) TimerEvent: {}
[257.495430] (-) TimerEvent: {}
[257.564744] (gps_mavros) StdoutLine: {'line': b'[ 70%] Built target gps_mavros\n'}
[257.596202] (-) TimerEvent: {}
[257.698458] (-) TimerEvent: {}
[257.804313] (-) TimerEvent: {}
[257.906363] (-) TimerEvent: {}
[258.010586] (-) TimerEvent: {}
[258.113019] (-) TimerEvent: {}
[258.217406] (-) TimerEvent: {}
[258.321252] (-) TimerEvent: {}
[258.427597] (-) TimerEvent: {}
[258.532501] (-) TimerEvent: {}
[258.640146] (-) TimerEvent: {}
[258.733739] (gps_mavros) StdoutLine: {'line': b'[ 74%] \x1b[34m\x1b[1mGenerating Python code for ROS interfaces\x1b[0m\n'}
[258.752703] (-) TimerEvent: {}
[258.867950] (-) TimerEvent: {}
[258.970723] (-) TimerEvent: {}
[259.073281] (-) TimerEvent: {}
[259.176313] (-) TimerEvent: {}
[259.279706] (-) TimerEvent: {}
[259.384238] (-) TimerEvent: {}
[259.492383] (-) TimerEvent: {}
[259.598530] (-) TimerEvent: {}
[259.706866] (-) TimerEvent: {}
[259.816069] (-) TimerEvent: {}
[259.922298] (-) TimerEvent: {}
[260.025530] (-) TimerEvent: {}
[260.134531] (-) TimerEvent: {}
[260.242938] (-) TimerEvent: {}
[260.349926] (-) TimerEvent: {}
[260.452561] (-) TimerEvent: {}
[260.572621] (-) TimerEvent: {}
[260.677617] (-) TimerEvent: {}
[260.782777] (-) TimerEvent: {}
[260.887228] (-) TimerEvent: {}
[260.991214] (-) TimerEvent: {}
[261.096387] (-) TimerEvent: {}
[261.205161] (-) TimerEvent: {}
[261.313305] (-) TimerEvent: {}
[261.444072] (-) TimerEvent: {}
[261.549837] (-) TimerEvent: {}
[261.667252] (-) TimerEvent: {}
[261.779638] (-) TimerEvent: {}
[261.894146] (-) TimerEvent: {}
[262.026273] (-) TimerEvent: {}
[262.069085] (gps_mavros) StdoutLine: {'line': b'[ 74%] Built target gps_mavros__py\n'}
[262.126388] (-) TimerEvent: {}
[262.242155] (-) TimerEvent: {}
[262.344877] (-) TimerEvent: {}
[262.447893] (-) TimerEvent: {}
[262.565672] (-) TimerEvent: {}
[262.672429] (-) TimerEvent: {}
[262.780428] (-) TimerEvent: {}
[262.890825] (-) TimerEvent: {}
[262.996621] (-) TimerEvent: {}
[263.102132] (-) TimerEvent: {}
[263.220426] (-) TimerEvent: {}
[263.326805] (-) TimerEvent: {}
[263.444888] (-) TimerEvent: {}
[263.496585] (gps_mavros) StdoutLine: {'line': b'[ 77%] \x1b[32mBuilding C object CMakeFiles/gps_mavros__rosidl_generator_py.dir/rosidl_generator_py/gps_mavros/srv/_get_gps_data_s.c.o\x1b[0m\n'}
[263.545201] (-) TimerEvent: {}
[263.647635] (-) TimerEvent: {}
[263.753052] (-) TimerEvent: {}
[263.857852] (-) TimerEvent: {}
[263.973156] (-) TimerEvent: {}
[264.076188] (-) TimerEvent: {}
[264.185889] (-) TimerEvent: {}
[264.296196] (-) TimerEvent: {}
[264.405580] (-) TimerEvent: {}
[264.512050] (-) TimerEvent: {}
[264.620267] (-) TimerEvent: {}
[264.733886] (-) TimerEvent: {}
[264.839256] (-) TimerEvent: {}
[264.941811] (-) TimerEvent: {}
[265.046867] (-) TimerEvent: {}
[265.161985] (-) TimerEvent: {}
[265.271620] (-) TimerEvent: {}
[265.374218] (-) TimerEvent: {}
[265.487221] (-) TimerEvent: {}
[265.612490] (-) TimerEvent: {}
[265.715388] (-) TimerEvent: {}
[265.825957] (-) TimerEvent: {}
[265.938027] (-) TimerEvent: {}
[266.042484] (-) TimerEvent: {}
[266.152382] (-) TimerEvent: {}
[266.254872] (-) TimerEvent: {}
[266.360658] (-) TimerEvent: {}
[266.468052] (-) TimerEvent: {}
[266.573153] (-) TimerEvent: {}
[266.677198] (-) TimerEvent: {}
[266.780155] (-) TimerEvent: {}
[266.883129] (-) TimerEvent: {}
[266.994806] (-) TimerEvent: {}
[267.096831] (-) TimerEvent: {}
[267.211757] (-) TimerEvent: {}
[267.323221] (-) TimerEvent: {}
[267.429762] (-) TimerEvent: {}
[267.534311] (-) TimerEvent: {}
[267.662519] (-) TimerEvent: {}
[267.778243] (-) TimerEvent: {}
[267.883769] (-) TimerEvent: {}
[267.992708] (-) TimerEvent: {}
[268.094896] (-) TimerEvent: {}
[268.196631] (-) TimerEvent: {}
[268.298947] (-) TimerEvent: {}
[268.401835] (-) TimerEvent: {}
[268.503035] (-) TimerEvent: {}
[268.558570] (gps_mavros) StdoutLine: {'line': b'[ 80%] \x1b[32m\x1b[1mLinking C shared library rosidl_generator_py/gps_mavros/libgps_mavros__rosidl_generator_py.so\x1b[0m\n'}
[268.604128] (-) TimerEvent: {}
[268.720469] (-) TimerEvent: {}
[268.823439] (-) TimerEvent: {}
[268.929268] (-) TimerEvent: {}
[269.037655] (-) TimerEvent: {}
[269.144893] (-) TimerEvent: {}
[269.246968] (-) TimerEvent: {}
[269.349990] (-) TimerEvent: {}
[269.452649] (-) TimerEvent: {}
[269.554792] (-) TimerEvent: {}
[269.670522] (-) TimerEvent: {}
[269.778636] (-) TimerEvent: {}
[269.892061] (-) TimerEvent: {}
[269.996021] (-) TimerEvent: {}
[270.101025] (-) TimerEvent: {}
[270.206824] (-) TimerEvent: {}
[270.310190] (-) TimerEvent: {}
[270.409796] (gps_mavros) StdoutLine: {'line': b'[ 80%] Built target gps_mavros__rosidl_generator_py\n'}
[270.422784] (-) TimerEvent: {}
[270.525164] (-) TimerEvent: {}
[270.627060] (-) TimerEvent: {}
[270.729887] (-) TimerEvent: {}
[270.841691] (-) TimerEvent: {}
[270.948949] (-) TimerEvent: {}
[271.054966] (-) TimerEvent: {}
[271.161384] (-) TimerEvent: {}
[271.266266] (-) TimerEvent: {}
[271.369329] (-) TimerEvent: {}
[271.473763] (-) TimerEvent: {}
[271.582101] (-) TimerEvent: {}
[271.703479] (-) TimerEvent: {}
[271.823753] (-) TimerEvent: {}
[271.955314] (-) TimerEvent: {}
[272.073080] (-) TimerEvent: {}
[272.184621] (-) TimerEvent: {}
[272.296276] (-) TimerEvent: {}
[272.402049] (-) TimerEvent: {}
[272.411315] (gps_mavros) StdoutLine: {'line': b'[ 83%] \x1b[32mBuilding C object CMakeFiles/gps_mavros__rosidl_typesupport_fastrtps_c__pyext.dir/rosidl_generator_py/gps_mavros/_gps_mavros_s.ep.rosidl_typesupport_fastrtps_c.c.o\x1b[0m\n'}
[272.502532] (-) TimerEvent: {}
[272.614843] (-) TimerEvent: {}
[272.720138] (-) TimerEvent: {}
[272.822757] (-) TimerEvent: {}
[272.926189] (-) TimerEvent: {}
[273.032062] (-) TimerEvent: {}
[273.134383] (-) TimerEvent: {}
[273.238689] (-) TimerEvent: {}
[273.344786] (-) TimerEvent: {}
[273.446472] (-) TimerEvent: {}
[273.552062] (-) TimerEvent: {}
[273.654618] (-) TimerEvent: {}
[273.763904] (-) TimerEvent: {}
[273.867476] (-) TimerEvent: {}
[273.973849] (-) TimerEvent: {}
[274.084288] (-) TimerEvent: {}
[274.189749] (-) TimerEvent: {}
[274.296485] (-) TimerEvent: {}
[274.406100] (-) TimerEvent: {}
[274.522105] (-) TimerEvent: {}
[274.630437] (-) TimerEvent: {}
[274.735834] (-) TimerEvent: {}
[274.840375] (-) TimerEvent: {}
[274.945111] (-) TimerEvent: {}
[275.064261] (-) TimerEvent: {}
[275.174345] (-) TimerEvent: {}
[275.286696] (-) TimerEvent: {}
[275.417217] (-) TimerEvent: {}
[275.551288] (-) TimerEvent: {}
[275.662813] (-) TimerEvent: {}
[275.772512] (-) TimerEvent: {}
[275.882050] (-) TimerEvent: {}
[275.988017] (-) TimerEvent: {}
[276.106295] (-) TimerEvent: {}
[276.224742] (-) TimerEvent: {}
[276.327310] (-) TimerEvent: {}
[276.456526] (-) TimerEvent: {}
[276.559776] (-) TimerEvent: {}
[276.668386] (-) TimerEvent: {}
[276.772523] (-) TimerEvent: {}
[276.877833] (-) TimerEvent: {}
[276.984471] (-) TimerEvent: {}
[277.107495] (-) TimerEvent: {}
[277.238591] (-) TimerEvent: {}
[277.354700] (-) TimerEvent: {}
[277.464586] (-) TimerEvent: {}
[277.584411] (-) TimerEvent: {}
[277.694713] (-) TimerEvent: {}
[277.799229] (-) TimerEvent: {}
[277.905241] (-) TimerEvent: {}
[278.014198] (-) TimerEvent: {}
[278.136434] (-) TimerEvent: {}
[278.239783] (-) TimerEvent: {}
[278.345741] (-) TimerEvent: {}
[278.455082] (-) TimerEvent: {}
[278.560839] (-) TimerEvent: {}
[278.668631] (-) TimerEvent: {}
[278.770798] (-) TimerEvent: {}
[278.876086] (-) TimerEvent: {}
[278.980041] (-) TimerEvent: {}
[279.082633] (-) TimerEvent: {}
[279.186018] (-) TimerEvent: {}
[279.295964] (-) TimerEvent: {}
[279.402692] (-) TimerEvent: {}
[279.504840] (-) TimerEvent: {}
[279.639124] (-) TimerEvent: {}
[279.765735] (-) TimerEvent: {}
[279.872591] (-) TimerEvent: {}
[279.977019] (-) TimerEvent: {}
[280.080740] (-) TimerEvent: {}
[280.183459] (-) TimerEvent: {}
[280.288367] (-) TimerEvent: {}
[280.393615] (-) TimerEvent: {}
[280.411623] (gps_mavros) StdoutLine: {'line': b'[ 87%] \x1b[32m\x1b[1mLinking C shared library rosidl_generator_py/gps_mavros/gps_mavros_s__rosidl_typesupport_fastrtps_c.cpython-310-x86_64-linux-gnu.so\x1b[0m\n'}
[280.493941] (-) TimerEvent: {}
[280.601461] (-) TimerEvent: {}
[280.704680] (-) TimerEvent: {}
[280.813545] (-) TimerEvent: {}
[280.916570] (-) TimerEvent: {}
[281.020315] (-) TimerEvent: {}
[281.146058] (-) TimerEvent: {}
[281.268217] (-) TimerEvent: {}
[281.377675] (-) TimerEvent: {}
[281.488189] (-) TimerEvent: {}
[281.594995] (-) TimerEvent: {}
[281.697826] (-) TimerEvent: {}
[281.812263] (-) TimerEvent: {}
[281.914503] (-) TimerEvent: {}
[282.018762] (-) TimerEvent: {}
[282.124071] (-) TimerEvent: {}
[282.231340] (-) TimerEvent: {}
[282.350178] (-) TimerEvent: {}
[282.468046] (-) TimerEvent: {}
[282.580849] (-) TimerEvent: {}
[282.688269] (-) TimerEvent: {}
[282.792547] (-) TimerEvent: {}
[282.804728] (gps_mavros) StdoutLine: {'line': b'[ 87%] Built target gps_mavros__rosidl_typesupport_fastrtps_c__pyext\n'}
[282.892944] (-) TimerEvent: {}
[282.999784] (-) TimerEvent: {}
[283.105602] (-) TimerEvent: {}
[283.209912] (-) TimerEvent: {}
[283.312571] (-) TimerEvent: {}
[283.420116] (-) TimerEvent: {}
[283.530102] (-) TimerEvent: {}
[283.634783] (-) TimerEvent: {}
[283.741129] (-) TimerEvent: {}
[283.846139] (-) TimerEvent: {}
[283.948162] (-) TimerEvent: {}
[284.057291] (-) TimerEvent: {}
[284.161419] (-) TimerEvent: {}
[284.183982] (gps_mavros) StdoutLine: {'line': b'[ 90%] \x1b[32mBuilding C object CMakeFiles/gps_mavros__rosidl_typesupport_c__pyext.dir/rosidl_generator_py/gps_mavros/_gps_mavros_s.ep.rosidl_typesupport_c.c.o\x1b[0m\n'}
[284.261898] (-) TimerEvent: {}
[284.365197] (-) TimerEvent: {}
[284.468531] (-) TimerEvent: {}
[284.588868] (-) TimerEvent: {}
[284.690657] (-) TimerEvent: {}
[284.793925] (-) TimerEvent: {}
[284.903544] (-) TimerEvent: {}
[285.011753] (-) TimerEvent: {}
[285.117598] (-) TimerEvent: {}
[285.236641] (-) TimerEvent: {}
[285.345699] (-) TimerEvent: {}
[285.452541] (-) TimerEvent: {}
[285.554563] (-) TimerEvent: {}
[285.671615] (-) TimerEvent: {}
[285.781980] (-) TimerEvent: {}
[285.897626] (-) TimerEvent: {}
[286.005163] (-) TimerEvent: {}
[286.114167] (-) TimerEvent: {}
[286.225328] (-) TimerEvent: {}
[286.334174] (-) TimerEvent: {}
[286.449699] (-) TimerEvent: {}
[286.561078] (-) TimerEvent: {}
[286.664475] (-) TimerEvent: {}
[286.768330] (-) TimerEvent: {}
[286.871726] (-) TimerEvent: {}
[286.974810] (-) TimerEvent: {}
[287.078198] (-) TimerEvent: {}
[287.184499] (-) TimerEvent: {}
[287.288969] (-) TimerEvent: {}
[287.402045] (-) TimerEvent: {}
[287.511000] (-) TimerEvent: {}
[287.625526] (-) TimerEvent: {}
[287.728876] (-) TimerEvent: {}
[287.832246] (-) TimerEvent: {}
[287.933401] (-) TimerEvent: {}
[288.045274] (-) TimerEvent: {}
[288.147639] (-) TimerEvent: {}
[288.250212] (-) TimerEvent: {}
[288.353807] (-) TimerEvent: {}
[288.460185] (-) TimerEvent: {}
[288.587222] (-) TimerEvent: {}
[288.693437] (-) TimerEvent: {}
[288.797882] (-) TimerEvent: {}
[288.909348] (-) TimerEvent: {}
[289.039703] (-) TimerEvent: {}
[289.159200] (-) TimerEvent: {}
[289.268901] (-) TimerEvent: {}
[289.370712] (-) TimerEvent: {}
[289.472099] (-) TimerEvent: {}
[289.585665] (-) TimerEvent: {}
[289.690041] (-) TimerEvent: {}
[289.793614] (-) TimerEvent: {}
[289.898688] (-) TimerEvent: {}
[290.003546] (-) TimerEvent: {}
[290.111915] (-) TimerEvent: {}
[290.159983] (gps_mavros) StdoutLine: {'line': b'[ 93%] \x1b[32m\x1b[1mLinking C shared library rosidl_generator_py/gps_mavros/gps_mavros_s__rosidl_typesupport_c.cpython-310-x86_64-linux-gnu.so\x1b[0m\n'}
[290.213251] (-) TimerEvent: {}
[290.337850] (-) TimerEvent: {}
[290.447131] (-) TimerEvent: {}
[290.555483] (-) TimerEvent: {}
[290.662390] (-) TimerEvent: {}
[290.772033] (-) TimerEvent: {}
[290.876547] (-) TimerEvent: {}
[290.980859] (-) TimerEvent: {}
[291.083243] (-) TimerEvent: {}
[291.185593] (-) TimerEvent: {}
[291.289312] (-) TimerEvent: {}
[291.394582] (-) TimerEvent: {}
[291.505451] (-) TimerEvent: {}
[291.610189] (-) TimerEvent: {}
[291.713062] (-) TimerEvent: {}
[291.817819] (-) TimerEvent: {}
[291.923314] (-) TimerEvent: {}
[292.026697] (-) TimerEvent: {}
[292.124075] (gps_mavros) StdoutLine: {'line': b'[ 93%] Built target gps_mavros__rosidl_typesupport_c__pyext\n'}
[292.128896] (-) TimerEvent: {}
[292.232059] (-) TimerEvent: {}
[292.336701] (-) TimerEvent: {}
[292.438898] (-) TimerEvent: {}
[292.552241] (-) TimerEvent: {}
[292.668366] (-) TimerEvent: {}
[292.786164] (-) TimerEvent: {}
[292.896239] (-) TimerEvent: {}
[293.004584] (-) TimerEvent: {}
[293.112772] (-) TimerEvent: {}
[293.232364] (-) TimerEvent: {}
[293.345017] (-) TimerEvent: {}
[293.461719] (-) TimerEvent: {}
[293.570314] (-) TimerEvent: {}
[293.679957] (-) TimerEvent: {}
[293.783285] (-) TimerEvent: {}
[293.868258] (gps_mavros) StdoutLine: {'line': b'[ 96%] \x1b[32mBuilding C object CMakeFiles/gps_mavros__rosidl_typesupport_introspection_c__pyext.dir/rosidl_generator_py/gps_mavros/_gps_mavros_s.ep.rosidl_typesupport_introspection_c.c.o\x1b[0m\n'}
[293.883475] (-) TimerEvent: {}
[294.007298] (-) TimerEvent: {}
[294.118529] (-) TimerEvent: {}
[294.222806] (-) TimerEvent: {}
[294.330154] (-) TimerEvent: {}
[294.447646] (-) TimerEvent: {}
[294.549432] (-) TimerEvent: {}
[294.654854] (-) TimerEvent: {}
[294.760090] (-) TimerEvent: {}
[294.876075] (-) TimerEvent: {}
[294.992699] (-) TimerEvent: {}
[295.098709] (-) TimerEvent: {}
[295.211074] (-) TimerEvent: {}
[295.321984] (-) TimerEvent: {}
[295.436307] (-) TimerEvent: {}
[295.569528] (-) TimerEvent: {}
[295.684897] (-) TimerEvent: {}
[295.809805] (-) TimerEvent: {}
[295.921612] (-) TimerEvent: {}
[296.065927] (-) TimerEvent: {}
[296.197902] (-) TimerEvent: {}
[296.301354] (-) TimerEvent: {}
[296.425797] (-) TimerEvent: {}
[296.545707] (-) TimerEvent: {}
[296.650879] (-) TimerEvent: {}
[296.759731] (-) TimerEvent: {}
[296.864024] (-) TimerEvent: {}
[296.966781] (-) TimerEvent: {}
[297.079836] (-) TimerEvent: {}
[297.195182] (-) TimerEvent: {}
[297.304167] (-) TimerEvent: {}
[297.412868] (-) TimerEvent: {}
[297.517933] (-) TimerEvent: {}
[297.624193] (-) TimerEvent: {}
[297.729753] (-) TimerEvent: {}
[297.844613] (-) TimerEvent: {}
[297.960031] (-) TimerEvent: {}
[298.065931] (-) TimerEvent: {}
[298.170323] (-) TimerEvent: {}
[298.271738] (-) TimerEvent: {}
[298.373164] (-) TimerEvent: {}
[298.476428] (-) TimerEvent: {}
[298.581798] (-) TimerEvent: {}
[298.701625] (-) TimerEvent: {}
[298.812739] (-) TimerEvent: {}
[298.936541] (-) TimerEvent: {}
[299.053135] (-) TimerEvent: {}
[299.175890] (-) TimerEvent: {}
[299.283052] (-) TimerEvent: {}
[299.392071] (-) TimerEvent: {}
[299.493417] (-) TimerEvent: {}
[299.601184] (-) TimerEvent: {}
[299.702563] (-) TimerEvent: {}
[299.804967] (-) TimerEvent: {}
[299.912072] (-) TimerEvent: {}
[300.023045] (-) TimerEvent: {}
[300.125194] (-) TimerEvent: {}
[300.229138] (-) TimerEvent: {}
[300.334257] (-) TimerEvent: {}
[300.440148] (-) TimerEvent: {}
[300.551301] (-) TimerEvent: {}
[300.653920] (-) TimerEvent: {}
[300.766711] (-) TimerEvent: {}
[300.871624] (-) TimerEvent: {}
[300.984032] (-) TimerEvent: {}
[301.101616] (-) TimerEvent: {}
[301.210461] (-) TimerEvent: {}
[301.316962] (-) TimerEvent: {}
[301.424350] (-) TimerEvent: {}
[301.563697] (-) TimerEvent: {}
[301.673386] (-) TimerEvent: {}
[301.746915] (gps_mavros) StdoutLine: {'line': b'[100%] \x1b[32m\x1b[1mLinking C shared library rosidl_generator_py/gps_mavros/gps_mavros_s__rosidl_typesupport_introspection_c.cpython-310-x86_64-linux-gnu.so\x1b[0m\n'}
[301.773643] (-) TimerEvent: {}
[301.880569] (-) TimerEvent: {}
[301.998020] (-) TimerEvent: {}
[302.106504] (-) TimerEvent: {}
[302.212079] (-) TimerEvent: {}
[302.317530] (-) TimerEvent: {}
[302.424085] (-) TimerEvent: {}
[302.535812] (-) TimerEvent: {}
[302.644764] (-) TimerEvent: {}
[302.749277] (-) TimerEvent: {}
[302.852310] (-) TimerEvent: {}
[302.957387] (-) TimerEvent: {}
[303.063591] (-) TimerEvent: {}
[303.187189] (-) TimerEvent: {}
[303.302073] (-) TimerEvent: {}
[303.405831] (-) TimerEvent: {}
[303.515097] (-) TimerEvent: {}
[303.620391] (-) TimerEvent: {}
[303.723307] (-) TimerEvent: {}
[303.825426] (-) TimerEvent: {}
[303.939184] (-) TimerEvent: {}
[304.046181] (-) TimerEvent: {}
[304.152191] (-) TimerEvent: {}
[304.202347] (gps_mavros) StdoutLine: {'line': b'[100%] Built target gps_mavros__rosidl_typesupport_introspection_c__pyext\n'}
[304.251984] (-) TimerEvent: {}
[304.356681] (-) TimerEvent: {}
[304.458388] (-) TimerEvent: {}
[304.588795] (-) TimerEvent: {}
[304.703676] (-) TimerEvent: {}
[304.810761] (-) TimerEvent: {}
[304.925954] (-) TimerEvent: {}
[305.038782] (-) TimerEvent: {}
[305.152731] (-) TimerEvent: {}
[305.278554] (-) TimerEvent: {}
[305.395348] (-) TimerEvent: {}
[305.519355] (-) TimerEvent: {}
[305.637007] (-) TimerEvent: {}
[305.755824] (-) TimerEvent: {}
[305.894393] (-) TimerEvent: {}
[306.001834] (-) TimerEvent: {}
[306.117310] (-) TimerEvent: {}
[306.239019] (-) TimerEvent: {}
[306.357091] (-) TimerEvent: {}
[306.468031] (-) TimerEvent: {}
[306.579003] (-) TimerEvent: {}
[306.686552] (-) TimerEvent: {}
[306.810579] (-) TimerEvent: {}
[306.919559] (-) TimerEvent: {}
[307.030371] (-) TimerEvent: {}
[307.144163] (-) TimerEvent: {}
[307.260230] (-) TimerEvent: {}
[307.377084] (-) TimerEvent: {}
[307.490436] (-) TimerEvent: {}
[307.596515] (-) TimerEvent: {}
[307.699004] (-) TimerEvent: {}
[307.814860] (-) TimerEvent: {}
[307.923079] (-) TimerEvent: {}
[308.024765] (gps_mavros) CommandEnded: {'returncode': 0}
[308.045801] (-) TimerEvent: {}
[308.155444] (-) TimerEvent: {}
[308.262764] (-) TimerEvent: {}
[308.372279] (-) TimerEvent: {}
[308.478457] (-) TimerEvent: {}
[308.513762] (gps_mavros) JobProgress: {'identifier': 'gps_mavros', 'progress': 'install'}
[308.580523] (-) TimerEvent: {}
[308.652337] (gps_mavros) Command: {'cmd': ['/usr/bin/cmake', '--install', '/ODLC_Machine_Inferencing_System_2025-2026/ros2_workspace/build/gps_mavros'], 'cwd': '/ODLC_Machine_Inferencing_System_2025-2026/ros2_workspace/build/gps_mavros', 'env': OrderedDict([('PYTHON_BASIC_REPL', '1'), ('HOSTNAME', 'docker-desktop'), ('GIT_ASKPASS', '/vscode/vscode-server/bin/linux-x64/03c265b1adee71ac88f833e065f7bb956b60550a/extensions/git/dist/askpass.sh'), ('SHLVL', '2'), ('LD_LIBRARY_PATH', '/opt/ros/humble/opt/rviz_ogre_vendor/lib:/opt/ros/humble/lib/x86_64-linux-gnu:/opt/ros/humble/lib'), ('BROWSER', '/vscode/vscode-server/bin/linux-x64/03c265b1adee71ac88f833e065f7bb956b60550a/bin/helpers/browser.sh'), ('HOME', '/home/ubuntu'), ('OLDPWD', '/ODLC_Machine_Inferencing_System_2025-2026/ros2_workspace/source'), ('TERM_PROGRAM_VERSION', '1.105.0'), ('VSCODE_IPC_HOOK_CLI', '/tmp/vscode-ipc-45d6664b-9d05-4b08-bcfb-6f21bd310d14.sock'), ('ROS_PYTHON_VERSION', '3'), ('VSCODE_GIT_ASKPASS_MAIN', '/vscode/vscode-server/bin/linux-x64/03c265b1adee71ac88f833e065f7bb956b60550a/extensions/git/dist/askpass-main.js'), ('VSCODE_GIT_ASKPASS_NODE', '/vscode/vscode-server/bin/linux-x64/03c265b1adee71ac88f833e065f7bb956b60550a/node'), ('PYDEVD_DISABLE_FILE_VALIDATION', '1'), ('BUNDLED_DEBUGPY_PATH', '/home/ubuntu/.vscode-server/extensions/ms-python.debugpy-2025.14.0-linux-x64/bundled/libs/debugpy'), ('VSCODE_PYTHON_AUTOACTIVATE_GUARD', '1'), ('COLORTERM', 'truecolor'), ('REMOTE_CONTAINERS', 'true'), ('WAYLAND_DISPLAY', 'vscode-wayland-7867dc08-88f4-4bd5-8596-ea9712f5a7a1.sock'), ('ROS_DISTRO', 'humble'), ('REMOTE_CONTAINERS_IPC', '/tmp/vscode-remote-containers-ipc-d5105989-edb8-4c74-b48b-69aa229c9a3c.sock'), ('_', '/usr/bin/colcon'), ('ROS_VERSION', '2'), ('TERM', 'xterm-256color'), ('ROS_LOCALHOST_ONLY', '0'), ('PATH', '/vscode/vscode-server/bin/linux-x64/c306e94f98122556ca081f527b466015e1bc37b0/bin/remote-cli:/home/ubuntu/.local/bin:/opt/ros/humble/bin:/usr/local/sbin:/usr/local/bin:/usr/sbin:/usr/bin:/sbin:/bin:/home/ubuntu/ardu_ws/Micro-XRCE-DDS-Gen/scripts:/home/ubuntu/.vscode-server/data/User/globalStorage/github.copilot-chat/debugCommand:/home/ubuntu/ardu_ws/Micro-XRCE-DDS-Gen/scripts:/home/ubuntu/ardu_ws/src/ardupilot/Tools/autotest'), ('XDG_RUNTIME_DIR', '/tmp/user/1000'), ('REMOTE_CONTAINERS_SOCKETS', '["/home/ubuntu/.gnupg/S.gpg-agent"]'), ('DISPLAY', 'host.docker.internal:0.0'), ('VSCODE_DEBUGPY_ADAPTER_ENDPOINTS', '/home/ubuntu/.vscode-server/extensions/ms-python.debugpy-2025.14.0-linux-x64/.noConfigDebugAdapterEndpoints/endpoint-c94bd0c74effbbe6.txt'), ('LANG', 'C.UTF-8'), ('PYTHONSTARTUP', '/home/ubuntu/.vscode-server/data/User/workspaceStorage/1d87b516b83a512fdf37d51607465b70/ms-python.python/pythonrc.py'), ('LS_COLORS', 'rs=0:di=01;34:ln=01;36:mh=00:pi=40;33:so=01;35:do=01;35:bd=40;33;01:cd=40;33;01:or=40;31;01:mi=00:su=37;41:sg=30;43:ca=30;41:tw=30;42:ow=34;42:st=37;44:ex=01;32:*.tar=01;31:*.tgz=01;31:*.arc=01;31:*.arj=01;31:*.taz=01;31:*.lha=01;31:*.lz4=01;31:*.lzh=01;31:*.lzma=01;31:*.tlz=01;31:*.txz=01;31:*.tzo=01;31:*.t7z=01;31:*.zip=01;31:*.z=01;31:*.dz=01;31:*.gz=01;31:*.lrz=01;31:*.lz=01;31:*.lzo=01;31:*.xz=01;31:*.zst=01;31:*.tzst=01;31:*.bz2=01;31:*.bz=01;31:*.tbz=01;31:*.tbz2=01;31:*.tz=01;31:*.deb=01;31:*.rpm=01;31:*.jar=01;31:*.war=01;31:*.ear=01;31:*.sar=01;31:*.rar=01;31:*.alz=01;31:*.ace=01;31:*.zoo=01;31:*.cpio=01;31:*.7z=01;31:*.rz=01;31:*.cab=01;31:*.wim=01;31:*.swm=01;31:*.dwm=01;31:*.esd=01;31:*.jpg=01;35:*.jpeg=01;35:*.mjpg=01;35:*.mjpeg=01;35:*.gif=01;35:*.bmp=01;35:*.pbm=01;35:*.pgm=01;35:*.ppm=01;35:*.tga=01;35:*.xbm=01;35:*.xpm=01;35:*.tif=01;35:*.tiff=01;35:*.png=01;35:*.svg=01;35:*.svgz=01;35:*.mng=01;35:*.pcx=01;35:*.mov=01;35:*.mpg=01;35:*.mpeg=01;35:*.m2v=01;35:*.mkv=01;35:*.webm=01;35:*.webp=01;35:*.ogm=01;35:*.mp4=01;35:*.m4v=01;35:*.mp4v=01;35:*.vob=01;35:*.qt=01;35:*.nuv=01;35:*.wmv=01;35:*.asf=01;35:*.rm=01;35:*.rmvb=01;35:*.flc=01;35:*.avi=01;35:*.fli=01;35:*.flv=01;35:*.gl=01;35:*.dl=01;35:*.xcf=01;35:*.xwd=01;35:*.yuv=01;35:*.cgm=01;35:*.emf=01;35:*.ogv=01;35:*.ogx=01;35:*.aac=00;36:*.au=00;36:*.flac=00;36:*.m4a=00;36:*.mid=00;36:*.midi=00;36:*.mka=00;36:*.mp3=00;36:*.mpc=00;36:*.ogg=00;36:*.ra=00;36:*.wav=00;36:*.oga=00;36:*.opus=00;36:*.spx=00;36:*.xspf=00;36:'), ('VSCODE_GIT_IPC_HANDLE', '/tmp/user/1000/vscode-git-58379d938b.sock'), ('TERM_PROGRAM', 'vscode'), ('AMENT_PREFIX_PATH', '/opt/ros/humble'), ('SHELL', '/bin/bash'), ('GZ_VERSION', 'harmonic'), ('VSCODE_GIT_ASKPASS_EXTRA_ARGS', ''), ('PWD', '/ODLC_Machine_Inferencing_System_2025-2026/ros2_workspace/build/gps_mavros'), ('LC_ALL', 'C.UTF-8'), ('PYTHONPATH', '/opt/ros/humble/lib/python3.10/site-packages:/opt/ros/humble/local/lib/python3.10/dist-packages'), ('COLCON', '1'), ('CMAKE_PREFIX_PATH', '/opt/ros/humble')]), 'shell': False}
[308.687384] (-) TimerEvent: {}
[308.774030] (gps_mavros) StdoutLine: {'line': b'-- Install configuration: ""\n'}
[308.796393] (-) TimerEvent: {}
[308.902755] (-) TimerEvent: {}
[309.006449] (-) TimerEvent: {}
[309.116069] (-) TimerEvent: {}
[309.228893] (-) TimerEvent: {}
[309.341866] (-) TimerEvent: {}
[309.450068] (-) TimerEvent: {}
[309.481433] (gps_mavros) StdoutLine: {'line': b'-- Installing: /ODLC_Machine_Inferencing_System_2025-2026/ros2_workspace/install/gps_mavros/share/ament_index/resource_index/rosidl_interfaces/gps_mavros\n'}
[309.553375] (-) TimerEvent: {}
[309.656369] (-) TimerEvent: {}
[309.767725] (-) TimerEvent: {}
[309.873839] (-) TimerEvent: {}
[309.985324] (-) TimerEvent: {}
[310.092239] (-) TimerEvent: {}
[310.204441] (-) TimerEvent: {}
[310.312058] (-) TimerEvent: {}
[310.413927] (-) TimerEvent: {}
[310.517306] (-) TimerEvent: {}
[310.633108] (-) TimerEvent: {}
[310.741164] (-) TimerEvent: {}
[310.854101] (-) TimerEvent: {}
[310.968275] (-) TimerEvent: {}
[311.076265] (-) TimerEvent: {}
[311.188967] (-) TimerEvent: {}
[311.215720] (gps_mavros) StdoutLine: {'line': b'-- Installing: /ODLC_Machine_Inferencing_System_2025-2026/ros2_workspace/install/gps_mavros/include/gps_mavros/gps_mavros\n'}
[311.289168] (-) TimerEvent: {}
[311.394252] (-) TimerEvent: {}
[311.523920] (-) TimerEvent: {}
[311.627677] (-) TimerEvent: {}
[311.731379] (-) TimerEvent: {}
[311.759260] (gps_mavros) StdoutLine: {'line': b'-- Installing: /ODLC_Machine_Inferencing_System_2025-2026/ros2_workspace/install/gps_mavros/include/gps_mavros/gps_mavros/msg\n'}
[311.836106] (-) TimerEvent: {}
[311.939248] (-) TimerEvent: {}
[312.055976] (-) TimerEvent: {}
[312.172911] (-) TimerEvent: {}
[312.276236] (-) TimerEvent: {}
[312.384935] (-) TimerEvent: {}
[312.496893] (-) TimerEvent: {}
[312.601217] (gps_mavros) StdoutLine: {'line': b'-- Installing: /ODLC_Machine_Inferencing_System_2025-2026/ros2_workspace/install/gps_mavros/include/gps_mavros/gps_mavros/msg/rosidl_generator_c__visibility_control.h\n'}
[312.645742] (-) TimerEvent: {}
[312.752685] (-) TimerEvent: {}
[312.876726] (-) TimerEvent: {}
[312.996884] (-) TimerEvent: {}
[313.102299] (-) TimerEvent: {}
[313.209571] (-) TimerEvent: {}
[313.319725] (-) TimerEvent: {}
[313.433802] (-) TimerEvent: {}
[313.546191] (-) TimerEvent: {}
[313.664563] (-) TimerEvent: {}
[313.772637] (-) TimerEvent: {}
[313.876424] (-) TimerEvent: {}
[313.981082] (-) TimerEvent: {}
[314.089319] (-) TimerEvent: {}
[314.198936] (-) TimerEvent: {}
[314.310977] (-) TimerEvent: {}
[314.417561] (-) TimerEvent: {}
[314.478426] (gps_mavros) StdoutLine: {'line': b'-- Installing: /ODLC_Machine_Inferencing_System_2025-2026/ros2_workspace/install/gps_mavros/include/gps_mavros/gps_mavros/srv\n'}
[314.518243] (-) TimerEvent: {}
[314.628186] (-) TimerEvent: {}
[314.732151] (-) TimerEvent: {}
[314.839397] (-) TimerEvent: {}
[314.946381] (-) TimerEvent: {}
[314.986926] (gps_mavros) StdoutLine: {'line': b'-- Installing: /ODLC_Machine_Inferencing_System_2025-2026/ros2_workspace/install/gps_mavros/include/gps_mavros/gps_mavros/srv/detail\n'}
[315.046858] (-) TimerEvent: {}
[315.167400] (-) TimerEvent: {}
[315.340293] (-) TimerEvent: {}
[315.465997] (-) TimerEvent: {}
[315.568583] (-) TimerEvent: {}
[315.670844] (-) TimerEvent: {}
[315.774592] (-) TimerEvent: {}
[315.878406] (-) TimerEvent: {}
[315.983779] (-) TimerEvent: {}
[316.085803] (-) TimerEvent: {}
[316.204498] (-) TimerEvent: {}
[316.311031] (-) TimerEvent: {}
[316.427233] (-) TimerEvent: {}
[316.457824] (gps_mavros) StdoutLine: {'line': b'-- Installing: /ODLC_Machine_Inferencing_System_2025-2026/ros2_workspace/install/gps_mavros/include/gps_mavros/gps_mavros/srv/detail/get_gps_data__functions.c\n'}
[316.527789] (-) TimerEvent: {}
[316.634614] (-) TimerEvent: {}
[316.736992] (-) TimerEvent: {}
[316.841002] (-) TimerEvent: {}
[316.942620] (-) TimerEvent: {}
[317.044437] (-) TimerEvent: {}
[317.147781] (-) TimerEvent: {}
[317.255011] (-) TimerEvent: {}
[317.359394] (-) TimerEvent: {}
[317.463168] (-) TimerEvent: {}
[317.572414] (-) TimerEvent: {}
[317.676652] (-) TimerEvent: {}
[317.785297] (-) TimerEvent: {}
[317.897502] (-) TimerEvent: {}
[317.929713] (gps_mavros) StdoutLine: {'line': b'-- Installing: /ODLC_Machine_Inferencing_System_2025-2026/ros2_workspace/install/gps_mavros/include/gps_mavros/gps_mavros/srv/detail/get_gps_data__functions.h\n'}
[317.997963] (-) TimerEvent: {}
[318.107315] (-) TimerEvent: {}
[318.211267] (-) TimerEvent: {}
[318.313556] (-) TimerEvent: {}
[318.417897] (-) TimerEvent: {}
[318.521333] (-) TimerEvent: {}
[318.646225] (-) TimerEvent: {}
[318.750485] (-) TimerEvent: {}
[318.854706] (-) TimerEvent: {}
[318.969717] (-) TimerEvent: {}
[319.079600] (-) TimerEvent: {}
[319.184962] (-) TimerEvent: {}
[319.299970] (-) TimerEvent: {}
[319.402338] (-) TimerEvent: {}
[319.506095] (-) TimerEvent: {}
[319.529368] (gps_mavros) StdoutLine: {'line': b'-- Installing: /ODLC_Machine_Inferencing_System_2025-2026/ros2_workspace/install/gps_mavros/include/gps_mavros/gps_mavros/srv/detail/get_gps_data__struct.h\n'}
[319.608628] (-) TimerEvent: {}
[319.710177] (-) TimerEvent: {}
[319.813144] (-) TimerEvent: {}
[319.916468] (-) TimerEvent: {}
[320.018439] (-) TimerEvent: {}
[320.125754] (-) TimerEvent: {}
[320.231488] (-) TimerEvent: {}
[320.339658] (-) TimerEvent: {}
[320.450120] (-) TimerEvent: {}
[320.558360] (-) TimerEvent: {}
[320.662177] (-) TimerEvent: {}
[320.765766] (-) TimerEvent: {}
[320.870771] (-) TimerEvent: {}
[320.952732] (gps_mavros) StdoutLine: {'line': b'-- Installing: /ODLC_Machine_Inferencing_System_2025-2026/ros2_workspace/install/gps_mavros/include/gps_mavros/gps_mavros/srv/detail/get_gps_data__type_support.h\n'}
[320.989115] (-) TimerEvent: {}
[321.096442] (-) TimerEvent: {}
[321.213060] (-) TimerEvent: {}
[321.317648] (-) TimerEvent: {}
[321.419149] (-) TimerEvent: {}
[321.524051] (-) TimerEvent: {}
[321.632396] (-) TimerEvent: {}
[321.735684] (-) TimerEvent: {}
[321.843563] (-) TimerEvent: {}
[321.947343] (-) TimerEvent: {}
[322.064551] (-) TimerEvent: {}
[322.167288] (-) TimerEvent: {}
[322.268774] (-) TimerEvent: {}
[322.370633] (-) TimerEvent: {}
[322.473590] (-) TimerEvent: {}
[322.578544] (gps_mavros) StdoutLine: {'line': b'-- Installing: /ODLC_Machine_Inferencing_System_2025-2026/ros2_workspace/install/gps_mavros/include/gps_mavros/gps_mavros/srv/get_gps_data.h\n'}
[322.584868] (-) TimerEvent: {}
[322.695044] (-) TimerEvent: {}
[322.804044] (-) TimerEvent: {}
[322.915046] (-) TimerEvent: {}
[323.018496] (-) TimerEvent: {}
[323.140418] (-) TimerEvent: {}
[323.245268] (-) TimerEvent: {}
[323.387464] (-) TimerEvent: {}
[323.498095] (-) TimerEvent: {}
[323.615962] (-) TimerEvent: {}
[323.724545] (-) TimerEvent: {}
[323.832262] (-) TimerEvent: {}
[323.938273] (-) TimerEvent: {}
[324.048664] (-) TimerEvent: {}
[324.168341] (-) TimerEvent: {}
[324.272558] (-) TimerEvent: {}
[324.388068] (-) TimerEvent: {}
[324.490446] (-) TimerEvent: {}
[324.505088] (gps_mavros) StdoutLine: {'line': b'-- Installing: /ODLC_Machine_Inferencing_System_2025-2026/ros2_workspace/install/gps_mavros/share/gps_mavros/environment/library_path.sh\n'}
[324.597489] (-) TimerEvent: {}
[324.703953] (-) TimerEvent: {}
[324.809289] (-) TimerEvent: {}
[324.917185] (-) TimerEvent: {}
[325.028706] (-) TimerEvent: {}
[325.136048] (-) TimerEvent: {}
[325.271491] (-) TimerEvent: {}
[325.392906] (-) TimerEvent: {}
[325.502020] (-) TimerEvent: {}
[325.622452] (-) TimerEvent: {}
[325.733227] (-) TimerEvent: {}
[325.863998] (-) TimerEvent: {}
[325.930516] (gps_mavros) StdoutLine: {'line': b'-- Installing: /ODLC_Machine_Inferencing_System_2025-2026/ros2_workspace/install/gps_mavros/share/gps_mavros/environment/library_path.dsv\n'}
[325.966738] (-) TimerEvent: {}
[326.076366] (-) TimerEvent: {}
[326.181464] (-) TimerEvent: {}
[326.284276] (-) TimerEvent: {}
[326.391235] (-) TimerEvent: {}
[326.494985] (-) TimerEvent: {}
[326.611289] (-) TimerEvent: {}
[326.718809] (-) TimerEvent: {}
[326.820368] (-) TimerEvent: {}
[326.923830] (-) TimerEvent: {}
[326.983659] (gps_mavros) StdoutLine: {'line': b'-- Installing: /ODLC_Machine_Inferencing_System_2025-2026/ros2_workspace/install/gps_mavros/lib/libgps_mavros__rosidl_generator_c.so\n'}
[327.024314] (-) TimerEvent: {}
[327.127979] (-) TimerEvent: {}
[327.232138] (-) TimerEvent: {}
[327.334250] (-) TimerEvent: {}
[327.442416] (-) TimerEvent: {}
[327.556616] (-) TimerEvent: {}
[327.663968] (-) TimerEvent: {}
[327.768627] (-) TimerEvent: {}
[327.870834] (-) TimerEvent: {}
[327.975669] (-) TimerEvent: {}
[328.088140] (-) TimerEvent: {}
[328.173696] (gps_mavros) StdoutLine: {'line': b'-- Set runtime path of "/ODLC_Machine_Inferencing_System_2025-2026/ros2_workspace/install/gps_mavros/lib/libgps_mavros__rosidl_generator_c.so" to ""\n'}
[328.204126] (-) TimerEvent: {}
[328.321773] (-) TimerEvent: {}
[328.426130] (-) TimerEvent: {}
[328.434250] (gps_mavros) StdoutLine: {'line': b'-- Up-to-date: /ODLC_Machine_Inferencing_System_2025-2026/ros2_workspace/install/gps_mavros/include/gps_mavros/gps_mavros\n'}
[328.527140] (-) TimerEvent: {}
[328.639670] (-) TimerEvent: {}
[328.742288] (-) TimerEvent: {}
[328.847225] (-) TimerEvent: {}
[328.962248] (-) TimerEvent: {}
[329.065832] (gps_mavros) StdoutLine: {'line': b'-- Up-to-date: /ODLC_Machine_Inferencing_System_2025-2026/ros2_workspace/install/gps_mavros/include/gps_mavros/gps_mavros/msg\n'}
[329.069545] (-) TimerEvent: {}
[329.170806] (-) TimerEvent: {}
[329.272944] (-) TimerEvent: {}
[329.383591] (-) TimerEvent: {}
[329.491551] (-) TimerEvent: {}
[329.513203] (gps_mavros) StdoutLine: {'line': b'-- Installing: /ODLC_Machine_Inferencing_System_2025-2026/ros2_workspace/install/gps_mavros/include/gps_mavros/gps_mavros/msg/rosidl_typesupport_fastrtps_c__visibility_control.h\n'}
[329.591709] (-) TimerEvent: {}
[329.696164] (-) TimerEvent: {}
[329.798144] (-) TimerEvent: {}
[329.903554] (-) TimerEvent: {}
[330.005914] (-) TimerEvent: {}
[330.107980] (-) TimerEvent: {}
[330.213313] (-) TimerEvent: {}
[330.316707] (-) TimerEvent: {}
[330.420678] (-) TimerEvent: {}
[330.533760] (-) TimerEvent: {}
[330.589298] (gps_mavros) StdoutLine: {'line': b'-- Up-to-date: /ODLC_Machine_Inferencing_System_2025-2026/ros2_workspace/install/gps_mavros/include/gps_mavros/gps_mavros/srv\n'}
[330.634024] (-) TimerEvent: {}
[330.738372] (-) TimerEvent: {}
[330.859940] (-) TimerEvent: {}
[330.988818] (-) TimerEvent: {}
[331.105080] (-) TimerEvent: {}
[331.214000] (-) TimerEvent: {}
[331.317529] (-) TimerEvent: {}
[331.431654] (-) TimerEvent: {}
[331.499968] (gps_mavros) StdoutLine: {'line': b'-- Up-to-date: /ODLC_Machine_Inferencing_System_2025-2026/ros2_workspace/install/gps_mavros/include/gps_mavros/gps_mavros/srv/detail\n'}
[331.531957] (-) TimerEvent: {}
[331.640196] (-) TimerEvent: {}
[331.744673] (-) TimerEvent: {}
[331.851364] (-) TimerEvent: {}
[331.954611] (-) TimerEvent: {}
[332.058037] (-) TimerEvent: {}
[332.161018] (-) TimerEvent: {}
[332.178499] (gps_mavros) StdoutLine: {'line': b'-- Installing: /ODLC_Machine_Inferencing_System_2025-2026/ros2_workspace/install/gps_mavros/include/gps_mavros/gps_mavros/srv/detail/get_gps_data__rosidl_typesupport_fastrtps_c.h\n'}
[332.261222] (-) TimerEvent: {}
[332.368889] (-) TimerEvent: {}
[332.474249] (-) TimerEvent: {}
[332.582713] (-) TimerEvent: {}
[332.685885] (-) TimerEvent: {}
[332.789596] (-) TimerEvent: {}
[332.893637] (-) TimerEvent: {}
[332.999577] (-) TimerEvent: {}
[333.106667] (-) TimerEvent: {}
[333.209065] (-) TimerEvent: {}
[333.315303] (-) TimerEvent: {}
[333.424579] (-) TimerEvent: {}
[333.533210] (-) TimerEvent: {}
[333.637300] (-) TimerEvent: {}
[333.750327] (-) TimerEvent: {}
[333.861234] (-) TimerEvent: {}
[333.978190] (-) TimerEvent: {}
[334.041992] (gps_mavros) StdoutLine: {'line': b'-- Installing: /ODLC_Machine_Inferencing_System_2025-2026/ros2_workspace/install/gps_mavros/lib/libgps_mavros__rosidl_typesupport_fastrtps_c.so\n'}
[334.078563] (-) TimerEvent: {}
[334.183373] (-) TimerEvent: {}
[334.290693] (-) TimerEvent: {}
[334.420463] (-) TimerEvent: {}
[334.540234] (-) TimerEvent: {}
[334.649685] (-) TimerEvent: {}
[334.757662] (-) TimerEvent: {}
[334.894061] (-) TimerEvent: {}
[335.014044] (-) TimerEvent: {}
[335.128985] (-) TimerEvent: {}
[335.243437] (-) TimerEvent: {}
[335.351626] (-) TimerEvent: {}
[335.480621] (-) TimerEvent: {}
[335.594465] (-) TimerEvent: {}
[335.701959] (-) TimerEvent: {}
[335.816304] (-) TimerEvent: {}
[335.929072] (-) TimerEvent: {}
[336.045564] (-) TimerEvent: {}
[336.167054] (-) TimerEvent: {}
[336.274317] (-) TimerEvent: {}
[336.391702] (-) TimerEvent: {}
[336.494646] (-) TimerEvent: {}
[336.608007] (-) TimerEvent: {}
[336.719642] (-) TimerEvent: {}
[336.828443] (-) TimerEvent: {}
[336.940304] (-) TimerEvent: {}
[337.043064] (-) TimerEvent: {}
[337.135752] (gps_mavros) StdoutLine: {'line': b'-- Set runtime path of "/ODLC_Machine_Inferencing_System_2025-2026/ros2_workspace/install/gps_mavros/lib/libgps_mavros__rosidl_typesupport_fastrtps_c.so" to ""\n'}
[337.153849] (-) TimerEvent: {}
[337.258101] (-) TimerEvent: {}
[337.346344] (gps_mavros) StdoutLine: {'line': b'-- Up-to-date: /ODLC_Machine_Inferencing_System_2025-2026/ros2_workspace/install/gps_mavros/include/gps_mavros/gps_mavros\n'}
[337.358267] (-) TimerEvent: {}
[337.460781] (-) TimerEvent: {}
[337.563210] (-) TimerEvent: {}
[337.669158] (-) TimerEvent: {}
[337.707601] (gps_mavros) StdoutLine: {'line': b'-- Up-to-date: /ODLC_Machine_Inferencing_System_2025-2026/ros2_workspace/install/gps_mavros/include/gps_mavros/gps_mavros/msg\n'}
[337.769462] (-) TimerEvent: {}
[337.871526] (-) TimerEvent: {}
[337.977001] (-) TimerEvent: {}
[338.081296] (-) TimerEvent: {}
[338.179280] (gps_mavros) StdoutLine: {'line': b'-- Installing: /ODLC_Machine_Inferencing_System_2025-2026/ros2_workspace/install/gps_mavros/include/gps_mavros/gps_mavros/msg/rosidl_typesupport_introspection_c__visibility_control.h\n'}
[338.192346] (-) TimerEvent: {}
[338.295285] (-) TimerEvent: {}
[338.404998] (-) TimerEvent: {}
[338.517097] (-) TimerEvent: {}
[338.628218] (-) TimerEvent: {}
[338.741809] (-) TimerEvent: {}
[338.851349] (-) TimerEvent: {}
[338.967328] (-) TimerEvent: {}
[339.071998] (-) TimerEvent: {}
[339.181993] (-) TimerEvent: {}
[339.297452] (-) TimerEvent: {}
[339.412398] (-) TimerEvent: {}
[339.519796] (-) TimerEvent: {}
[339.625104] (-) TimerEvent: {}
[339.728589] (-) TimerEvent: {}
[339.830455] (-) TimerEvent: {}
[339.941967] (-) TimerEvent: {}
[339.960441] (gps_mavros) StdoutLine: {'line': b'-- Up-to-date: /ODLC_Machine_Inferencing_System_2025-2026/ros2_workspace/install/gps_mavros/include/gps_mavros/gps_mavros/srv\n'}
[340.046466] (-) TimerEvent: {}
[340.157034] (-) TimerEvent: {}
[340.268250] (-) TimerEvent: {}
[340.371900] (-) TimerEvent: {}
[340.474004] (-) TimerEvent: {}
[340.521909] (gps_mavros) StdoutLine: {'line': b'-- Up-to-date: /ODLC_Machine_Inferencing_System_2025-2026/ros2_workspace/install/gps_mavros/include/gps_mavros/gps_mavros/srv/detail\n'}
[340.578887] (-) TimerEvent: {}
[340.681610] (-) TimerEvent: {}
[340.785478] (-) TimerEvent: {}
[340.898164] (-) TimerEvent: {}
[341.012422] (-) TimerEvent: {}
[341.120297] (-) TimerEvent: {}
[341.213776] (gps_mavros) StdoutLine: {'line': b'-- Installing: /ODLC_Machine_Inferencing_System_2025-2026/ros2_workspace/install/gps_mavros/include/gps_mavros/gps_mavros/srv/detail/get_gps_data__rosidl_typesupport_introspection_c.h\n'}
[341.220669] (-) TimerEvent: {}
[341.326344] (-) TimerEvent: {}
[341.441734] (-) TimerEvent: {}
[341.552249] (-) TimerEvent: {}
[341.655997] (-) TimerEvent: {}
[341.764147] (-) TimerEvent: {}
[341.876981] (-) TimerEvent: {}
[341.985004] (-) TimerEvent: {}
[342.089852] (-) TimerEvent: {}
[342.191889] (-) TimerEvent: {}
[342.293379] (-) TimerEvent: {}
[342.397063] (-) TimerEvent: {}
[342.501960] (-) TimerEvent: {}
[342.612468] (-) TimerEvent: {}
[342.728059] (-) TimerEvent: {}
[342.836018] (-) TimerEvent: {}
[342.942159] (-) TimerEvent: {}
[343.054955] (-) TimerEvent: {}
[343.157541] (-) TimerEvent: {}
[343.284232] (-) TimerEvent: {}
[343.299760] (gps_mavros) StdoutLine: {'line': b'-- Installing: /ODLC_Machine_Inferencing_System_2025-2026/ros2_workspace/install/gps_mavros/include/gps_mavros/gps_mavros/srv/detail/get_gps_data__type_support.c\n'}
[343.386517] (-) TimerEvent: {}
[343.494354] (-) TimerEvent: {}
[343.600844] (-) TimerEvent: {}
[343.709891] (-) TimerEvent: {}
[343.812558] (-) TimerEvent: {}
[343.914798] (-) TimerEvent: {}
[344.022201] (-) TimerEvent: {}
[344.143100] (-) TimerEvent: {}
[344.260839] (-) TimerEvent: {}
[344.365465] (-) TimerEvent: {}
[344.468048] (-) TimerEvent: {}
[344.577731] (-) TimerEvent: {}
[344.684621] (-) TimerEvent: {}
[344.790638] (-) TimerEvent: {}
[344.894143] (-) TimerEvent: {}
[345.003706] (-) TimerEvent: {}
[345.109204] (-) TimerEvent: {}
[345.223694] (-) TimerEvent: {}
[345.329301] (-) TimerEvent: {}
[345.401427] (gps_mavros) StdoutLine: {'line': b'-- Installing: /ODLC_Machine_Inferencing_System_2025-2026/ros2_workspace/install/gps_mavros/lib/libgps_mavros__rosidl_typesupport_introspection_c.so\n'}
[345.439608] (-) TimerEvent: {}
[345.540966] (-) TimerEvent: {}
[345.648134] (-) TimerEvent: {}
[345.764256] (-) TimerEvent: {}
[345.893694] (-) TimerEvent: {}
[346.003888] (-) TimerEvent: {}
[346.116083] (-) TimerEvent: {}
[346.224537] (-) TimerEvent: {}
[346.331476] (-) TimerEvent: {}
[346.452095] (-) TimerEvent: {}
[346.560060] (-) TimerEvent: {}
[346.664252] (-) TimerEvent: {}
[346.785063] (-) TimerEvent: {}
[346.911564] (-) TimerEvent: {}
[347.017215] (-) TimerEvent: {}
[347.124121] (-) TimerEvent: {}
[347.231554] (-) TimerEvent: {}
[347.334858] (-) TimerEvent: {}
[347.448717] (-) TimerEvent: {}
[347.556416] (-) TimerEvent: {}
[347.587092] (gps_mavros) StdoutLine: {'line': b'-- Set runtime path of "/ODLC_Machine_Inferencing_System_2025-2026/ros2_workspace/install/gps_mavros/lib/libgps_mavros__rosidl_typesupport_introspection_c.so" to ""\n'}
[347.656799] (-) TimerEvent: {}
[347.735327] (gps_mavros) StdoutLine: {'line': b'-- Installing: /ODLC_Machine_Inferencing_System_2025-2026/ros2_workspace/install/gps_mavros/lib/libgps_mavros__rosidl_typesupport_c.so\n'}
[347.757124] (-) TimerEvent: {}
[347.860988] (-) TimerEvent: {}
[347.977399] (-) TimerEvent: {}
[348.086308] (-) TimerEvent: {}
[348.197582] (-) TimerEvent: {}
[348.301317] (-) TimerEvent: {}
[348.411319] (-) TimerEvent: {}
[348.518626] (-) TimerEvent: {}
[348.625293] (-) TimerEvent: {}
[348.730092] (-) TimerEvent: {}
[348.837672] (-) TimerEvent: {}
[348.941449] (-) TimerEvent: {}
[349.045301] (-) TimerEvent: {}
[349.151582] (-) TimerEvent: {}
[349.262983] (-) TimerEvent: {}
[349.380503] (-) TimerEvent: {}
[349.487525] (-) TimerEvent: {}
[349.591101] (-) TimerEvent: {}
[349.693424] (-) TimerEvent: {}
[349.799808] (gps_mavros) StdoutLine: {'line': b'-- Set runtime path of "/ODLC_Machine_Inferencing_System_2025-2026/ros2_workspace/install/gps_mavros/lib/libgps_mavros__rosidl_typesupport_c.so" to ""\n'}
[349.813416] (-) TimerEvent: {}
[349.904710] (gps_mavros) StdoutLine: {'line': b'-- Up-to-date: /ODLC_Machine_Inferencing_System_2025-2026/ros2_workspace/install/gps_mavros/include/gps_mavros/gps_mavros\n'}
[349.913893] (-) TimerEvent: {}
[350.029331] (-) TimerEvent: {}
[350.132173] (-) TimerEvent: {}
[350.198278] (gps_mavros) StdoutLine: {'line': b'-- Up-to-date: /ODLC_Machine_Inferencing_System_2025-2026/ros2_workspace/install/gps_mavros/include/gps_mavros/gps_mavros/msg\n'}
[350.232501] (-) TimerEvent: {}
[350.337627] (-) TimerEvent: {}
[350.451206] (-) TimerEvent: {}
[350.556986] (-) TimerEvent: {}
[350.640044] (gps_mavros) StdoutLine: {'line': b'-- Installing: /ODLC_Machine_Inferencing_System_2025-2026/ros2_workspace/install/gps_mavros/include/gps_mavros/gps_mavros/msg/rosidl_generator_cpp__visibility_control.hpp\n'}
[350.657904] (-) TimerEvent: {}
[350.763491] (-) TimerEvent: {}
[350.879958] (-) TimerEvent: {}
[350.985738] (-) TimerEvent: {}
[351.087386] (-) TimerEvent: {}
[351.191942] (-) TimerEvent: {}
[351.304896] (-) TimerEvent: {}
[351.407288] (-) TimerEvent: {}
[351.511196] (-) TimerEvent: {}
[351.616205] (-) TimerEvent: {}
[351.725269] (-) TimerEvent: {}
[351.829780] (-) TimerEvent: {}
[351.931172] (-) TimerEvent: {}
[352.056477] (-) TimerEvent: {}
[352.159674] (-) TimerEvent: {}
[352.221590] (gps_mavros) StdoutLine: {'line': b'-- Up-to-date: /ODLC_Machine_Inferencing_System_2025-2026/ros2_workspace/install/gps_mavros/include/gps_mavros/gps_mavros/srv\n'}
[352.260079] (-) TimerEvent: {}
[352.368104] (-) TimerEvent: {}
[352.476453] (-) TimerEvent: {}
[352.582768] (-) TimerEvent: {}
[352.686194] (-) TimerEvent: {}
[352.788159] (-) TimerEvent: {}
[352.841105] (gps_mavros) StdoutLine: {'line': b'-- Up-to-date: /ODLC_Machine_Inferencing_System_2025-2026/ros2_workspace/install/gps_mavros/include/gps_mavros/gps_mavros/srv/detail\n'}
[352.888746] (-) TimerEvent: {}
[352.992781] (-) TimerEvent: {}
[353.106921] (-) TimerEvent: {}
[353.208925] (-) TimerEvent: {}
[353.315130] (-) TimerEvent: {}
[353.422052] (-) TimerEvent: {}
[353.524376] (-) TimerEvent: {}
[353.547344] (gps_mavros) StdoutLine: {'line': b'-- Installing: /ODLC_Machine_Inferencing_System_2025-2026/ros2_workspace/install/gps_mavros/include/gps_mavros/gps_mavros/srv/detail/get_gps_data__builder.hpp\n'}
[353.624834] (-) TimerEvent: {}
[353.735820] (-) TimerEvent: {}
[353.841002] (-) TimerEvent: {}
[353.943796] (-) TimerEvent: {}
[354.048761] (-) TimerEvent: {}
[354.157499] (-) TimerEvent: {}
[354.262333] (-) TimerEvent: {}
[354.376515] (-) TimerEvent: {}
[354.496857] (-) TimerEvent: {}
[354.609835] (-) TimerEvent: {}
[354.726928] (-) TimerEvent: {}
[354.837502] (-) TimerEvent: {}
[354.945810] (-) TimerEvent: {}
[355.051331] (-) TimerEvent: {}
[355.157764] (-) TimerEvent: {}
[355.268237] (-) TimerEvent: {}
[355.378893] (-) TimerEvent: {}
[355.499647] (-) TimerEvent: {}
[355.610577] (-) TimerEvent: {}
[355.722833] (-) TimerEvent: {}
[355.826808] (-) TimerEvent: {}
[355.938090] (-) TimerEvent: {}
[356.047495] (-) TimerEvent: {}
[356.149065] (-) TimerEvent: {}
[356.253399] (-) TimerEvent: {}
[356.271018] (gps_mavros) StdoutLine: {'line': b'-- Installing: /ODLC_Machine_Inferencing_System_2025-2026/ros2_workspace/install/gps_mavros/include/gps_mavros/gps_mavros/srv/detail/get_gps_data__struct.hpp\n'}
[356.356957] (-) TimerEvent: {}
[356.473970] (-) TimerEvent: {}
[356.576255] (-) TimerEvent: {}
[356.677602] (-) TimerEvent: {}
[356.782354] (-) TimerEvent: {}
[356.890777] (-) TimerEvent: {}
[356.998581] (-) TimerEvent: {}
[357.110063] (-) TimerEvent: {}
[357.220831] (-) TimerEvent: {}
[357.329116] (-) TimerEvent: {}
[357.464044] (-) TimerEvent: {}
[357.570270] (-) TimerEvent: {}
[357.673844] (-) TimerEvent: {}
[357.785738] (-) TimerEvent: {}
[357.898113] (-) TimerEvent: {}
[358.025618] (-) TimerEvent: {}
[358.129056] (-) TimerEvent: {}
[358.235402] (-) TimerEvent: {}
[358.348236] (-) TimerEvent: {}
[358.403952] (gps_mavros) StdoutLine: {'line': b'-- Installing: /ODLC_Machine_Inferencing_System_2025-2026/ros2_workspace/install/gps_mavros/include/gps_mavros/gps_mavros/srv/detail/get_gps_data__traits.hpp\n'}
[358.450996] (-) TimerEvent: {}
[358.565313] (-) TimerEvent: {}
[358.669161] (-) TimerEvent: {}
[358.772603] (-) TimerEvent: {}
[358.879360] (-) TimerEvent: {}
[359.012667] (-) TimerEvent: {}
[359.146250] (-) TimerEvent: {}
[359.251980] (-) TimerEvent: {}
[359.357396] (-) TimerEvent: {}
[359.461393] (-) TimerEvent: {}
[359.564715] (-) TimerEvent: {}
[359.667514] (-) TimerEvent: {}
[359.773089] (-) TimerEvent: {}
[359.881246] (-) TimerEvent: {}
[359.990757] (-) TimerEvent: {}
[360.097708] (-) TimerEvent: {}
[360.213627] (-) TimerEvent: {}
[360.327476] (-) TimerEvent: {}
[360.448051] (-) TimerEvent: {}
[360.550954] (-) TimerEvent: {}
[360.632248] (gps_mavros) StdoutLine: {'line': b'-- Installing: /ODLC_Machine_Inferencing_System_2025-2026/ros2_workspace/install/gps_mavros/include/gps_mavros/gps_mavros/srv/detail/get_gps_data__type_support.hpp\n'}
[360.651466] (-) TimerEvent: {}
[360.756881] (-) TimerEvent: {}
[360.862351] (-) TimerEvent: {}
[360.965781] (-) TimerEvent: {}
[361.073096] (-) TimerEvent: {}
[361.181386] (-) TimerEvent: {}
[361.287390] (-) TimerEvent: {}
[361.400230] (-) TimerEvent: {}
[361.508000] (-) TimerEvent: {}
[361.613198] (-) TimerEvent: {}
[361.719252] (-) TimerEvent: {}
[361.825116] (-) TimerEvent: {}
[361.927205] (-) TimerEvent: {}
[362.036254] (-) TimerEvent: {}
[362.140360] (-) TimerEvent: {}
[362.244933] (-) TimerEvent: {}
[362.347051] (-) TimerEvent: {}
[362.427316] (gps_mavros) StdoutLine: {'line': b'-- Installing: /ODLC_Machine_Inferencing_System_2025-2026/ros2_workspace/install/gps_mavros/include/gps_mavros/gps_mavros/srv/get_gps_data.hpp\n'}
[362.447663] (-) TimerEvent: {}
[362.556445] (-) TimerEvent: {}
[362.663292] (-) TimerEvent: {}
[362.768410] (-) TimerEvent: {}
[362.877266] (-) TimerEvent: {}
[362.994947] (-) TimerEvent: {}
[363.103720] (-) TimerEvent: {}
[363.206712] (-) TimerEvent: {}
[363.311372] (-) TimerEvent: {}
[363.417768] (-) TimerEvent: {}
[363.520087] (-) TimerEvent: {}
[363.624421] (-) TimerEvent: {}
[363.733832] (-) TimerEvent: {}
[363.837520] (-) TimerEvent: {}
[363.947352] (-) TimerEvent: {}
[364.051206] (gps_mavros) StdoutLine: {'line': b'-- Up-to-date: /ODLC_Machine_Inferencing_System_2025-2026/ros2_workspace/install/gps_mavros/include/gps_mavros/gps_mavros\n'}
[364.101475] (-) TimerEvent: {}
[364.218443] (-) TimerEvent: {}
[364.325068] (-) TimerEvent: {}
[364.429126] (-) TimerEvent: {}
[364.464372] (gps_mavros) StdoutLine: {'line': b'-- Up-to-date: /ODLC_Machine_Inferencing_System_2025-2026/ros2_workspace/install/gps_mavros/include/gps_mavros/gps_mavros/msg\n'}
[364.533685] (-) TimerEvent: {}
[364.644812] (-) TimerEvent: {}
[364.758569] (-) TimerEvent: {}
[364.874964] (-) TimerEvent: {}
[364.980916] (-) TimerEvent: {}
[365.099303] (-) TimerEvent: {}
[365.207324] (-) TimerEvent: {}
[365.321191] (-) TimerEvent: {}
[365.437325] (gps_mavros) StdoutLine: {'line': b'-- Installing: /ODLC_Machine_Inferencing_System_2025-2026/ros2_workspace/install/gps_mavros/include/gps_mavros/gps_mavros/msg/rosidl_typesupport_fastrtps_cpp__visibility_control.h\n'}
[365.494937] (-) TimerEvent: {}
[365.640494] (-) TimerEvent: {}
[365.771454] (-) TimerEvent: {}
[365.887547] (-) TimerEvent: {}
[365.999800] (-) TimerEvent: {}
[366.130299] (-) TimerEvent: {}
[366.248968] (-) TimerEvent: {}
[366.365517] (-) TimerEvent: {}
[366.473019] (-) TimerEvent: {}
[366.575060] (-) TimerEvent: {}
[366.678673] (-) TimerEvent: {}
[366.789899] (-) TimerEvent: {}
[366.900363] (-) TimerEvent: {}
[367.012113] (-) TimerEvent: {}
[367.137393] (-) TimerEvent: {}
[367.243770] (-) TimerEvent: {}
[367.285017] (gps_mavros) StdoutLine: {'line': b'-- Up-to-date: /ODLC_Machine_Inferencing_System_2025-2026/ros2_workspace/install/gps_mavros/include/gps_mavros/gps_mavros/srv\n'}
[367.344220] (-) TimerEvent: {}
[367.447407] (-) TimerEvent: {}
[367.556167] (-) TimerEvent: {}
[367.665418] (-) TimerEvent: {}
[367.775107] (-) TimerEvent: {}
[367.884107] (-) TimerEvent: {}
[367.890038] (gps_mavros) StdoutLine: {'line': b'-- Up-to-date: /ODLC_Machine_Inferencing_System_2025-2026/ros2_workspace/install/gps_mavros/include/gps_mavros/gps_mavros/srv/detail\n'}
[367.993031] (-) TimerEvent: {}
[368.094881] (-) TimerEvent: {}
[368.199834] (-) TimerEvent: {}
[368.309168] (-) TimerEvent: {}
[368.415326] (-) TimerEvent: {}
[368.489697] (gps_mavros) StdoutLine: {'line': b'-- Installing: /ODLC_Machine_Inferencing_System_2025-2026/ros2_workspace/install/gps_mavros/include/gps_mavros/gps_mavros/srv/detail/dds_fastrtps\n'}
[368.516267] (-) TimerEvent: {}
[368.643142] (-) TimerEvent: {}
[368.744566] (-) TimerEvent: {}
[368.846228] (-) TimerEvent: {}
[368.947726] (-) TimerEvent: {}
[369.053745] (-) TimerEvent: {}
[369.160945] (-) TimerEvent: {}
[369.264975] (-) TimerEvent: {}
[369.338712] (gps_mavros) StdoutLine: {'line': b'-- Installing: /ODLC_Machine_Inferencing_System_2025-2026/ros2_workspace/install/gps_mavros/include/gps_mavros/gps_mavros/srv/detail/get_gps_data__rosidl_typesupport_fastrtps_cpp.hpp\n'}
[369.365111] (-) TimerEvent: {}
[369.467405] (-) TimerEvent: {}
[369.576036] (-) TimerEvent: {}
[369.679360] (-) TimerEvent: {}
[369.793656] (-) TimerEvent: {}
[369.903600] (-) TimerEvent: {}
[370.028418] (-) TimerEvent: {}
[370.145277] (-) TimerEvent: {}
[370.264835] (-) TimerEvent: {}
[370.377939] (-) TimerEvent: {}
[370.482709] (-) TimerEvent: {}
[370.585796] (-) TimerEvent: {}
[370.692005] (-) TimerEvent: {}
[370.796070] (-) TimerEvent: {}
[370.900676] (-) TimerEvent: {}
[371.006927] (-) TimerEvent: {}
[371.110577] (-) TimerEvent: {}
[371.218811] (-) TimerEvent: {}
[371.327468] (-) TimerEvent: {}
[371.446562] (-) TimerEvent: {}
[371.560500] (-) TimerEvent: {}
[371.668792] (-) TimerEvent: {}
[371.772503] (-) TimerEvent: {}
[371.830003] (gps_mavros) StdoutLine: {'line': b'-- Installing: /ODLC_Machine_Inferencing_System_2025-2026/ros2_workspace/install/gps_mavros/lib/libgps_mavros__rosidl_typesupport_fastrtps_cpp.so\n'}
[371.872834] (-) TimerEvent: {}
[371.975682] (-) TimerEvent: {}
[372.086264] (-) TimerEvent: {}
[372.195593] (-) TimerEvent: {}
[372.300917] (-) TimerEvent: {}
[372.404783] (-) TimerEvent: {}
[372.514882] (-) TimerEvent: {}
[372.630523] (-) TimerEvent: {}
[372.733567] (-) TimerEvent: {}
[372.839577] (-) TimerEvent: {}
[372.953877] (-) TimerEvent: {}
[373.061512] (-) TimerEvent: {}
[373.172666] (-) TimerEvent: {}
[373.274582] (-) TimerEvent: {}
[373.376728] (-) TimerEvent: {}
[373.480893] (-) TimerEvent: {}
[373.585658] (-) TimerEvent: {}
[373.695808] (-) TimerEvent: {}
[373.801674] (-) TimerEvent: {}
[373.908097] (-) TimerEvent: {}
[373.916670] (gps_mavros) StdoutLine: {'line': b'-- Set runtime path of "/ODLC_Machine_Inferencing_System_2025-2026/ros2_workspace/install/gps_mavros/lib/libgps_mavros__rosidl_typesupport_fastrtps_cpp.so" to ""\n'}
[374.009318] (-) TimerEvent: {}
[374.123045] (-) TimerEvent: {}
[374.170132] (gps_mavros) StdoutLine: {'line': b'-- Up-to-date: /ODLC_Machine_Inferencing_System_2025-2026/ros2_workspace/install/gps_mavros/include/gps_mavros/gps_mavros\n'}
[374.223175] (-) TimerEvent: {}
[374.330654] (-) TimerEvent: {}
[374.436811] (-) TimerEvent: {}
[374.447354] (gps_mavros) StdoutLine: {'line': b'-- Up-to-date: /ODLC_Machine_Inferencing_System_2025-2026/ros2_workspace/install/gps_mavros/include/gps_mavros/gps_mavros/srv\n'}
[374.537458] (-) TimerEvent: {}
[374.645259] (-) TimerEvent: {}
[374.764745] (-) TimerEvent: {}
[374.872101] (-) TimerEvent: {}
[374.981753] (gps_mavros) StdoutLine: {'line': b'-- Up-to-date: /ODLC_Machine_Inferencing_System_2025-2026/ros2_workspace/install/gps_mavros/include/gps_mavros/gps_mavros/srv/detail\n'}
[375.041575] (-) TimerEvent: {}
[375.166706] (-) TimerEvent: {}
[375.283031] (-) TimerEvent: {}
[375.406916] (-) TimerEvent: {}
[375.528178] (-) TimerEvent: {}
[375.646871] (-) TimerEvent: {}
[375.753771] (-) TimerEvent: {}
[375.871526] (-) TimerEvent: {}
[375.983546] (-) TimerEvent: {}
[376.091831] (-) TimerEvent: {}
[376.200741] (-) TimerEvent: {}
[376.303807] (-) TimerEvent: {}
[376.418325] (-) TimerEvent: {}
[376.495352] (gps_mavros) StdoutLine: {'line': b'-- Installing: /ODLC_Machine_Inferencing_System_2025-2026/ros2_workspace/install/gps_mavros/include/gps_mavros/gps_mavros/srv/detail/get_gps_data__rosidl_typesupport_introspection_cpp.hpp\n'}
[376.518727] (-) TimerEvent: {}
[376.635964] (-) TimerEvent: {}
[376.740840] (-) TimerEvent: {}
[376.851958] (-) TimerEvent: {}
[376.957578] (-) TimerEvent: {}
[377.075992] (-) TimerEvent: {}
[377.182656] (-) TimerEvent: {}
[377.288027] (-) TimerEvent: {}
[377.389401] (-) TimerEvent: {}
[377.493673] (-) TimerEvent: {}
[377.598474] (-) TimerEvent: {}
[377.705836] (-) TimerEvent: {}
[377.815049] (-) TimerEvent: {}
[377.923681] (-) TimerEvent: {}
[378.028212] (-) TimerEvent: {}
[378.132630] (-) TimerEvent: {}
[378.239790] (-) TimerEvent: {}
[378.357591] (-) TimerEvent: {}
[378.468422] (-) TimerEvent: {}
[378.577588] (-) TimerEvent: {}
[378.687108] (-) TimerEvent: {}
[378.797486] (-) TimerEvent: {}
[378.881528] (gps_mavros) StdoutLine: {'line': b'-- Installing: /ODLC_Machine_Inferencing_System_2025-2026/ros2_workspace/install/gps_mavros/include/gps_mavros/gps_mavros/srv/detail/get_gps_data__type_support.cpp\n'}
[378.897758] (-) TimerEvent: {}
[379.003475] (-) TimerEvent: {}
[379.106580] (-) TimerEvent: {}
[379.211937] (-) TimerEvent: {}
[379.319961] (-) TimerEvent: {}
[379.435135] (-) TimerEvent: {}
[379.551619] (-) TimerEvent: {}
[379.659830] (-) TimerEvent: {}
[379.763069] (-) TimerEvent: {}
[379.871379] (-) TimerEvent: {}
[380.018454] (-) TimerEvent: {}
[380.132230] (-) TimerEvent: {}
[380.241648] (-) TimerEvent: {}
[380.355337] (-) TimerEvent: {}
[380.466210] (-) TimerEvent: {}
[380.585081] (-) TimerEvent: {}
[380.691547] (-) TimerEvent: {}
[380.797609] (-) TimerEvent: {}
[380.902154] (-) TimerEvent: {}
[381.004428] (-) TimerEvent: {}
[381.123961] (-) TimerEvent: {}
[381.234879] (-) TimerEvent: {}
[381.339352] (-) TimerEvent: {}
[381.385620] (gps_mavros) StdoutLine: {'line': b'-- Installing: /ODLC_Machine_Inferencing_System_2025-2026/ros2_workspace/install/gps_mavros/lib/libgps_mavros__rosidl_typesupport_introspection_cpp.so\n'}
[381.439559] (-) TimerEvent: {}
[381.557965] (-) TimerEvent: {}
[381.667562] (-) TimerEvent: {}
[381.781147] (-) TimerEvent: {}
[381.886173] (-) TimerEvent: {}
[381.993564] (-) TimerEvent: {}
[382.096224] (-) TimerEvent: {}
[382.201676] (-) TimerEvent: {}
[382.304952] (-) TimerEvent: {}
[382.409074] (-) TimerEvent: {}
[382.526497] (-) TimerEvent: {}
[382.645029] (-) TimerEvent: {}
[382.751966] (-) TimerEvent: {}
[382.879764] (-) TimerEvent: {}
[382.997301] (-) TimerEvent: {}
[383.107273] (-) TimerEvent: {}
[383.218825] (-) TimerEvent: {}
[383.327374] (-) TimerEvent: {}
[383.435674] (-) TimerEvent: {}
[383.543012] (-) TimerEvent: {}
[383.668139] (-) TimerEvent: {}
[383.786976] (-) TimerEvent: {}
[383.798557] (gps_mavros) StdoutLine: {'line': b'-- Set runtime path of "/ODLC_Machine_Inferencing_System_2025-2026/ros2_workspace/install/gps_mavros/lib/libgps_mavros__rosidl_typesupport_introspection_cpp.so" to ""\n'}
[383.900524] (-) TimerEvent: {}
[384.008676] (-) TimerEvent: {}
[384.116449] (-) TimerEvent: {}
[384.190450] (gps_mavros) StdoutLine: {'line': b'-- Installing: /ODLC_Machine_Inferencing_System_2025-2026/ros2_workspace/install/gps_mavros/lib/libgps_mavros__rosidl_typesupport_cpp.so\n'}
[384.237339] (-) TimerEvent: {}
[384.354930] (-) TimerEvent: {}
[384.459318] (-) TimerEvent: {}
[384.570789] (-) TimerEvent: {}
[384.688604] (-) TimerEvent: {}
[384.794124] (-) TimerEvent: {}
[384.901956] (-) TimerEvent: {}
[385.006697] (-) TimerEvent: {}
[385.113470] (-) TimerEvent: {}
[385.225908] (-) TimerEvent: {}
[385.343061] (-) TimerEvent: {}
[385.468723] (-) TimerEvent: {}
[385.578525] (-) TimerEvent: {}
[385.714006] (-) TimerEvent: {}
[385.838500] (-) TimerEvent: {}
[386.003280] (-) TimerEvent: {}
[386.123543] (-) TimerEvent: {}
[386.232981] (-) TimerEvent: {}
[386.357715] (-) TimerEvent: {}
[386.473451] (-) TimerEvent: {}
[386.588135] (-) TimerEvent: {}
[386.691660] (-) TimerEvent: {}
[386.805343] (-) TimerEvent: {}
[386.908843] (-) TimerEvent: {}
[387.018612] (-) TimerEvent: {}
[387.128986] (-) TimerEvent: {}
[387.271772] (-) TimerEvent: {}
[387.376054] (-) TimerEvent: {}
[387.488293] (-) TimerEvent: {}
[387.529657] (gps_mavros) StdoutLine: {'line': b'-- Set runtime path of "/ODLC_Machine_Inferencing_System_2025-2026/ros2_workspace/install/gps_mavros/lib/libgps_mavros__rosidl_typesupport_cpp.so" to ""\n'}
[387.593060] (-) TimerEvent: {}
[387.705144] (-) TimerEvent: {}
[387.814925] (-) TimerEvent: {}
[387.929299] (-) TimerEvent: {}
[388.041544] (-) TimerEvent: {}
[388.154134] (gps_mavros) StdoutLine: {'line': b'-- Installing: /ODLC_Machine_Inferencing_System_2025-2026/ros2_workspace/install/gps_mavros/share/gps_mavros/environment/pythonpath.sh\n'}
[388.188857] (-) TimerEvent: {}
[388.295537] (-) TimerEvent: {}
[388.401863] (-) TimerEvent: {}
[388.506344] (-) TimerEvent: {}
[388.611080] (-) TimerEvent: {}
[388.718515] (-) TimerEvent: {}
[388.824351] (-) TimerEvent: {}
[388.930496] (-) TimerEvent: {}
[389.042143] (-) TimerEvent: {}
[389.150135] (-) TimerEvent: {}
[389.255524] (-) TimerEvent: {}
[389.358827] (-) TimerEvent: {}
[389.462119] (-) TimerEvent: {}
[389.568078] (-) TimerEvent: {}
[389.671226] (gps_mavros) StdoutLine: {'line': b'-- Installing: /ODLC_Machine_Inferencing_System_2025-2026/ros2_workspace/install/gps_mavros/share/gps_mavros/environment/pythonpath.dsv\n'}
[389.725039] (-) TimerEvent: {}
[389.836216] (-) TimerEvent: {}
[389.950657] (-) TimerEvent: {}
[390.072834] (-) TimerEvent: {}
[390.179655] (-) TimerEvent: {}
[390.315055] (-) TimerEvent: {}
[390.418234] (-) TimerEvent: {}
[390.524105] (-) TimerEvent: {}
[390.625475] (-) TimerEvent: {}
[390.728065] (-) TimerEvent: {}
[390.841169] (-) TimerEvent: {}
[390.948831] (-) TimerEvent: {}
[391.060222] (-) TimerEvent: {}
[391.065560] (gps_mavros) StdoutLine: {'line': b'-- Installing: /ODLC_Machine_Inferencing_System_2025-2026/ros2_workspace/install/gps_mavros/local/lib/python3.10/dist-packages/gps_mavros-0.0.0-py3.10.egg-info\n'}
[391.160686] (-) TimerEvent: {}
[391.268325] (-) TimerEvent: {}
[391.373230] (-) TimerEvent: {}
[391.488209] (-) TimerEvent: {}
[391.594143] (-) TimerEvent: {}
[391.700190] (-) TimerEvent: {}
[391.839776] (-) TimerEvent: {}
[391.946799] (-) TimerEvent: {}
[392.060009] (-) TimerEvent: {}
[392.167268] (-) TimerEvent: {}
[392.268040] (gps_mavros) StdoutLine: {'line': b'-- Installing: /ODLC_Machine_Inferencing_System_2025-2026/ros2_workspace/install/gps_mavros/local/lib/python3.10/dist-packages/gps_mavros-0.0.0-py3.10.egg-info/dependency_links.txt\n'}
[392.274479] (-) TimerEvent: {}
[392.375629] (-) TimerEvent: {}
[392.488073] (-) TimerEvent: {}
[392.594133] (-) TimerEvent: {}
[392.699392] (-) TimerEvent: {}
[392.815489] (-) TimerEvent: {}
[392.920325] (-) TimerEvent: {}
[393.027666] (-) TimerEvent: {}
[393.133077] (-) TimerEvent: {}
[393.240168] (-) TimerEvent: {}
[393.347994] (-) TimerEvent: {}
[393.458284] (-) TimerEvent: {}
[393.571372] (-) TimerEvent: {}
[393.683097] (-) TimerEvent: {}
[393.800865] (-) TimerEvent: {}
[393.923134] (-) TimerEvent: {}
[394.032810] (-) TimerEvent: {}
[394.152451] (-) TimerEvent: {}
[394.261111] (-) TimerEvent: {}
[394.374256] (-) TimerEvent: {}
[394.483929] (-) TimerEvent: {}
[394.595458] (-) TimerEvent: {}
[394.705923] (-) TimerEvent: {}
[394.819982] (-) TimerEvent: {}
[394.925058] (-) TimerEvent: {}
[395.033688] (-) TimerEvent: {}
[395.145028] (-) TimerEvent: {}
[395.255370] (-) TimerEvent: {}
[395.367982] (-) TimerEvent: {}
[395.477032] (-) TimerEvent: {}
[395.572220] (gps_mavros) StdoutLine: {'line': b'-- Installing: /ODLC_Machine_Inferencing_System_2025-2026/ros2_workspace/install/gps_mavros/local/lib/python3.10/dist-packages/gps_mavros-0.0.0-py3.10.egg-info/PKG-INFO\n'}
[395.605587] (-) TimerEvent: {}
[395.710211] (-) TimerEvent: {}
[395.824354] (-) TimerEvent: {}
[395.961874] (-) TimerEvent: {}
[396.094680] (-) TimerEvent: {}
[396.217679] (-) TimerEvent: {}
[396.376450] (-) TimerEvent: {}
[396.503998] (-) TimerEvent: {}
[396.664783] (-) TimerEvent: {}
[396.781391] (-) TimerEvent: {}
[396.905052] (-) TimerEvent: {}
[397.014542] (-) TimerEvent: {}
[397.128999] (-) TimerEvent: {}
[397.245931] (-) TimerEvent: {}
[397.353186] (-) TimerEvent: {}
[397.458733] (-) TimerEvent: {}
[397.562270] (-) TimerEvent: {}
[397.671354] (-) TimerEvent: {}
[397.777803] (-) TimerEvent: {}
[397.882191] (-) TimerEvent: {}
[397.989377] (-) TimerEvent: {}
[398.097802] (-) TimerEvent: {}
[398.212990] (-) TimerEvent: {}
[398.322707] (-) TimerEvent: {}
[398.431012] (-) TimerEvent: {}
[398.539280] (-) TimerEvent: {}
[398.643958] (-) TimerEvent: {}
[398.677004] (gps_mavros) StdoutLine: {'line': b'-- Installing: /ODLC_Machine_Inferencing_System_2025-2026/ros2_workspace/install/gps_mavros/local/lib/python3.10/dist-packages/gps_mavros-0.0.0-py3.10.egg-info/SOURCES.txt\n'}
[398.744460] (-) TimerEvent: {}
[398.860406] (-) TimerEvent: {}
[398.982275] (-) TimerEvent: {}
[399.097698] (-) TimerEvent: {}
[399.219098] (-) TimerEvent: {}
[399.341687] (-) TimerEvent: {}
[399.446538] (-) TimerEvent: {}
[399.556568] (-) TimerEvent: {}
[399.667616] (-) TimerEvent: {}
[399.785012] (-) TimerEvent: {}
[399.900371] (-) TimerEvent: {}
[400.028189] (-) TimerEvent: {}
[400.139642] (-) TimerEvent: {}
[400.248979] (-) TimerEvent: {}
[400.358097] (-) TimerEvent: {}
[400.464480] (-) TimerEvent: {}
[400.570666] (-) TimerEvent: {}
[400.684998] (-) TimerEvent: {}
[400.789956] (-) TimerEvent: {}
[400.897583] (-) TimerEvent: {}
[401.016707] (-) TimerEvent: {}
[401.136493] (-) TimerEvent: {}
[401.250583] (-) TimerEvent: {}
[401.367645] (-) TimerEvent: {}
[401.484169] (-) TimerEvent: {}
[401.599932] (-) TimerEvent: {}
[401.712025] (-) TimerEvent: {}
[401.819932] (-) TimerEvent: {}
[401.925217] (-) TimerEvent: {}
[402.037784] (-) TimerEvent: {}
[402.149886] (-) TimerEvent: {}
[402.264866] (-) TimerEvent: {}
[402.353470] (gps_mavros) StdoutLine: {'line': b'-- Installing: /ODLC_Machine_Inferencing_System_2025-2026/ros2_workspace/install/gps_mavros/local/lib/python3.10/dist-packages/gps_mavros-0.0.0-py3.10.egg-info/top_level.txt\n'}
[402.392896] (-) TimerEvent: {}
[402.501856] (-) TimerEvent: {}
[402.604873] (-) TimerEvent: {}
[402.710390] (-) TimerEvent: {}
[402.829584] (-) TimerEvent: {}
[402.932832] (-) TimerEvent: {}
[403.041375] (-) TimerEvent: {}
[403.145562] (-) TimerEvent: {}
[403.257909] (-) TimerEvent: {}
[403.371352] (-) TimerEvent: {}
[403.477883] (-) TimerEvent: {}
[403.600702] (-) TimerEvent: {}
[403.722309] (-) TimerEvent: {}
[403.824602] (-) TimerEvent: {}
[403.930783] (-) TimerEvent: {}
[404.001406] (gps_mavros) StdoutLine: {'line': b'-- Installing: /ODLC_Machine_Inferencing_System_2025-2026/ros2_workspace/install/gps_mavros/local/lib/python3.10/dist-packages/gps_mavros\n'}
[404.031017] (-) TimerEvent: {}
[404.137991] (-) TimerEvent: {}
[404.254487] (-) TimerEvent: {}
[404.374603] (-) TimerEvent: {}
[404.482754] (-) TimerEvent: {}
[404.587226] (-) TimerEvent: {}
[404.703903] (-) TimerEvent: {}
[404.807767] (-) TimerEvent: {}
[404.917298] (-) TimerEvent: {}
[405.023382] (-) TimerEvent: {}
[405.140924] (-) TimerEvent: {}
[405.239642] (gps_mavros) StdoutLine: {'line': b'-- Installing: /ODLC_Machine_Inferencing_System_2025-2026/ros2_workspace/install/gps_mavros/local/lib/python3.10/dist-packages/gps_mavros/gps_mavros_s__rosidl_typesupport_c.cpython-310-x86_64-linux-gnu.so\n'}
[405.288636] (-) TimerEvent: {}
[405.403692] (-) TimerEvent: {}
[405.523251] (-) TimerEvent: {}
[405.642363] (-) TimerEvent: {}
[405.749968] (-) TimerEvent: {}
[405.870111] (-) TimerEvent: {}
[405.981213] (-) TimerEvent: {}
[406.095260] (-) TimerEvent: {}
[406.206089] (-) TimerEvent: {}
[406.319290] (-) TimerEvent: {}
[406.423886] (-) TimerEvent: {}
[406.530576] (-) TimerEvent: {}
[406.636644] (-) TimerEvent: {}
[406.745939] (-) TimerEvent: {}
[406.873900] (-) TimerEvent: {}
[406.988581] (-) TimerEvent: {}
[407.105448] (-) TimerEvent: {}
[407.215362] (-) TimerEvent: {}
[407.323513] (-) TimerEvent: {}
[407.431011] (-) TimerEvent: {}
[407.539458] (-) TimerEvent: {}
[407.648331] (-) TimerEvent: {}
[407.764743] (-) TimerEvent: {}
[407.873327] (-) TimerEvent: {}
[407.996384] (-) TimerEvent: {}
[408.109940] (-) TimerEvent: {}
[408.225670] (-) TimerEvent: {}
[408.341797] (-) TimerEvent: {}
[408.429122] (gps_mavros) StdoutLine: {'line': b'-- Installing: /ODLC_Machine_Inferencing_System_2025-2026/ros2_workspace/install/gps_mavros/local/lib/python3.10/dist-packages/gps_mavros/gps_mavros_s__rosidl_typesupport_fastrtps_c.cpython-310-x86_64-linux-gnu.so\n'}
[408.444318] (-) TimerEvent: {}
[408.546540] (-) TimerEvent: {}
[408.652041] (-) TimerEvent: {}
[408.756284] (-) TimerEvent: {}
[408.871037] (-) TimerEvent: {}
[408.974977] (-) TimerEvent: {}
[409.096024] (-) TimerEvent: {}
[409.200536] (-) TimerEvent: {}
[409.308169] (-) TimerEvent: {}
[409.412770] (-) TimerEvent: {}
[409.525523] (-) TimerEvent: {}
[409.626802] (-) TimerEvent: {}
[409.735810] (-) TimerEvent: {}
[409.842327] (-) TimerEvent: {}
[409.946996] (-) TimerEvent: {}
[410.056393] (-) TimerEvent: {}
[410.103962] (gps_mavros) StdoutLine: {'line': b'-- Installing: /ODLC_Machine_Inferencing_System_2025-2026/ros2_workspace/install/gps_mavros/local/lib/python3.10/dist-packages/gps_mavros/gps_mavros_s__rosidl_typesupport_introspection_c.cpython-310-x86_64-linux-gnu.so\n'}
[410.159772] (-) TimerEvent: {}
[410.277561] (-) TimerEvent: {}
[410.392274] (-) TimerEvent: {}
[410.504662] (-) TimerEvent: {}
[410.620491] (-) TimerEvent: {}
[410.726179] (-) TimerEvent: {}
[410.841143] (-) TimerEvent: {}
[410.947536] (-) TimerEvent: {}
[411.060917] (-) TimerEvent: {}
[411.174602] (-) TimerEvent: {}
[411.289276] (-) TimerEvent: {}
[411.400491] (-) TimerEvent: {}
[411.511380] (-) TimerEvent: {}
[411.619972] (-) TimerEvent: {}
[411.738157] (-) TimerEvent: {}
[411.848009] (-) TimerEvent: {}
[411.955699] (-) TimerEvent: {}
[412.059921] (-) TimerEvent: {}
[412.169447] (-) TimerEvent: {}
[412.275386] (-) TimerEvent: {}
[412.380416] (-) TimerEvent: {}
[412.484970] (-) TimerEvent: {}
[412.596705] (-) TimerEvent: {}
[412.709249] (-) TimerEvent: {}
[412.814480] (-) TimerEvent: {}
[412.893766] (gps_mavros) StdoutLine: {'line': b'-- Installing: /ODLC_Machine_Inferencing_System_2025-2026/ros2_workspace/install/gps_mavros/local/lib/python3.10/dist-packages/gps_mavros/libgps_mavros__rosidl_generator_py.so\n'}
[412.918758] (-) TimerEvent: {}
[413.026215] (-) TimerEvent: {}
[413.134533] (-) TimerEvent: {}
[413.244717] (-) TimerEvent: {}
[413.351787] (-) TimerEvent: {}
[413.468414] (-) TimerEvent: {}
[413.583130] (-) TimerEvent: {}
[413.703300] (-) TimerEvent: {}
[413.811050] (-) TimerEvent: {}
[413.916066] (-) TimerEvent: {}
[414.025194] (-) TimerEvent: {}
[414.136471] (-) TimerEvent: {}
[414.241095] (-) TimerEvent: {}
[414.349541] (-) TimerEvent: {}
[414.454321] (-) TimerEvent: {}
[414.563647] (-) TimerEvent: {}
[414.671679] (-) TimerEvent: {}
[414.778321] (-) TimerEvent: {}
[414.893944] (-) TimerEvent: {}
[414.997996] (-) TimerEvent: {}
[415.119069] (-) TimerEvent: {}
[415.238044] (-) TimerEvent: {}
[415.347672] (-) TimerEvent: {}
[415.438606] (gps_mavros) StdoutLine: {'line': b'-- Installing: /ODLC_Machine_Inferencing_System_2025-2026/ros2_workspace/install/gps_mavros/local/lib/python3.10/dist-packages/gps_mavros/srv\n'}
[415.471722] (-) TimerEvent: {}
[415.591440] (-) TimerEvent: {}
[415.697821] (-) TimerEvent: {}
[415.829967] (-) TimerEvent: {}
[415.964652] (-) TimerEvent: {}
[416.070639] (-) TimerEvent: {}
[416.184997] (-) TimerEvent: {}
[416.298988] (-) TimerEvent: {}
[416.406247] (-) TimerEvent: {}
[416.520665] (-) TimerEvent: {}
[416.626978] (-) TimerEvent: {}
[416.738257] (-) TimerEvent: {}
[416.848986] (-) TimerEvent: {}
[416.958591] (-) TimerEvent: {}
[417.014115] (gps_mavros) StdoutLine: {'line': b'-- Installing: /ODLC_Machine_Inferencing_System_2025-2026/ros2_workspace/install/gps_mavros/local/lib/python3.10/dist-packages/gps_mavros/srv/_get_gps_data.py\n'}
[417.064123] (-) TimerEvent: {}
[417.197300] (-) TimerEvent: {}
[417.311721] (-) TimerEvent: {}
[417.425224] (-) TimerEvent: {}
[417.536040] (-) TimerEvent: {}
[417.650237] (-) TimerEvent: {}
[417.757439] (-) TimerEvent: {}
[417.867560] (-) TimerEvent: {}
[417.975671] (-) TimerEvent: {}
[418.084362] (-) TimerEvent: {}
[418.188976] (-) TimerEvent: {}
[418.300001] (-) TimerEvent: {}
[418.402252] (-) TimerEvent: {}
[418.507389] (-) TimerEvent: {}
[418.609017] (-) TimerEvent: {}
[418.712484] (-) TimerEvent: {}
[418.817716] (-) TimerEvent: {}
[418.922869] (-) TimerEvent: {}
[419.035461] (-) TimerEvent: {}
[419.145577] (-) TimerEvent: {}
[419.253000] (-) TimerEvent: {}
[419.361424] (-) TimerEvent: {}
[419.469439] (-) TimerEvent: {}
[419.581133] (-) TimerEvent: {}
[419.701397] (-) TimerEvent: {}
[419.827263] (gps_mavros) StdoutLine: {'line': b'-- Installing: /ODLC_Machine_Inferencing_System_2025-2026/ros2_workspace/install/gps_mavros/local/lib/python3.10/dist-packages/gps_mavros/srv/_get_gps_data_s.c\n'}
[419.852529] (-) TimerEvent: {}
[419.972571] (-) TimerEvent: {}
[420.076405] (-) TimerEvent: {}
[420.180052] (-) TimerEvent: {}
[420.295965] (-) TimerEvent: {}
[420.404467] (-) TimerEvent: {}
[420.521364] (-) TimerEvent: {}
[420.623020] (-) TimerEvent: {}
[420.738881] (-) TimerEvent: {}
[420.845664] (-) TimerEvent: {}
[420.949760] (-) TimerEvent: {}
[421.072034] (-) TimerEvent: {}
[421.182035] (-) TimerEvent: {}
[421.328272] (-) TimerEvent: {}
[421.436277] (-) TimerEvent: {}
[421.542791] (-) TimerEvent: {}
[421.645610] (-) TimerEvent: {}
[421.750675] (-) TimerEvent: {}
[421.864312] (-) TimerEvent: {}
[421.968740] (-) TimerEvent: {}
[421.978055] (gps_mavros) StdoutLine: {'line': b'-- Installing: /ODLC_Machine_Inferencing_System_2025-2026/ros2_workspace/install/gps_mavros/local/lib/python3.10/dist-packages/gps_mavros/srv/__init__.py\n'}
[422.080737] (-) TimerEvent: {}
[422.198611] (-) TimerEvent: {}
[422.302944] (-) TimerEvent: {}
[422.410478] (-) TimerEvent: {}
[422.514566] (-) TimerEvent: {}
[422.626643] (-) TimerEvent: {}
[422.762623] (-) TimerEvent: {}
[422.865431] (-) TimerEvent: {}
[422.976624] (-) TimerEvent: {}
[423.107479] (-) TimerEvent: {}
[423.210629] (-) TimerEvent: {}
[423.320220] (-) TimerEvent: {}
[423.427375] (-) TimerEvent: {}
[423.535792] (-) TimerEvent: {}
[423.649491] (-) TimerEvent: {}
[423.751835] (-) TimerEvent: {}
[423.864685] (-) TimerEvent: {}
[423.977698] (-) TimerEvent: {}
[424.100089] (-) TimerEvent: {}
[424.214967] (-) TimerEvent: {}
[424.220117] (gps_mavros) StdoutLine: {'line': b'-- Installing: /ODLC_Machine_Inferencing_System_2025-2026/ros2_workspace/install/gps_mavros/local/lib/python3.10/dist-packages/gps_mavros/_gps_mavros_s.ep.rosidl_typesupport_c.c\n'}
[424.315112] (-) TimerEvent: {}
[424.419951] (-) TimerEvent: {}
[424.540011] (-) TimerEvent: {}
[424.659215] (-) TimerEvent: {}
[424.762608] (-) TimerEvent: {}
[424.865451] (-) TimerEvent: {}
[424.974601] (-) TimerEvent: {}
[425.076801] (-) TimerEvent: {}
[425.192662] (-) TimerEvent: {}
[425.304327] (-) TimerEvent: {}
[425.422411] (-) TimerEvent: {}
[425.538021] (-) TimerEvent: {}
[425.663993] (-) TimerEvent: {}
[425.785122] (-) TimerEvent: {}
[425.928082] (-) TimerEvent: {}
[426.043646] (-) TimerEvent: {}
[426.160004] (-) TimerEvent: {}
[426.267962] (-) TimerEvent: {}
[426.371190] (-) TimerEvent: {}
[426.468953] (gps_mavros) StdoutLine: {'line': b'-- Installing: /ODLC_Machine_Inferencing_System_2025-2026/ros2_workspace/install/gps_mavros/local/lib/python3.10/dist-packages/gps_mavros/_gps_mavros_s.ep.rosidl_typesupport_fastrtps_c.c\n'}
[426.477400] (-) TimerEvent: {}
[426.583276] (-) TimerEvent: {}
[426.689277] (-) TimerEvent: {}
[426.791985] (-) TimerEvent: {}
[426.899693] (-) TimerEvent: {}
[427.008283] (-) TimerEvent: {}
[427.114414] (-) TimerEvent: {}
[427.226660] (-) TimerEvent: {}
[427.337211] (-) TimerEvent: {}
[427.442808] (-) TimerEvent: {}
[427.549802] (-) TimerEvent: {}
[427.661038] (-) TimerEvent: {}
[427.772309] (-) TimerEvent: {}
[427.875586] (-) TimerEvent: {}
[427.999966] (-) TimerEvent: {}
[428.103077] (-) TimerEvent: {}
[428.124067] (gps_mavros) StdoutLine: {'line': b'-- Installing: /ODLC_Machine_Inferencing_System_2025-2026/ros2_workspace/install/gps_mavros/local/lib/python3.10/dist-packages/gps_mavros/_gps_mavros_s.ep.rosidl_typesupport_introspection_c.c\n'}
[428.204173] (-) TimerEvent: {}
[428.308447] (-) TimerEvent: {}
[428.416509] (-) TimerEvent: {}
[428.521025] (-) TimerEvent: {}
[428.624013] (-) TimerEvent: {}
[428.731816] (-) TimerEvent: {}
[428.833811] (-) TimerEvent: {}
[428.944702] (-) TimerEvent: {}
[429.055117] (-) TimerEvent: {}
[429.159240] (-) TimerEvent: {}
[429.280160] (-) TimerEvent: {}
[429.389863] (-) TimerEvent: {}
[429.522131] (-) TimerEvent: {}
[429.623674] (-) TimerEvent: {}
[429.739486] (-) TimerEvent: {}
[429.844160] (-) TimerEvent: {}
[429.954148] (-) TimerEvent: {}
[429.989160] (gps_mavros) StdoutLine: {'line': b'-- Installing: /ODLC_Machine_Inferencing_System_2025-2026/ros2_workspace/install/gps_mavros/local/lib/python3.10/dist-packages/gps_mavros/__init__.py\n'}
[430.054597] (-) TimerEvent: {}
[430.159241] (-) TimerEvent: {}
[430.268889] (-) TimerEvent: {}
[430.373796] (-) TimerEvent: {}
[430.478653] (-) TimerEvent: {}
[430.582985] (-) TimerEvent: {}
[430.688481] (-) TimerEvent: {}
[430.800883] (-) TimerEvent: {}
[430.908709] (-) TimerEvent: {}
[431.017118] (-) TimerEvent: {}
[431.123808] (-) TimerEvent: {}
[431.248197] (-) TimerEvent: {}
[431.364123] (-) TimerEvent: {}
[431.477849] (-) TimerEvent: {}
[431.586054] (-) TimerEvent: {}
[431.711462] (-) TimerEvent: {}
[431.814516] (-) TimerEvent: {}
[431.938802] (-) TimerEvent: {}
[432.049289] (-) TimerEvent: {}
[432.156556] (-) TimerEvent: {}
[432.261967] (-) TimerEvent: {}
[432.388201] (-) TimerEvent: {}
[432.492078] (-) TimerEvent: {}
[432.605142] (-) TimerEvent: {}
[432.706987] (-) TimerEvent: {}
[432.812806] (-) TimerEvent: {}
[432.929660] (-) TimerEvent: {}
[433.059918] (-) TimerEvent: {}
[433.162938] (-) TimerEvent: {}
[433.277714] (-) TimerEvent: {}
[433.390064] (-) TimerEvent: {}
[433.494514] (-) TimerEvent: {}
[433.612798] (-) TimerEvent: {}
[433.748064] (-) TimerEvent: {}
[433.855384] (-) TimerEvent: {}
[433.960760] (-) TimerEvent: {}
[434.072018] (-) TimerEvent: {}
[434.190994] (-) TimerEvent: {}
[434.294605] (-) TimerEvent: {}
[434.396196] (-) TimerEvent: {}
[434.503488] (-) TimerEvent: {}
[434.605866] (-) TimerEvent: {}
[434.714962] (-) TimerEvent: {}
[434.818984] (-) TimerEvent: {}
[434.925085] (-) TimerEvent: {}
[435.027249] (-) TimerEvent: {}
[435.136978] (-) TimerEvent: {}
[435.242190] (-) TimerEvent: {}
[435.349426] (-) TimerEvent: {}
[435.468861] (-) TimerEvent: {}
[435.575256] (-) TimerEvent: {}
[435.699799] (-) TimerEvent: {}
[435.811787] (-) TimerEvent: {}
[435.928190] (-) TimerEvent: {}
[436.049602] (-) TimerEvent: {}
[436.157567] (-) TimerEvent: {}
[436.277052] (-) TimerEvent: {}
[436.383316] (-) TimerEvent: {}
[436.485461] (-) TimerEvent: {}
[436.590702] (-) TimerEvent: {}
[436.692877] (-) TimerEvent: {}
[436.795329] (-) TimerEvent: {}
[436.901148] (-) TimerEvent: {}
[437.022550] (-) TimerEvent: {}
[437.125191] (-) TimerEvent: {}
[437.230518] (-) TimerEvent: {}
[437.335448] (-) TimerEvent: {}
[437.442677] (-) TimerEvent: {}
[437.546968] (-) TimerEvent: {}
[437.653700] (-) TimerEvent: {}
[437.783951] (-) TimerEvent: {}
[437.907037] (-) TimerEvent: {}
[438.016588] (-) TimerEvent: {}
[438.089770] (gps_mavros) StdoutLine: {'line': b"Listing '/ODLC_Machine_Inferencing_System_2025-2026/ros2_workspace/install/gps_mavros/local/lib/python3.10/dist-packages/gps_mavros'...\n"}
[438.113030] (gps_mavros) StdoutLine: {'line': b"Compiling '/ODLC_Machine_Inferencing_System_2025-2026/ros2_workspace/install/gps_mavros/local/lib/python3.10/dist-packages/gps_mavros/__init__.py'...\n"}
[438.128271] (-) TimerEvent: {}
[438.138343] (gps_mavros) StdoutLine: {'line': b"Listing '/ODLC_Machine_Inferencing_System_2025-2026/ros2_workspace/install/gps_mavros/local/lib/python3.10/dist-packages/gps_mavros/srv'...\n"}
[438.160656] (gps_mavros) StdoutLine: {'line': b"Compiling '/ODLC_Machine_Inferencing_System_2025-2026/ros2_workspace/install/gps_mavros/local/lib/python3.10/dist-packages/gps_mavros/srv/__init__.py'...\n"}
[438.188018] (gps_mavros) StdoutLine: {'line': b"Compiling '/ODLC_Machine_Inferencing_System_2025-2026/ros2_workspace/install/gps_mavros/local/lib/python3.10/dist-packages/gps_mavros/srv/_get_gps_data.py'...\n"}
[438.229266] (-) TimerEvent: {}
[438.333204] (-) TimerEvent: {}
[438.447277] (-) TimerEvent: {}
[438.553830] (-) TimerEvent: {}
[438.675625] (-) TimerEvent: {}
[438.778549] (-) TimerEvent: {}
[438.886723] (-) TimerEvent: {}
[439.000086] (-) TimerEvent: {}
[439.117698] (-) TimerEvent: {}
[439.222385] (-) TimerEvent: {}
[439.329160] (-) TimerEvent: {}
[439.435192] (-) TimerEvent: {}
[439.556763] (-) TimerEvent: {}
[439.659277] (-) TimerEvent: {}
[439.675230] (gps_mavros) StdoutLine: {'line': b'-- Installing: /ODLC_Machine_Inferencing_System_2025-2026/ros2_workspace/install/gps_mavros/local/lib/python3.10/dist-packages/gps_mavros/gps_mavros_s__rosidl_typesupport_fastrtps_c.cpython-310-x86_64-linux-gnu.so\n'}
[439.759796] (-) TimerEvent: {}
[439.875980] (-) TimerEvent: {}
[439.977208] (-) TimerEvent: {}
[440.080850] (-) TimerEvent: {}
[440.187349] (-) TimerEvent: {}
[440.296215] (-) TimerEvent: {}
[440.402487] (-) TimerEvent: {}
[440.508624] (-) TimerEvent: {}
[440.613999] (-) TimerEvent: {}
[440.719408] (-) TimerEvent: {}
[440.833573] (-) TimerEvent: {}
[440.939897] (-) TimerEvent: {}
[441.054473] (-) TimerEvent: {}
[441.166099] (-) TimerEvent: {}
[441.281917] (-) TimerEvent: {}
[441.393428] (-) TimerEvent: {}
[441.502981] (-) TimerEvent: {}
[441.619961] (-) TimerEvent: {}
[441.732221] (-) TimerEvent: {}
[441.840982] (-) TimerEvent: {}
[441.952401] (-) TimerEvent: {}
[442.058815] (-) TimerEvent: {}
[442.171831] (-) TimerEvent: {}
[442.280534] (-) TimerEvent: {}
[442.410643] (-) TimerEvent: {}
[442.521242] (-) TimerEvent: {}
[442.628587] (-) TimerEvent: {}
[442.759907] (-) TimerEvent: {}
[442.870597] (-) TimerEvent: {}
[442.976619] (-) TimerEvent: {}
[443.078418] (-) TimerEvent: {}
[443.182089] (-) TimerEvent: {}
[443.290824] (-) TimerEvent: {}
[443.399612] (-) TimerEvent: {}
[443.506205] (-) TimerEvent: {}
[443.618655] (-) TimerEvent: {}
[443.743437] (-) TimerEvent: {}
[443.819304] (gps_mavros) StdoutLine: {'line': b'-- Set runtime path of "/ODLC_Machine_Inferencing_System_2025-2026/ros2_workspace/install/gps_mavros/local/lib/python3.10/dist-packages/gps_mavros/gps_mavros_s__rosidl_typesupport_fastrtps_c.cpython-310-x86_64-linux-gnu.so" to ""\n'}
[443.846780] (-) TimerEvent: {}
[443.959455] (-) TimerEvent: {}
[444.065754] (-) TimerEvent: {}
[444.178168] (-) TimerEvent: {}
[444.281782] (-) TimerEvent: {}
[444.399128] (-) TimerEvent: {}
[444.512288] (-) TimerEvent: {}
[444.616029] (-) TimerEvent: {}
[444.723146] (-) TimerEvent: {}
[444.833790] (-) TimerEvent: {}
[444.938185] (-) TimerEvent: {}
[445.043178] (-) TimerEvent: {}
[445.153341] (-) TimerEvent: {}
[445.265806] (-) TimerEvent: {}
[445.345451] (gps_mavros) StdoutLine: {'line': b'-- Installing: /ODLC_Machine_Inferencing_System_2025-2026/ros2_workspace/install/gps_mavros/local/lib/python3.10/dist-packages/gps_mavros/gps_mavros_s__rosidl_typesupport_introspection_c.cpython-310-x86_64-linux-gnu.so\n'}
[445.384149] (-) TimerEvent: {}
[445.509210] (-) TimerEvent: {}
[445.622612] (-) TimerEvent: {}
[445.755186] (-) TimerEvent: {}
[445.858417] (-) TimerEvent: {}
[445.992553] (-) TimerEvent: {}
[446.097959] (-) TimerEvent: {}
[446.222417] (-) TimerEvent: {}
[446.328140] (-) TimerEvent: {}
[446.430140] (-) TimerEvent: {}
[446.547083] (-) TimerEvent: {}
[446.663995] (-) TimerEvent: {}
[446.777954] (-) TimerEvent: {}
[446.886161] (-) TimerEvent: {}
[447.009535] (-) TimerEvent: {}
[447.115321] (-) TimerEvent: {}
[447.225045] (-) TimerEvent: {}
[447.330710] (-) TimerEvent: {}
[447.445210] (-) TimerEvent: {}
[447.549728] (-) TimerEvent: {}
[447.651808] (-) TimerEvent: {}
[447.755763] (-) TimerEvent: {}
[447.866594] (-) TimerEvent: {}
[447.969088] (-) TimerEvent: {}
[448.075287] (-) TimerEvent: {}
[448.184355] (-) TimerEvent: {}
[448.291795] (-) TimerEvent: {}
[448.416612] (-) TimerEvent: {}
[448.525931] (-) TimerEvent: {}
[448.631470] (-) TimerEvent: {}
[448.750500] (-) TimerEvent: {}
[448.863157] (-) TimerEvent: {}
[448.969400] (-) TimerEvent: {}
[449.077147] (-) TimerEvent: {}
[449.190253] (-) TimerEvent: {}
[449.295448] (-) TimerEvent: {}
[449.399599] (-) TimerEvent: {}
[449.502706] (-) TimerEvent: {}
[449.605945] (-) TimerEvent: {}
[449.724670] (-) TimerEvent: {}
[449.792602] (gps_mavros) StdoutLine: {'line': b'-- Set runtime path of "/ODLC_Machine_Inferencing_System_2025-2026/ros2_workspace/install/gps_mavros/local/lib/python3.10/dist-packages/gps_mavros/gps_mavros_s__rosidl_typesupport_introspection_c.cpython-310-x86_64-linux-gnu.so" to ""\n'}
[449.825026] (-) TimerEvent: {}
[449.930329] (-) TimerEvent: {}
[450.041019] (-) TimerEvent: {}
[450.151380] (-) TimerEvent: {}
[450.272466] (-) TimerEvent: {}
[450.384686] (-) TimerEvent: {}
[450.496085] (-) TimerEvent: {}
[450.606466] (-) TimerEvent: {}
[450.722069] (-) TimerEvent: {}
[450.825859] (-) TimerEvent: {}
[450.944112] (-) TimerEvent: {}
[451.051621] (-) TimerEvent: {}
[451.156236] (-) TimerEvent: {}
[451.263980] (-) TimerEvent: {}
[451.382173] (-) TimerEvent: {}
[451.420014] (gps_mavros) StdoutLine: {'line': b'-- Installing: /ODLC_Machine_Inferencing_System_2025-2026/ros2_workspace/install/gps_mavros/local/lib/python3.10/dist-packages/gps_mavros/gps_mavros_s__rosidl_typesupport_c.cpython-310-x86_64-linux-gnu.so\n'}
[451.482518] (-) TimerEvent: {}
[451.591159] (-) TimerEvent: {}
[451.720819] (-) TimerEvent: {}
[451.827058] (-) TimerEvent: {}
[451.945555] (-) TimerEvent: {}
[452.048933] (-) TimerEvent: {}
[452.176980] (-) TimerEvent: {}
[452.302717] (-) TimerEvent: {}
[452.410854] (-) TimerEvent: {}
[452.527997] (-) TimerEvent: {}
[452.638365] (-) TimerEvent: {}
[452.749272] (-) TimerEvent: {}
[452.861038] (-) TimerEvent: {}
[452.968374] (-) TimerEvent: {}
[453.072788] (-) TimerEvent: {}
[453.178110] (-) TimerEvent: {}
[453.283905] (-) TimerEvent: {}
[453.391738] (-) TimerEvent: {}
[453.494816] (-) TimerEvent: {}
[453.614133] (-) TimerEvent: {}
[453.719667] (-) TimerEvent: {}
[453.825791] (-) TimerEvent: {}
[453.928003] (-) TimerEvent: {}
[454.032191] (-) TimerEvent: {}
[454.136137] (-) TimerEvent: {}
[454.240190] (-) TimerEvent: {}
[454.365916] (-) TimerEvent: {}
[454.477790] (-) TimerEvent: {}
[454.583296] (-) TimerEvent: {}
[454.699436] (-) TimerEvent: {}
[454.806357] (-) TimerEvent: {}
[454.915768] (-) TimerEvent: {}
[455.048955] (-) TimerEvent: {}
[455.160561] (-) TimerEvent: {}
[455.291773] (-) TimerEvent: {}
[455.396620] (-) TimerEvent: {}
[455.502826] (-) TimerEvent: {}
[455.635303] (-) TimerEvent: {}
[455.746539] (-) TimerEvent: {}
[455.854274] (-) TimerEvent: {}
[455.968737] (-) TimerEvent: {}
[456.085775] (-) TimerEvent: {}
[456.196511] (-) TimerEvent: {}
[456.253842] (gps_mavros) StdoutLine: {'line': b'-- Set runtime path of "/ODLC_Machine_Inferencing_System_2025-2026/ros2_workspace/install/gps_mavros/local/lib/python3.10/dist-packages/gps_mavros/gps_mavros_s__rosidl_typesupport_c.cpython-310-x86_64-linux-gnu.so" to ""\n'}
[456.296770] (-) TimerEvent: {}
[456.400742] (-) TimerEvent: {}
[456.505831] (-) TimerEvent: {}
[456.623478] (-) TimerEvent: {}
[456.725835] (-) TimerEvent: {}
[456.783586] (gps_mavros) StdoutLine: {'line': b'-- Installing: /ODLC_Machine_Inferencing_System_2025-2026/ros2_workspace/install/gps_mavros/lib/libgps_mavros__rosidl_generator_py.so\n'}
[456.829300] (-) TimerEvent: {}
[456.934895] (-) TimerEvent: {}
[457.039202] (-) TimerEvent: {}
[457.148332] (-) TimerEvent: {}
[457.260856] (-) TimerEvent: {}
[457.367088] (-) TimerEvent: {}
[457.480072] (-) TimerEvent: {}
[457.586169] (-) TimerEvent: {}
[457.689653] (-) TimerEvent: {}
[457.805488] (-) TimerEvent: {}
[457.907668] (-) TimerEvent: {}
[458.028168] (-) TimerEvent: {}
[458.132282] (-) TimerEvent: {}
[458.286215] (-) TimerEvent: {}
[458.404083] (-) TimerEvent: {}
[458.522029] (-) TimerEvent: {}
[458.632089] (-) TimerEvent: {}
[458.741776] (-) TimerEvent: {}
[458.851571] (-) TimerEvent: {}
[458.959591] (-) TimerEvent: {}
[459.067247] (-) TimerEvent: {}
[459.172897] (-) TimerEvent: {}
[459.285990] (-) TimerEvent: {}
[459.394889] (-) TimerEvent: {}
[459.510448] (-) TimerEvent: {}
[459.627825] (-) TimerEvent: {}
[459.735885] (-) TimerEvent: {}
[459.843158] (-) TimerEvent: {}
[459.945348] (-) TimerEvent: {}
[460.055291] (-) TimerEvent: {}
[460.161080] (-) TimerEvent: {}
[460.266358] (-) TimerEvent: {}
[460.362466] (gps_mavros) StdoutLine: {'line': b'-- Set runtime path of "/ODLC_Machine_Inferencing_System_2025-2026/ros2_workspace/install/gps_mavros/lib/libgps_mavros__rosidl_generator_py.so" to ""\n'}
[460.388401] (-) TimerEvent: {}
[460.491608] (-) TimerEvent: {}
[460.595792] (-) TimerEvent: {}
[460.703340] (-) TimerEvent: {}
[460.812446] (-) TimerEvent: {}
[460.917348] (-) TimerEvent: {}
[461.023879] (-) TimerEvent: {}
[461.036572] (gps_mavros) StdoutLine: {'line': b'-- Installing: /ODLC_Machine_Inferencing_System_2025-2026/ros2_workspace/install/gps_mavros/share/gps_mavros/srv/GetGPSData.idl\n'}
[461.124687] (-) TimerEvent: {}
[461.231469] (-) TimerEvent: {}
[461.347645] (-) TimerEvent: {}
[461.466207] (-) TimerEvent: {}
[461.570429] (-) TimerEvent: {}
[461.674715] (-) TimerEvent: {}
[461.779362] (-) TimerEvent: {}
[461.887658] (-) TimerEvent: {}
[461.993609] (-) TimerEvent: {}
[462.100325] (-) TimerEvent: {}
[462.209349] (-) TimerEvent: {}
[462.316005] (-) TimerEvent: {}
[462.429467] (-) TimerEvent: {}
[462.546984] (-) TimerEvent: {}
[462.651776] (-) TimerEvent: {}
[462.764773] (-) TimerEvent: {}
[462.872706] (-) TimerEvent: {}
[462.979983] (-) TimerEvent: {}
[463.085636] (-) TimerEvent: {}
[463.172889] (gps_mavros) StdoutLine: {'line': b'-- Installing: /ODLC_Machine_Inferencing_System_2025-2026/ros2_workspace/install/gps_mavros/share/gps_mavros/srv/GetGPSData.srv\n'}
[463.197918] (-) TimerEvent: {}
[463.312378] (-) TimerEvent: {}
[463.423148] (-) TimerEvent: {}
[463.549801] (-) TimerEvent: {}
[463.662574] (-) TimerEvent: {}
[463.780339] (-) TimerEvent: {}
[463.895623] (-) TimerEvent: {}
[463.997790] (-) TimerEvent: {}
[464.103106] (-) TimerEvent: {}
[464.206434] (-) TimerEvent: {}
[464.320358] (-) TimerEvent: {}
[464.429517] (-) TimerEvent: {}
[464.539906] (-) TimerEvent: {}
[464.652329] (-) TimerEvent: {}
[464.755962] (-) TimerEvent: {}
[464.864559] (-) TimerEvent: {}
[464.982625] (-) TimerEvent: {}
[465.098025] (-) TimerEvent: {}
[465.211597] (-) TimerEvent: {}
[465.217913] (gps_mavros) StdoutLine: {'line': b'-- Installing: /ODLC_Machine_Inferencing_System_2025-2026/ros2_workspace/install/gps_mavros/share/gps_mavros/srv/GetGPSData_Request.msg\n'}
[465.316731] (-) TimerEvent: {}
[465.426874] (-) TimerEvent: {}
[465.543270] (-) TimerEvent: {}
[465.648711] (-) TimerEvent: {}
[465.753406] (-) TimerEvent: {}
[465.870042] (-) TimerEvent: {}
[466.002516] (-) TimerEvent: {}
[466.139976] (-) TimerEvent: {}
[466.244726] (-) TimerEvent: {}
[466.348344] (-) TimerEvent: {}
[466.469440] (-) TimerEvent: {}
[466.587313] (-) TimerEvent: {}
[466.691680] (-) TimerEvent: {}
[466.794810] (-) TimerEvent: {}
[466.900096] (-) TimerEvent: {}
[467.004929] (-) TimerEvent: {}
[467.091039] (gps_mavros) StdoutLine: {'line': b'-- Installing: /ODLC_Machine_Inferencing_System_2025-2026/ros2_workspace/install/gps_mavros/share/gps_mavros/srv/GetGPSData_Response.msg\n'}
[467.108040] (-) TimerEvent: {}
[467.221418] (-) TimerEvent: {}
[467.326461] (-) TimerEvent: {}
[467.431206] (-) TimerEvent: {}
[467.544649] (-) TimerEvent: {}
[467.653458] (-) TimerEvent: {}
[467.768632] (-) TimerEvent: {}
[467.872522] (-) TimerEvent: {}
[467.980171] (-) TimerEvent: {}
[468.085183] (-) TimerEvent: {}
[468.187004] (-) TimerEvent: {}
[468.290282] (-) TimerEvent: {}
[468.400878] (-) TimerEvent: {}
[468.517727] (-) TimerEvent: {}
[468.631290] (-) TimerEvent: {}
[468.743678] (-) TimerEvent: {}
[468.870688] (-) TimerEvent: {}
[468.975396] (-) TimerEvent: {}
[469.081150] (-) TimerEvent: {}
[469.192034] (-) TimerEvent: {}
[469.297270] (-) TimerEvent: {}
[469.302993] (gps_mavros) StdoutLine: {'line': b'-- Installing: /ODLC_Machine_Inferencing_System_2025-2026/ros2_workspace/install/gps_mavros/share/ament_index/resource_index/package_run_dependencies/gps_mavros\n'}
[469.403595] (-) TimerEvent: {}
[469.505599] (-) TimerEvent: {}
[469.612571] (-) TimerEvent: {}
[469.718200] (-) TimerEvent: {}
[469.821804] (-) TimerEvent: {}
[469.927071] (-) TimerEvent: {}
[470.032644] (-) TimerEvent: {}
[470.141430] (-) TimerEvent: {}
[470.273336] (-) TimerEvent: {}
[470.378520] (-) TimerEvent: {}
[470.490036] (-) TimerEvent: {}
[470.606606] (-) TimerEvent: {}
[470.718253] (-) TimerEvent: {}
[470.830243] (-) TimerEvent: {}
[470.937627] (-) TimerEvent: {}
[471.046145] (-) TimerEvent: {}
[471.155963] (-) TimerEvent: {}
[471.258994] (-) TimerEvent: {}
[471.362914] (-) TimerEvent: {}
[471.472761] (-) TimerEvent: {}
[471.582353] (-) TimerEvent: {}
[471.692653] (-) TimerEvent: {}
[471.799185] (-) TimerEvent: {}
[471.909495] (-) TimerEvent: {}
[472.018166] (-) TimerEvent: {}
[472.134334] (-) TimerEvent: {}
[472.159631] (gps_mavros) StdoutLine: {'line': b'-- Installing: /ODLC_Machine_Inferencing_System_2025-2026/ros2_workspace/install/gps_mavros/share/ament_index/resource_index/parent_prefix_path/gps_mavros\n'}
[472.234999] (-) TimerEvent: {}
[472.343613] (-) TimerEvent: {}
[472.460758] (-) TimerEvent: {}
[472.567667] (-) TimerEvent: {}
[472.679647] (-) TimerEvent: {}
[472.794482] (-) TimerEvent: {}
[472.930111] (-) TimerEvent: {}
[473.037865] (-) TimerEvent: {}
[473.167386] (-) TimerEvent: {}
[473.282964] (-) TimerEvent: {}
[473.395507] (-) TimerEvent: {}
[473.497836] (-) TimerEvent: {}
[473.603924] (-) TimerEvent: {}
[473.723987] (-) TimerEvent: {}
[473.836648] (-) TimerEvent: {}
[473.955511] (-) TimerEvent: {}
[473.976414] (gps_mavros) StdoutLine: {'line': b'-- Installing: /ODLC_Machine_Inferencing_System_2025-2026/ros2_workspace/install/gps_mavros/share/gps_mavros/environment/ament_prefix_path.sh\n'}
[474.076034] (-) TimerEvent: {}
[474.178853] (-) TimerEvent: {}
[474.299987] (-) TimerEvent: {}
[474.406385] (-) TimerEvent: {}
[474.509926] (-) TimerEvent: {}
[474.639016] (-) TimerEvent: {}
[474.742792] (-) TimerEvent: {}
[474.760440] (gps_mavros) StdoutLine: {'line': b'-- Installing: /ODLC_Machine_Inferencing_System_2025-2026/ros2_workspace/install/gps_mavros/share/gps_mavros/environment/ament_prefix_path.dsv\n'}
[474.843215] (-) TimerEvent: {}
[474.946797] (-) TimerEvent: {}
[475.049363] (-) TimerEvent: {}
[475.152059] (-) TimerEvent: {}
[475.267928] (-) TimerEvent: {}
[475.369874] (-) TimerEvent: {}
[475.473867] (-) TimerEvent: {}
[475.588907] (-) TimerEvent: {}
[475.694481] (-) TimerEvent: {}
[475.811312] (-) TimerEvent: {}
[475.919599] (-) TimerEvent: {}
[476.033597] (-) TimerEvent: {}
[476.138819] (-) TimerEvent: {}
[476.248173] (-) TimerEvent: {}
[476.355547] (-) TimerEvent: {}
[476.464180] (-) TimerEvent: {}
[476.568109] (-) TimerEvent: {}
[476.680443] (-) TimerEvent: {}
[476.735276] (gps_mavros) StdoutLine: {'line': b'-- Installing: /ODLC_Machine_Inferencing_System_2025-2026/ros2_workspace/install/gps_mavros/share/gps_mavros/environment/path.sh\n'}
[476.779452] (-) TimerEvent: {}
[476.885222] (-) TimerEvent: {}
[476.991588] (-) TimerEvent: {}
[477.107013] (-) TimerEvent: {}
[477.212198] (-) TimerEvent: {}
[477.325263] (-) TimerEvent: {}
[477.434138] (-) TimerEvent: {}
[477.537432] (-) TimerEvent: {}
[477.645824] (-) TimerEvent: {}
[477.755430] (-) TimerEvent: {}
[477.870522] (-) TimerEvent: {}
[477.948064] (gps_mavros) StdoutLine: {'line': b'-- Installing: /ODLC_Machine_Inferencing_System_2025-2026/ros2_workspace/install/gps_mavros/share/gps_mavros/environment/path.dsv\n'}
[477.970668] (-) TimerEvent: {}
[478.072573] (-) TimerEvent: {}
[478.177793] (-) TimerEvent: {}
[478.289176] (-) TimerEvent: {}
[478.402290] (-) TimerEvent: {}
[478.506985] (-) TimerEvent: {}
[478.613001] (-) TimerEvent: {}
[478.718642] (-) TimerEvent: {}
[478.827201] (-) TimerEvent: {}
[478.931170] (-) TimerEvent: {}
[479.042249] (-) TimerEvent: {}
[479.158706] (-) TimerEvent: {}
[479.281748] (-) TimerEvent: {}
[479.402103] (-) TimerEvent: {}
[479.506332] (-) TimerEvent: {}
[479.615451] (-) TimerEvent: {}
[479.726944] (-) TimerEvent: {}
[479.836760] (-) TimerEvent: {}
[479.944425] (gps_mavros) StdoutLine: {'line': b'-- Installing: /ODLC_Machine_Inferencing_System_2025-2026/ros2_workspace/install/gps_mavros/share/gps_mavros/local_setup.bash\n'}
[479.971454] (-) TimerEvent: {}
[480.081021] (-) TimerEvent: {}
[480.188225] (-) TimerEvent: {}
[480.303089] (-) TimerEvent: {}
[480.424395] (-) TimerEvent: {}
[480.543658] (-) TimerEvent: {}
[480.654574] (-) TimerEvent: {}
[480.761115] (-) TimerEvent: {}
[480.874571] (-) TimerEvent: {}
[480.993936] (-) TimerEvent: {}
[481.107803] (-) TimerEvent: {}
[481.227465] (-) TimerEvent: {}
[481.338907] (-) TimerEvent: {}
[481.443777] (-) TimerEvent: {}
[481.546762] (-) TimerEvent: {}
[481.659991] (-) TimerEvent: {}
[481.763350] (-) TimerEvent: {}
[481.873494] (-) TimerEvent: {}
[481.981990] (-) TimerEvent: {}
[482.008241] (gps_mavros) StdoutLine: {'line': b'-- Installing: /ODLC_Machine_Inferencing_System_2025-2026/ros2_workspace/install/gps_mavros/share/gps_mavros/local_setup.sh\n'}
[482.082199] (-) TimerEvent: {}
[482.195676] (-) TimerEvent: {}
[482.312029] (-) TimerEvent: {}
[482.428804] (-) TimerEvent: {}
[482.538861] (-) TimerEvent: {}
[482.654188] (-) TimerEvent: {}
[482.766916] (-) TimerEvent: {}
[482.875133] (-) TimerEvent: {}
[482.989233] (-) TimerEvent: {}
[483.094870] (-) TimerEvent: {}
[483.208132] (-) TimerEvent: {}
[483.323732] (-) TimerEvent: {}
[483.435248] (-) TimerEvent: {}
[483.545749] (-) TimerEvent: {}
[483.664482] (-) TimerEvent: {}
[483.780615] (-) TimerEvent: {}
[483.890529] (-) TimerEvent: {}
[484.003988] (-) TimerEvent: {}
[484.110095] (-) TimerEvent: {}
[484.230388] (-) TimerEvent: {}
[484.344902] (-) TimerEvent: {}
[484.465639] (-) TimerEvent: {}
[484.492104] (gps_mavros) StdoutLine: {'line': b'-- Installing: /ODLC_Machine_Inferencing_System_2025-2026/ros2_workspace/install/gps_mavros/share/gps_mavros/local_setup.zsh\n'}
[484.566426] (-) TimerEvent: {}
[484.680545] (-) TimerEvent: {}
[484.802102] (-) TimerEvent: {}
[484.918137] (-) TimerEvent: {}
[485.025479] (-) TimerEvent: {}
[485.133521] (-) TimerEvent: {}
[485.241885] (-) TimerEvent: {}
[485.356926] (-) TimerEvent: {}
[485.467489] (-) TimerEvent: {}
[485.582033] (-) TimerEvent: {}
[485.697188] (-) TimerEvent: {}
[485.811778] (-) TimerEvent: {}
[485.925762] (-) TimerEvent: {}
[486.045893] (-) TimerEvent: {}
[486.162978] (-) TimerEvent: {}
[486.282599] (-) TimerEvent: {}
[486.401912] (-) TimerEvent: {}
[486.508378] (-) TimerEvent: {}
[486.615081] (-) TimerEvent: {}
[486.729891] (-) TimerEvent: {}
[486.834448] (-) TimerEvent: {}
[486.932368] (gps_mavros) StdoutLine: {'line': b'-- Installing: /ODLC_Machine_Inferencing_System_2025-2026/ros2_workspace/install/gps_mavros/share/gps_mavros/local_setup.dsv\n'}
[486.993708] (-) TimerEvent: {}
[487.103017] (-) TimerEvent: {}
[487.209175] (-) TimerEvent: {}
[487.316197] (-) TimerEvent: {}
[487.440970] (-) TimerEvent: {}
[487.546366] (-) TimerEvent: {}
[487.652411] (-) TimerEvent: {}
[487.756944] (-) TimerEvent: {}
[487.868235] (-) TimerEvent: {}
[487.972280] (-) TimerEvent: {}
[488.077758] (-) TimerEvent: {}
[488.197256] (-) TimerEvent: {}
[488.306672] (-) TimerEvent: {}
[488.417681] (-) TimerEvent: {}
[488.546806] (-) TimerEvent: {}
[488.655914] (-) TimerEvent: {}
[488.762507] (-) TimerEvent: {}
[488.867977] (-) TimerEvent: {}
[488.976433] (-) TimerEvent: {}
[489.097828] (-) TimerEvent: {}
[489.201241] (-) TimerEvent: {}
[489.216750] (gps_mavros) StdoutLine: {'line': b'-- Installing: /ODLC_Machine_Inferencing_System_2025-2026/ros2_workspace/install/gps_mavros/share/gps_mavros/package.dsv\n'}
[489.301832] (-) TimerEvent: {}
[489.425046] (-) TimerEvent: {}
[489.532812] (-) TimerEvent: {}
[489.635751] (-) TimerEvent: {}
[489.739393] (-) TimerEvent: {}
[489.843253] (-) TimerEvent: {}
[489.945126] (-) TimerEvent: {}
[490.047756] (-) TimerEvent: {}
[490.184312] (-) TimerEvent: {}
[490.298207] (-) TimerEvent: {}
[490.407343] (-) TimerEvent: {}
[490.516185] (-) TimerEvent: {}
[490.664218] (-) TimerEvent: {}
[490.782257] (-) TimerEvent: {}
[490.895256] (-) TimerEvent: {}
[491.010917] (-) TimerEvent: {}
[491.119014] (-) TimerEvent: {}
[491.225355] (-) TimerEvent: {}
[491.328320] (-) TimerEvent: {}
[491.439342] (-) TimerEvent: {}
[491.548741] (-) TimerEvent: {}
[491.640552] (gps_mavros) StdoutLine: {'line': b'-- Installing: /ODLC_Machine_Inferencing_System_2025-2026/ros2_workspace/install/gps_mavros/share/ament_index/resource_index/packages/gps_mavros\n'}
[491.675739] (-) TimerEvent: {}
[491.785473] (-) TimerEvent: {}
[491.891640] (-) TimerEvent: {}
[492.025548] (-) TimerEvent: {}
[492.131136] (-) TimerEvent: {}
[492.233949] (-) TimerEvent: {}
[492.354844] (-) TimerEvent: {}
[492.464384] (-) TimerEvent: {}
[492.570322] (-) TimerEvent: {}
[492.676824] (-) TimerEvent: {}
[492.784036] (-) TimerEvent: {}
[492.903446] (-) TimerEvent: {}
[493.008586] (-) TimerEvent: {}
[493.124176] (-) TimerEvent: {}
[493.241305] (-) TimerEvent: {}
[493.355564] (-) TimerEvent: {}
[493.462858] (-) TimerEvent: {}
[493.569047] (-) TimerEvent: {}
[493.675536] (-) TimerEvent: {}
[493.779301] (-) TimerEvent: {}
[493.887879] (-) TimerEvent: {}
[494.008022] (-) TimerEvent: {}
[494.121445] (-) TimerEvent: {}
[494.239232] (-) TimerEvent: {}
[494.350703] (-) TimerEvent: {}
[494.461574] (-) TimerEvent: {}
[494.582769] (-) TimerEvent: {}
[494.653036] (gps_mavros) StdoutLine: {'line': b'-- Installing: /ODLC_Machine_Inferencing_System_2025-2026/ros2_workspace/install/gps_mavros/share/gps_mavros/cmake/export_gps_mavros__rosidl_generator_cExport.cmake\n'}
[494.683160] (-) TimerEvent: {}
[494.787621] (-) TimerEvent: {}
[494.892161] (-) TimerEvent: {}
[495.008179] (-) TimerEvent: {}
[495.111295] (-) TimerEvent: {}
[495.218416] (-) TimerEvent: {}
[495.328195] (-) TimerEvent: {}
[495.432556] (-) TimerEvent: {}
[495.541673] (-) TimerEvent: {}
[495.651586] (-) TimerEvent: {}
[495.765409] (-) TimerEvent: {}
[495.906405] (-) TimerEvent: {}
[496.057739] (-) TimerEvent: {}
[496.168523] (-) TimerEvent: {}
[496.298290] (-) TimerEvent: {}
[496.418811] (-) TimerEvent: {}
[496.528054] (-) TimerEvent: {}
[496.633046] (-) TimerEvent: {}
[496.741895] (-) TimerEvent: {}
[496.858273] (-) TimerEvent: {}
[496.970426] (-) TimerEvent: {}
[497.073264] (-) TimerEvent: {}
[497.182812] (-) TimerEvent: {}
[497.297316] (-) TimerEvent: {}
[497.404405] (-) TimerEvent: {}
[497.522487] (-) TimerEvent: {}
[497.626274] (-) TimerEvent: {}
[497.641263] (gps_mavros) StdoutLine: {'line': b'-- Installing: /ODLC_Machine_Inferencing_System_2025-2026/ros2_workspace/install/gps_mavros/share/gps_mavros/cmake/export_gps_mavros__rosidl_generator_cExport-noconfig.cmake\n'}
[497.734670] (-) TimerEvent: {}
[497.841524] (-) TimerEvent: {}
[497.945991] (-) TimerEvent: {}
[498.059964] (-) TimerEvent: {}
[498.166443] (-) TimerEvent: {}
[498.281174] (-) TimerEvent: {}
[498.384043] (-) TimerEvent: {}
[498.488101] (-) TimerEvent: {}
[498.601912] (-) TimerEvent: {}
[498.713788] (-) TimerEvent: {}
[498.818185] (-) TimerEvent: {}
[498.922572] (-) TimerEvent: {}
[499.045491] (-) TimerEvent: {}
[499.197729] (-) TimerEvent: {}
[499.310580] (-) TimerEvent: {}
[499.418239] (-) TimerEvent: {}
[499.531730] (-) TimerEvent: {}
[499.656016] (-) TimerEvent: {}
[499.778836] (-) TimerEvent: {}
[499.890159] (-) TimerEvent: {}
[499.999734] (-) TimerEvent: {}
[500.012406] (gps_mavros) StdoutLine: {'line': b'-- Installing: /ODLC_Machine_Inferencing_System_2025-2026/ros2_workspace/install/gps_mavros/share/gps_mavros/cmake/export_gps_mavros__rosidl_typesupport_fastrtps_cExport.cmake\n'}
[500.100162] (-) TimerEvent: {}
[500.207837] (-) TimerEvent: {}
[500.313538] (-) TimerEvent: {}
[500.422410] (-) TimerEvent: {}
[500.555183] (-) TimerEvent: {}
[500.662088] (-) TimerEvent: {}
[500.769849] (-) TimerEvent: {}
[500.891539] (-) TimerEvent: {}
[501.001502] (-) TimerEvent: {}
[501.105986] (-) TimerEvent: {}
[501.207872] (-) TimerEvent: {}
[501.321132] (-) TimerEvent: {}
[501.426074] (-) TimerEvent: {}
[501.539992] (-) TimerEvent: {}
[501.646876] (-) TimerEvent: {}
[501.755095] (-) TimerEvent: {}
[501.897023] (-) TimerEvent: {}
[502.003745] (-) TimerEvent: {}
[502.112382] (-) TimerEvent: {}
[502.219809] (-) TimerEvent: {}
[502.329753] (-) TimerEvent: {}
[502.434092] (-) TimerEvent: {}
[502.544722] (-) TimerEvent: {}
[502.653111] (-) TimerEvent: {}
[502.762471] (-) TimerEvent: {}
[502.820173] (gps_mavros) StdoutLine: {'line': b'-- Installing: /ODLC_Machine_Inferencing_System_2025-2026/ros2_workspace/install/gps_mavros/share/gps_mavros/cmake/export_gps_mavros__rosidl_typesupport_fastrtps_cExport-noconfig.cmake\n'}
[502.862719] (-) TimerEvent: {}
[502.966075] (-) TimerEvent: {}
[503.072026] (-) TimerEvent: {}
[503.180946] (-) TimerEvent: {}
[503.290676] (-) TimerEvent: {}
[503.398035] (-) TimerEvent: {}
[503.502341] (-) TimerEvent: {}
[503.607308] (-) TimerEvent: {}
[503.712246] (-) TimerEvent: {}
[503.821969] (-) TimerEvent: {}
[503.926724] (-) TimerEvent: {}
[504.042815] (-) TimerEvent: {}
[504.150065] (-) TimerEvent: {}
[504.264715] (-) TimerEvent: {}
[504.372304] (-) TimerEvent: {}
[504.479672] (-) TimerEvent: {}
[504.593210] (-) TimerEvent: {}
[504.702364] (-) TimerEvent: {}
[504.808705] (-) TimerEvent: {}
[504.922485] (-) TimerEvent: {}
[505.037978] (-) TimerEvent: {}
[505.141976] (-) TimerEvent: {}
[505.249393] (-) TimerEvent: {}
[505.340458] (gps_mavros) StdoutLine: {'line': b'-- Installing: /ODLC_Machine_Inferencing_System_2025-2026/ros2_workspace/install/gps_mavros/share/gps_mavros/cmake/gps_mavros__rosidl_typesupport_introspection_cExport.cmake\n'}
[505.380988] (-) TimerEvent: {}
[505.507513] (-) TimerEvent: {}
[505.616080] (-) TimerEvent: {}
[505.729729] (-) TimerEvent: {}
[505.834138] (-) TimerEvent: {}
[505.935423] (-) TimerEvent: {}
[506.046389] (-) TimerEvent: {}
[506.165620] (-) TimerEvent: {}
[506.275732] (-) TimerEvent: {}
[506.398941] (-) TimerEvent: {}
[506.522688] (-) TimerEvent: {}
[506.640350] (-) TimerEvent: {}
[506.764990] (-) TimerEvent: {}
[506.873541] (-) TimerEvent: {}
[506.984726] (-) TimerEvent: {}
[507.087347] (-) TimerEvent: {}
[507.195313] (-) TimerEvent: {}
[507.304021] (-) TimerEvent: {}
[507.414267] (-) TimerEvent: {}
[507.522980] (-) TimerEvent: {}
[507.633542] (-) TimerEvent: {}
[507.742700] (-) TimerEvent: {}
[507.848012] (-) TimerEvent: {}
[507.956062] (-) TimerEvent: {}
[508.075524] (-) TimerEvent: {}
[508.182257] (-) TimerEvent: {}
[508.301985] (-) TimerEvent: {}
[508.408266] (-) TimerEvent: {}
[508.518989] (-) TimerEvent: {}
[508.621496] (gps_mavros) StdoutLine: {'line': b'-- Installing: /ODLC_Machine_Inferencing_System_2025-2026/ros2_workspace/install/gps_mavros/share/gps_mavros/cmake/gps_mavros__rosidl_typesupport_introspection_cExport-noconfig.cmake\n'}
[508.637849] (-) TimerEvent: {}
[508.745679] (-) TimerEvent: {}
[508.861083] (-) TimerEvent: {}
[508.969286] (-) TimerEvent: {}
[509.075560] (-) TimerEvent: {}
[509.180494] (-) TimerEvent: {}
[509.292076] (-) TimerEvent: {}
[509.397368] (-) TimerEvent: {}
[509.501920] (-) TimerEvent: {}
[509.609258] (-) TimerEvent: {}
[509.729645] (-) TimerEvent: {}
[509.840304] (-) TimerEvent: {}
[509.942865] (-) TimerEvent: {}
[510.056153] (-) TimerEvent: {}
[510.165431] (-) TimerEvent: {}
[510.274780] (-) TimerEvent: {}
[510.380906] (-) TimerEvent: {}
[510.483693] (-) TimerEvent: {}
[510.601837] (-) TimerEvent: {}
[510.705157] (-) TimerEvent: {}
[510.817348] (-) TimerEvent: {}
[510.926828] (-) TimerEvent: {}
[510.959528] (gps_mavros) StdoutLine: {'line': b'-- Installing: /ODLC_Machine_Inferencing_System_2025-2026/ros2_workspace/install/gps_mavros/share/gps_mavros/cmake/gps_mavros__rosidl_typesupport_cExport.cmake\n'}
[511.026949] (-) TimerEvent: {}
[511.138955] (-) TimerEvent: {}
[511.249942] (-) TimerEvent: {}
[511.362382] (-) TimerEvent: {}
[511.469014] (-) TimerEvent: {}
[511.572933] (-) TimerEvent: {}
[511.679422] (-) TimerEvent: {}
[511.785415] (-) TimerEvent: {}
[511.897328] (-) TimerEvent: {}
[512.002374] (-) TimerEvent: {}
[512.124097] (-) TimerEvent: {}
[512.240863] (-) TimerEvent: {}
[512.354819] (-) TimerEvent: {}
[512.467764] (-) TimerEvent: {}
[512.603621] (-) TimerEvent: {}
[512.719430] (-) TimerEvent: {}
[512.839189] (-) TimerEvent: {}
[512.949921] (-) TimerEvent: {}
[513.056071] (-) TimerEvent: {}
[513.161140] (-) TimerEvent: {}
[513.266070] (-) TimerEvent: {}
[513.376486] (-) TimerEvent: {}
[513.484999] (-) TimerEvent: {}
[513.592936] (-) TimerEvent: {}
[513.703095] (-) TimerEvent: {}
[513.818042] (-) TimerEvent: {}
[513.930356] (-) TimerEvent: {}
[513.973703] (gps_mavros) StdoutLine: {'line': b'-- Installing: /ODLC_Machine_Inferencing_System_2025-2026/ros2_workspace/install/gps_mavros/share/gps_mavros/cmake/gps_mavros__rosidl_typesupport_cExport-noconfig.cmake\n'}
[514.031458] (-) TimerEvent: {}
[514.152268] (-) TimerEvent: {}
[514.272836] (-) TimerEvent: {}
[514.384330] (-) TimerEvent: {}
[514.501859] (-) TimerEvent: {}
[514.617205] (-) TimerEvent: {}
[514.740396] (-) TimerEvent: {}
[514.862836] (-) TimerEvent: {}
[514.977081] (-) TimerEvent: {}
[515.093847] (-) TimerEvent: {}
[515.206351] (-) TimerEvent: {}
[515.326757] (-) TimerEvent: {}
[515.442956] (-) TimerEvent: {}
[515.560800] (-) TimerEvent: {}
[515.673000] (-) TimerEvent: {}
[515.778953] (-) TimerEvent: {}
[515.894657] (-) TimerEvent: {}
[516.010274] (-) TimerEvent: {}
[516.126400] (-) TimerEvent: {}
[516.232387] (-) TimerEvent: {}
[516.343065] (-) TimerEvent: {}
[516.454662] (-) TimerEvent: {}
[516.561624] (-) TimerEvent: {}
[516.669545] (-) TimerEvent: {}
[516.775708] (-) TimerEvent: {}
[516.897349] (-) TimerEvent: {}
[517.005878] (-) TimerEvent: {}
[517.115217] (-) TimerEvent: {}
[517.219111] (-) TimerEvent: {}
[517.327645] (-) TimerEvent: {}
[517.390986] (gps_mavros) StdoutLine: {'line': b'-- Installing: /ODLC_Machine_Inferencing_System_2025-2026/ros2_workspace/install/gps_mavros/share/gps_mavros/cmake/export_gps_mavros__rosidl_generator_cppExport.cmake\n'}
[517.439813] (-) TimerEvent: {}
[517.550544] (-) TimerEvent: {}
[517.664987] (-) TimerEvent: {}
[517.784758] (-) TimerEvent: {}
[517.901632] (-) TimerEvent: {}
[518.013114] (-) TimerEvent: {}
[518.172808] (-) TimerEvent: {}
[518.300548] (-) TimerEvent: {}
[518.450762] (-) TimerEvent: {}
[518.574438] (-) TimerEvent: {}
[518.716041] (-) TimerEvent: {}
[518.844716] (-) TimerEvent: {}
[518.984848] (-) TimerEvent: {}
[519.122348] (-) TimerEvent: {}
[519.258605] (-) TimerEvent: {}
[519.378309] (-) TimerEvent: {}
[519.491528] (-) TimerEvent: {}
[519.620112] (-) TimerEvent: {}
[519.734350] (-) TimerEvent: {}
[519.864786] (-) TimerEvent: {}
[519.989928] (-) TimerEvent: {}
[520.102922] (-) TimerEvent: {}
[520.224337] (-) TimerEvent: {}
[520.342255] (-) TimerEvent: {}
[520.465537] (-) TimerEvent: {}
[520.606543] (-) TimerEvent: {}
[520.740453] (-) TimerEvent: {}
[520.860240] (-) TimerEvent: {}
[520.975102] (-) TimerEvent: {}
[521.086867] (-) TimerEvent: {}
[521.204332] (-) TimerEvent: {}
[521.315617] (-) TimerEvent: {}
[521.452993] (-) TimerEvent: {}
[521.564123] (-) TimerEvent: {}
[521.687933] (-) TimerEvent: {}
[521.817501] (-) TimerEvent: {}
[521.937133] (-) TimerEvent: {}
[522.069263] (-) TimerEvent: {}
[522.228569] (-) TimerEvent: {}
[522.350920] (-) TimerEvent: {}
[522.458059] (-) TimerEvent: {}
[522.576649] (-) TimerEvent: {}
[522.688578] (-) TimerEvent: {}
[522.798297] (-) TimerEvent: {}
[522.916965] (-) TimerEvent: {}
[523.028492] (-) TimerEvent: {}
[523.136932] (-) TimerEvent: {}
[523.252048] (-) TimerEvent: {}
[523.273966] (gps_mavros) StdoutLine: {'line': b'-- Installing: /ODLC_Machine_Inferencing_System_2025-2026/ros2_workspace/install/gps_mavros/share/gps_mavros/cmake/export_gps_mavros__rosidl_typesupport_fastrtps_cppExport.cmake\n'}
[523.354004] (-) TimerEvent: {}
[523.467911] (-) TimerEvent: {}
[523.587445] (-) TimerEvent: {}
[523.699135] (-) TimerEvent: {}
[523.820221] (-) TimerEvent: {}
[523.941747] (-) TimerEvent: {}
[524.051379] (-) TimerEvent: {}
[524.162352] (-) TimerEvent: {}
[524.273094] (-) TimerEvent: {}
[524.382090] (-) TimerEvent: {}
[524.492142] (-) TimerEvent: {}
[524.610326] (-) TimerEvent: {}
[524.742695] (-) TimerEvent: {}
[524.861692] (-) TimerEvent: {}
[524.970147] (-) TimerEvent: {}
[525.077606] (-) TimerEvent: {}
[525.193308] (-) TimerEvent: {}
[525.310288] (-) TimerEvent: {}
[525.428080] (-) TimerEvent: {}
[525.546147] (-) TimerEvent: {}
[525.652238] (-) TimerEvent: {}
[525.763058] (-) TimerEvent: {}
[525.903080] (-) TimerEvent: {}
[526.028784] (-) TimerEvent: {}
[526.140542] (-) TimerEvent: {}
[526.262018] (-) TimerEvent: {}
[526.367243] (-) TimerEvent: {}
[526.486907] (-) TimerEvent: {}
[526.591460] (-) TimerEvent: {}
[526.699885] (-) TimerEvent: {}
[526.810102] (-) TimerEvent: {}
[526.911582] (-) TimerEvent: {}
[527.013183] (gps_mavros) StdoutLine: {'line': b'-- Installing: /ODLC_Machine_Inferencing_System_2025-2026/ros2_workspace/install/gps_mavros/share/gps_mavros/cmake/export_gps_mavros__rosidl_typesupport_fastrtps_cppExport-noconfig.cmake\n'}
[527.044865] (-) TimerEvent: {}
[527.152891] (-) TimerEvent: {}
[527.258303] (-) TimerEvent: {}
[527.363509] (-) TimerEvent: {}
[527.476245] (-) TimerEvent: {}
[527.587934] (-) TimerEvent: {}
[527.701069] (-) TimerEvent: {}
[527.808019] (-) TimerEvent: {}
[527.910427] (-) TimerEvent: {}
[528.020533] (-) TimerEvent: {}
[528.123215] (-) TimerEvent: {}
[528.236411] (-) TimerEvent: {}
[528.339966] (-) TimerEvent: {}
[528.444118] (-) TimerEvent: {}
[528.559217] (-) TimerEvent: {}
[528.665277] (-) TimerEvent: {}
[528.772255] (-) TimerEvent: {}
[528.880393] (-) TimerEvent: {}
[528.999472] (-) TimerEvent: {}
[529.106326] (-) TimerEvent: {}
[529.222068] (-) TimerEvent: {}
[529.332030] (-) TimerEvent: {}
[529.436725] (-) TimerEvent: {}
[529.461201] (gps_mavros) StdoutLine: {'line': b'-- Installing: /ODLC_Machine_Inferencing_System_2025-2026/ros2_workspace/install/gps_mavros/share/gps_mavros/cmake/gps_mavros__rosidl_typesupport_introspection_cppExport.cmake\n'}
[529.536644] (-) TimerEvent: {}
[529.655786] (-) TimerEvent: {}
[529.763224] (-) TimerEvent: {}
[529.878019] (-) TimerEvent: {}
[530.008419] (-) TimerEvent: {}
[530.111518] (-) TimerEvent: {}
[530.218165] (-) TimerEvent: {}
[530.325525] (-) TimerEvent: {}
[530.434623] (-) TimerEvent: {}
[530.546143] (-) TimerEvent: {}
[530.652435] (-) TimerEvent: {}
[530.762451] (-) TimerEvent: {}
[530.868060] (-) TimerEvent: {}
[530.978615] (-) TimerEvent: {}
[531.093010] (-) TimerEvent: {}
[531.222593] (-) TimerEvent: {}
[531.325311] (-) TimerEvent: {}
[531.430787] (-) TimerEvent: {}
[531.534606] (-) TimerEvent: {}
[531.641206] (-) TimerEvent: {}
[531.746484] (-) TimerEvent: {}
[531.788289] (gps_mavros) StdoutLine: {'line': b'-- Installing: /ODLC_Machine_Inferencing_System_2025-2026/ros2_workspace/install/gps_mavros/share/gps_mavros/cmake/gps_mavros__rosidl_typesupport_introspection_cppExport-noconfig.cmake\n'}
[531.847760] (-) TimerEvent: {}
[531.951888] (-) TimerEvent: {}
[532.056453] (-) TimerEvent: {}
[532.163268] (-) TimerEvent: {}
[532.272766] (-) TimerEvent: {}
[532.377463] (-) TimerEvent: {}
[532.490047] (-) TimerEvent: {}
[532.595150] (-) TimerEvent: {}
[532.698186] (-) TimerEvent: {}
[532.804799] (-) TimerEvent: {}
[532.915619] (-) TimerEvent: {}
[533.024669] (-) TimerEvent: {}
[533.133695] (-) TimerEvent: {}
[533.235506] (-) TimerEvent: {}
[533.340800] (-) TimerEvent: {}
[533.456945] (-) TimerEvent: {}
[533.566453] (-) TimerEvent: {}
[533.673318] (-) TimerEvent: {}
[533.784520] (-) TimerEvent: {}
[533.892170] (-) TimerEvent: {}
[534.005013] (-) TimerEvent: {}
[534.012328] (gps_mavros) StdoutLine: {'line': b'-- Installing: /ODLC_Machine_Inferencing_System_2025-2026/ros2_workspace/install/gps_mavros/share/gps_mavros/cmake/gps_mavros__rosidl_typesupport_cppExport.cmake\n'}
[534.105378] (-) TimerEvent: {}
[534.233333] (-) TimerEvent: {}
[534.364805] (-) TimerEvent: {}
[534.467214] (-) TimerEvent: {}
[534.572724] (-) TimerEvent: {}
[534.675483] (-) TimerEvent: {}
[534.783618] (-) TimerEvent: {}
[534.891030] (-) TimerEvent: {}
[535.000769] (-) TimerEvent: {}
[535.106485] (-) TimerEvent: {}
[535.230890] (-) TimerEvent: {}
[535.345528] (-) TimerEvent: {}
[535.452337] (-) TimerEvent: {}
[535.565308] (-) TimerEvent: {}
[535.684895] (-) TimerEvent: {}
[535.801234] (-) TimerEvent: {}
[535.914276] (-) TimerEvent: {}
[536.039938] (-) TimerEvent: {}
[536.154761] (-) TimerEvent: {}
[536.261432] (-) TimerEvent: {}
[536.385852] (-) TimerEvent: {}
[536.512222] (-) TimerEvent: {}
[536.619541] (-) TimerEvent: {}
[536.737035] (-) TimerEvent: {}
[536.849157] (-) TimerEvent: {}
[536.960864] (-) TimerEvent: {}
[536.983312] (gps_mavros) StdoutLine: {'line': b'-- Installing: /ODLC_Machine_Inferencing_System_2025-2026/ros2_workspace/install/gps_mavros/share/gps_mavros/cmake/gps_mavros__rosidl_typesupport_cppExport-noconfig.cmake\n'}
[537.061107] (-) TimerEvent: {}
[537.171961] (-) TimerEvent: {}
[537.279433] (-) TimerEvent: {}
[537.381373] (-) TimerEvent: {}
[537.485092] (-) TimerEvent: {}
[537.590539] (-) TimerEvent: {}
[537.706944] (-) TimerEvent: {}
[537.813566] (-) TimerEvent: {}
[537.915083] (-) TimerEvent: {}
[538.022196] (-) TimerEvent: {}
[538.126615] (-) TimerEvent: {}
[538.236158] (-) TimerEvent: {}
[538.345425] (-) TimerEvent: {}
[538.448217] (-) TimerEvent: {}
[538.564639] (-) TimerEvent: {}
[538.676007] (-) TimerEvent: {}
[538.781269] (-) TimerEvent: {}
[538.889457] (-) TimerEvent: {}
[538.993497] (-) TimerEvent: {}
[539.112782] (-) TimerEvent: {}
[539.242656] (-) TimerEvent: {}
[539.351831] (-) TimerEvent: {}
[539.422066] (gps_mavros) StdoutLine: {'line': b'-- Installing: /ODLC_Machine_Inferencing_System_2025-2026/ros2_workspace/install/gps_mavros/share/gps_mavros/cmake/export_gps_mavros__rosidl_generator_pyExport.cmake\n'}
[539.458762] (-) TimerEvent: {}
[539.571968] (-) TimerEvent: {}
[539.677533] (-) TimerEvent: {}
[539.782967] (-) TimerEvent: {}
[539.886167] (-) TimerEvent: {}
[540.005563] (-) TimerEvent: {}
[540.116452] (-) TimerEvent: {}
[540.217632] (-) TimerEvent: {}
[540.322549] (-) TimerEvent: {}
[540.427798] (-) TimerEvent: {}
[540.537443] (-) TimerEvent: {}
[540.651635] (-) TimerEvent: {}
[540.758302] (-) TimerEvent: {}
[540.882917] (-) TimerEvent: {}
[541.008488] (-) TimerEvent: {}
[541.129638] (-) TimerEvent: {}
[541.232365] (-) TimerEvent: {}
[541.337647] (-) TimerEvent: {}
[541.442802] (-) TimerEvent: {}
[541.557100] (-) TimerEvent: {}
[541.656524] (gps_mavros) StdoutLine: {'line': b'-- Installing: /ODLC_Machine_Inferencing_System_2025-2026/ros2_workspace/install/gps_mavros/share/gps_mavros/cmake/export_gps_mavros__rosidl_generator_pyExport-noconfig.cmake\n'}
[541.681038] (-) TimerEvent: {}
[541.784385] (-) TimerEvent: {}
[541.891987] (-) TimerEvent: {}
[542.004809] (-) TimerEvent: {}
[542.112978] (-) TimerEvent: {}
[542.216696] (-) TimerEvent: {}
[542.323707] (-) TimerEvent: {}
[542.431492] (-) TimerEvent: {}
[542.548220] (-) TimerEvent: {}
[542.653719] (-) TimerEvent: {}
[542.759423] (-) TimerEvent: {}
[542.869472] (-) TimerEvent: {}
[542.976729] (-) TimerEvent: {}
[543.084647] (-) TimerEvent: {}
[543.189941] (-) TimerEvent: {}
[543.295813] (-) TimerEvent: {}
[543.402224] (-) TimerEvent: {}
[543.507792] (-) TimerEvent: {}
[543.616870] (-) TimerEvent: {}
[543.733189] (-) TimerEvent: {}
[543.839355] (-) TimerEvent: {}
[543.874188] (gps_mavros) StdoutLine: {'line': b'-- Installing: /ODLC_Machine_Inferencing_System_2025-2026/ros2_workspace/install/gps_mavros/share/gps_mavros/cmake/rosidl_cmake-extras.cmake\n'}
[543.939779] (-) TimerEvent: {}
[544.046827] (-) TimerEvent: {}
[544.169272] (-) TimerEvent: {}
[544.279780] (-) TimerEvent: {}
[544.383047] (-) TimerEvent: {}
[544.486951] (-) TimerEvent: {}
[544.594251] (-) TimerEvent: {}
[544.697662] (-) TimerEvent: {}
[544.810305] (-) TimerEvent: {}
[544.919597] (-) TimerEvent: {}
[545.025341] (-) TimerEvent: {}
[545.167225] (-) TimerEvent: {}
[545.271605] (-) TimerEvent: {}
[545.322501] (gps_mavros) StdoutLine: {'line': b'-- Installing: /ODLC_Machine_Inferencing_System_2025-2026/ros2_workspace/install/gps_mavros/share/gps_mavros/cmake/ament_cmake_export_include_directories-extras.cmake\n'}
[545.381639] (-) TimerEvent: {}
[545.496609] (-) TimerEvent: {}
[545.609324] (-) TimerEvent: {}
[545.729152] (-) TimerEvent: {}
[545.835940] (-) TimerEvent: {}
[545.948446] (-) TimerEvent: {}
[546.055973] (-) TimerEvent: {}
[546.165136] (-) TimerEvent: {}
[546.278899] (-) TimerEvent: {}
[546.387197] (-) TimerEvent: {}
[546.511370] (-) TimerEvent: {}
[546.627516] (-) TimerEvent: {}
[546.734392] (-) TimerEvent: {}
[546.851274] (-) TimerEvent: {}
[546.961184] (-) TimerEvent: {}
[547.058818] (gps_mavros) StdoutLine: {'line': b'-- Installing: /ODLC_Machine_Inferencing_System_2025-2026/ros2_workspace/install/gps_mavros/share/gps_mavros/cmake/ament_cmake_export_libraries-extras.cmake\n'}
[547.082713] (-) TimerEvent: {}
[547.199288] (-) TimerEvent: {}
[547.309317] (-) TimerEvent: {}
[547.418082] (-) TimerEvent: {}
[547.526677] (-) TimerEvent: {}
[547.635217] (-) TimerEvent: {}
[547.746057] (-) TimerEvent: {}
[547.850429] (-) TimerEvent: {}
[547.957854] (-) TimerEvent: {}
[548.065103] (-) TimerEvent: {}
[548.171963] (-) TimerEvent: {}
[548.275081] (-) TimerEvent: {}
[548.381309] (-) TimerEvent: {}
[548.489531] (-) TimerEvent: {}
[548.603967] (-) TimerEvent: {}
[548.715804] (-) TimerEvent: {}
[548.825253] (-) TimerEvent: {}
[548.937525] (-) TimerEvent: {}
[549.045049] (-) TimerEvent: {}
[549.148183] (-) TimerEvent: {}
[549.254486] (-) TimerEvent: {}
[549.303085] (gps_mavros) StdoutLine: {'line': b'-- Installing: /ODLC_Machine_Inferencing_System_2025-2026/ros2_workspace/install/gps_mavros/share/gps_mavros/cmake/ament_cmake_export_targets-extras.cmake\n'}
[549.358512] (-) TimerEvent: {}
[549.466904] (-) TimerEvent: {}
[549.570522] (-) TimerEvent: {}
[549.699346] (-) TimerEvent: {}
[549.802315] (-) TimerEvent: {}
[549.908176] (-) TimerEvent: {}
[550.015444] (-) TimerEvent: {}
[550.119223] (-) TimerEvent: {}
[550.226822] (-) TimerEvent: {}
[550.332157] (-) TimerEvent: {}
[550.435769] (-) TimerEvent: {}
[550.543161] (-) TimerEvent: {}
[550.647966] (-) TimerEvent: {}
[550.755236] (-) TimerEvent: {}
[550.860202] (-) TimerEvent: {}
[550.969462] (-) TimerEvent: {}
[551.020465] (gps_mavros) StdoutLine: {'line': b'-- Installing: /ODLC_Machine_Inferencing_System_2025-2026/ros2_workspace/install/gps_mavros/share/gps_mavros/cmake/rosidl_cmake_export_typesupport_targets-extras.cmake\n'}
[551.069689] (-) TimerEvent: {}
[551.181352] (-) TimerEvent: {}
[551.298519] (-) TimerEvent: {}
[551.404474] (-) TimerEvent: {}
[551.522090] (-) TimerEvent: {}
[551.634115] (-) TimerEvent: {}
[551.744010] (-) TimerEvent: {}
[551.848678] (-) TimerEvent: {}
[551.950458] (-) TimerEvent: {}
[552.062178] (-) TimerEvent: {}
[552.176074] (-) TimerEvent: {}
[552.283490] (-) TimerEvent: {}
[552.389101] (-) TimerEvent: {}
[552.498260] (-) TimerEvent: {}
[552.610045] (-) TimerEvent: {}
[552.718086] (-) TimerEvent: {}
[552.831274] (-) TimerEvent: {}
[552.840411] (gps_mavros) StdoutLine: {'line': b'-- Installing: /ODLC_Machine_Inferencing_System_2025-2026/ros2_workspace/install/gps_mavros/share/gps_mavros/cmake/ament_cmake_export_dependencies-extras.cmake\n'}
[552.932130] (-) TimerEvent: {}
[553.051639] (-) TimerEvent: {}
[553.178392] (-) TimerEvent: {}
[553.295652] (-) TimerEvent: {}
[553.412341] (-) TimerEvent: {}
[553.520959] (-) TimerEvent: {}
[553.629271] (-) TimerEvent: {}
[553.738653] (-) TimerEvent: {}
[553.853747] (-) TimerEvent: {}
[553.981971] (-) TimerEvent: {}
[554.096469] (-) TimerEvent: {}
[554.205864] (-) TimerEvent: {}
[554.312404] (-) TimerEvent: {}
[554.417332] (-) TimerEvent: {}
[554.526917] (-) TimerEvent: {}
[554.633891] (-) TimerEvent: {}
[554.740802] (-) TimerEvent: {}
[554.847054] (-) TimerEvent: {}
[554.951049] (-) TimerEvent: {}
[555.060153] (-) TimerEvent: {}
[555.167742] (-) TimerEvent: {}
[555.274843] (-) TimerEvent: {}
[555.381330] (-) TimerEvent: {}
[555.491945] (-) TimerEvent: {}
[555.600516] (-) TimerEvent: {}
[555.610220] (gps_mavros) StdoutLine: {'line': b'-- Installing: /ODLC_Machine_Inferencing_System_2025-2026/ros2_workspace/install/gps_mavros/share/gps_mavros/cmake/rosidl_cmake_export_typesupport_libraries-extras.cmake\n'}
[555.700663] (-) TimerEvent: {}
[555.815481] (-) TimerEvent: {}
[555.918158] (-) TimerEvent: {}
[556.037645] (-) TimerEvent: {}
[556.159831] (-) TimerEvent: {}
[556.288671] (-) TimerEvent: {}
[556.393930] (-) TimerEvent: {}
[556.500904] (-) TimerEvent: {}
[556.622483] (-) TimerEvent: {}
[556.732138] (-) TimerEvent: {}
[556.846027] (-) TimerEvent: {}
[556.947273] (-) TimerEvent: {}
[557.051015] (-) TimerEvent: {}
[557.153637] (-) TimerEvent: {}
[557.260809] (-) TimerEvent: {}
[557.366918] (-) TimerEvent: {}
[557.472350] (-) TimerEvent: {}
[557.577384] (-) TimerEvent: {}
[557.692948] (-) TimerEvent: {}
[557.797758] (-) TimerEvent: {}
[557.840482] (gps_mavros) StdoutLine: {'line': b'-- Installing: /ODLC_Machine_Inferencing_System_2025-2026/ros2_workspace/install/gps_mavros/share/gps_mavros/cmake/gps_mavrosConfig.cmake\n'}
[557.897995] (-) TimerEvent: {}
[558.064397] (-) TimerEvent: {}
[558.173197] (-) TimerEvent: {}
[558.285333] (-) TimerEvent: {}
[558.393464] (-) TimerEvent: {}
[558.502636] (-) TimerEvent: {}
[558.623294] (-) TimerEvent: {}
[558.726940] (-) TimerEvent: {}
[558.837252] (-) TimerEvent: {}
[558.948736] (-) TimerEvent: {}
[559.055331] (-) TimerEvent: {}
[559.164385] (-) TimerEvent: {}
[559.273175] (-) TimerEvent: {}
[559.383336] (-) TimerEvent: {}
[559.497750] (-) TimerEvent: {}
[559.603665] (-) TimerEvent: {}
[559.707193] (-) TimerEvent: {}
[559.833967] (-) TimerEvent: {}
[559.937562] (-) TimerEvent: {}
[559.952208] (gps_mavros) StdoutLine: {'line': b'-- Installing: /ODLC_Machine_Inferencing_System_2025-2026/ros2_workspace/install/gps_mavros/share/gps_mavros/cmake/gps_mavrosConfig-version.cmake\n'}
[560.037771] (-) TimerEvent: {}
[560.147465] (-) TimerEvent: {}
[560.249745] (-) TimerEvent: {}
[560.363941] (-) TimerEvent: {}
[560.471397] (-) TimerEvent: {}
[560.582609] (-) TimerEvent: {}
[560.687114] (-) TimerEvent: {}
[560.791114] (-) TimerEvent: {}
[560.896735] (-) TimerEvent: {}
[561.005478] (-) TimerEvent: {}
[561.114482] (-) TimerEvent: {}
[561.227521] (-) TimerEvent: {}
[561.331722] (-) TimerEvent: {}
[561.437912] (-) TimerEvent: {}
[561.550337] (-) TimerEvent: {}
[561.664455] (-) TimerEvent: {}
[561.705382] (gps_mavros) StdoutLine: {'line': b'-- Installing: /ODLC_Machine_Inferencing_System_2025-2026/ros2_workspace/install/gps_mavros/share/gps_mavros/package.xml\n'}
[561.764747] (-) TimerEvent: {}
[561.875745] (-) TimerEvent: {}
[561.994735] (-) TimerEvent: {}
[562.101229] (-) TimerEvent: {}
[562.213512] (-) TimerEvent: {}
[562.321897] (-) TimerEvent: {}
[562.427518] (-) TimerEvent: {}
[562.537881] (-) TimerEvent: {}
[562.648311] (-) TimerEvent: {}
[562.753135] (-) TimerEvent: {}
[562.861504] (-) TimerEvent: {}
[562.968912] (-) TimerEvent: {}
[563.074381] (-) TimerEvent: {}
[563.179504] (-) TimerEvent: {}
[563.281346] (-) TimerEvent: {}
[563.389184] (-) TimerEvent: {}
[563.506445] (-) TimerEvent: {}
[563.614682] (-) TimerEvent: {}
[563.638511] (gps_mavros) CommandEnded: {'returncode': 0}
[563.721235] (-) TimerEvent: {}
[563.839377] (-) TimerEvent: {}
[563.964667] (-) TimerEvent: {}
[564.111798] (-) TimerEvent: {}
[564.216626] (-) TimerEvent: {}
[564.340573] (-) TimerEvent: {}
[564.445755] (-) TimerEvent: {}
[564.553014] (-) TimerEvent: {}
[564.666165] (-) TimerEvent: {}
[564.784815] (-) TimerEvent: {}
[564.900142] (-) TimerEvent: {}
[565.006818] (-) TimerEvent: {}
[565.120092] (-) TimerEvent: {}
[565.225574] (-) TimerEvent: {}
[565.344534] (-) TimerEvent: {}
[565.449818] (-) TimerEvent: {}
[565.558509] (-) TimerEvent: {}
[565.669924] (-) TimerEvent: {}
[565.802391] (-) TimerEvent: {}
[565.910476] (-) TimerEvent: {}
[566.029887] (-) TimerEvent: {}
[566.169279] (-) TimerEvent: {}
[566.281149] (-) TimerEvent: {}
[566.387131] (-) TimerEvent: {}
[566.504075] (-) TimerEvent: {}
[566.611681] (-) TimerEvent: {}
[566.718988] (-) TimerEvent: {}
[566.836890] (-) TimerEvent: {}
[566.945814] (-) TimerEvent: {}
[567.052919] (-) TimerEvent: {}
[567.158186] (-) TimerEvent: {}
[567.264496] (-) TimerEvent: {}
[567.369509] (-) TimerEvent: {}
[567.477601] (-) TimerEvent: {}
[567.581314] (-) TimerEvent: {}
[567.697171] (-) TimerEvent: {}
[567.813979] (-) TimerEvent: {}
[567.924006] (-) TimerEvent: {}
[568.029478] (-) TimerEvent: {}
[568.133208] (-) TimerEvent: {}
[568.242010] (-) TimerEvent: {}
[568.347739] (-) TimerEvent: {}
[568.456285] (-) TimerEvent: {}
[568.561932] (-) TimerEvent: {}
[568.667973] (-) TimerEvent: {}
[568.781503] (-) TimerEvent: {}
[568.889461] (-) TimerEvent: {}
[568.998727] (-) TimerEvent: {}
[569.111257] (-) TimerEvent: {}
[569.221872] (-) TimerEvent: {}
[569.332801] (-) TimerEvent: {}
[569.447247] (-) TimerEvent: {}
[569.554483] (-) TimerEvent: {}
[569.665341] (-) TimerEvent: {}
[569.777159] (-) TimerEvent: {}
[569.882891] (-) TimerEvent: {}
[570.003956] (-) TimerEvent: {}
[570.114270] (-) TimerEvent: {}
[570.244098] (-) TimerEvent: {}
[570.363661] (-) TimerEvent: {}
[570.475052] (-) TimerEvent: {}
[570.585482] (-) TimerEvent: {}
[570.696477] (-) TimerEvent: {}
[570.808743] (-) TimerEvent: {}
[570.922891] (-) TimerEvent: {}
[571.033176] (-) TimerEvent: {}
[571.153411] (-) TimerEvent: {}
[571.283272] (-) TimerEvent: {}
[571.397894] (-) TimerEvent: {}
[571.508598] (-) TimerEvent: {}
[571.615006] (-) TimerEvent: {}
[571.723950] (-) TimerEvent: {}
[571.833349] (-) TimerEvent: {}
[571.938471] (-) TimerEvent: {}
[572.074244] (-) TimerEvent: {}
[572.199189] (-) TimerEvent: {}
[572.313898] (-) TimerEvent: {}
[572.439325] (-) TimerEvent: {}
[572.562862] (-) TimerEvent: {}
[572.674420] (-) TimerEvent: {}
[572.782666] (-) TimerEvent: {}
[572.890488] (-) TimerEvent: {}
[573.004111] (-) TimerEvent: {}
[573.113435] (-) TimerEvent: {}
[573.219664] (-) TimerEvent: {}
[573.327218] (-) TimerEvent: {}
[573.433055] (-) TimerEvent: {}
[573.556607] (-) TimerEvent: {}
[573.669308] (-) TimerEvent: {}
[573.803126] (-) TimerEvent: {}
[573.916598] (-) TimerEvent: {}
[574.026818] (-) TimerEvent: {}
[574.137995] (-) TimerEvent: {}
[574.253085] (-) TimerEvent: {}
[574.364372] (-) TimerEvent: {}
[574.467258] (-) TimerEvent: {}
[574.573608] (-) TimerEvent: {}
[574.679015] (-) TimerEvent: {}
[574.786796] (-) TimerEvent: {}
[574.894337] (-) TimerEvent: {}
[575.000784] (-) TimerEvent: {}
[575.109578] (-) TimerEvent: {}
[575.226989] (-) TimerEvent: {}
[575.355939] (-) TimerEvent: {}
[575.486103] (-) TimerEvent: {}
[575.591220] (-) TimerEvent: {}
[575.733307] (-) TimerEvent: {}
[575.843196] (-) TimerEvent: {}
[575.972954] (-) TimerEvent: {}
[576.097068] (-) TimerEvent: {}
[576.201821] (-) TimerEvent: {}
[576.322420] (-) TimerEvent: {}
[576.441283] (-) TimerEvent: {}
[576.558621] (-) TimerEvent: {}
[576.667595] (-) TimerEvent: {}
[576.775340] (-) TimerEvent: {}
[576.885746] (-) TimerEvent: {}
[576.992942] (-) TimerEvent: {}
[577.114003] (-) TimerEvent: {}
[577.232072] (-) TimerEvent: {}
[577.339580] (-) TimerEvent: {}
[577.446568] (-) TimerEvent: {}
[577.562184] (-) TimerEvent: {}
[577.666846] (-) TimerEvent: {}
[577.771213] (-) TimerEvent: {}
[577.879663] (-) TimerEvent: {}
[577.988876] (-) TimerEvent: {}
[578.090704] (-) TimerEvent: {}
[578.193357] (-) TimerEvent: {}
[578.312146] (-) TimerEvent: {}
[578.457005] (-) TimerEvent: {}
[578.565538] (-) TimerEvent: {}
[578.672121] (-) TimerEvent: {}
[578.779764] (-) TimerEvent: {}
[578.885599] (-) TimerEvent: {}
[578.987821] (-) TimerEvent: {}
[579.091888] (-) TimerEvent: {}
[579.195547] (-) TimerEvent: {}
[579.313821] (-) TimerEvent: {}
[579.438113] (-) TimerEvent: {}
[579.561057] (-) TimerEvent: {}
[579.679283] (-) TimerEvent: {}
[579.796816] (-) TimerEvent: {}
[579.901100] (-) TimerEvent: {}
[580.008389] (-) TimerEvent: {}
[580.123964] (-) TimerEvent: {}
[580.228760] (-) TimerEvent: {}
[580.332049] (-) TimerEvent: {}
[580.436266] (-) TimerEvent: {}
[580.544222] (-) TimerEvent: {}
[580.649513] (-) TimerEvent: {}
[580.762203] (-) TimerEvent: {}
[580.883324] (-) TimerEvent: {}
[581.003971] (-) TimerEvent: {}
[581.116445] (-) TimerEvent: {}
[581.219421] (-) TimerEvent: {}
[581.323472] (-) TimerEvent: {}
[581.425636] (-) TimerEvent: {}
[581.541017] (-) TimerEvent: {}
[581.651779] (-) TimerEvent: {}
[581.760921] (-) TimerEvent: {}
[581.867686] (-) TimerEvent: {}
[581.974738] (-) TimerEvent: {}
[582.079005] (-) TimerEvent: {}
[582.183290] (-) TimerEvent: {}
[582.310740] (-) TimerEvent: {}
[582.416203] (-) TimerEvent: {}
[582.523381] (-) TimerEvent: {}
[582.633590] (-) TimerEvent: {}
[582.738125] (-) TimerEvent: {}
[582.842264] (-) TimerEvent: {}
[582.946431] (-) TimerEvent: {}
[583.049936] (-) TimerEvent: {}
[583.167906] (-) TimerEvent: {}
[583.278664] (-) TimerEvent: {}
[583.388794] (-) TimerEvent: {}
[583.499467] (-) TimerEvent: {}
[583.606409] (-) TimerEvent: {}
[583.715105] (-) TimerEvent: {}
[583.828575] (-) TimerEvent: {}
[583.940181] (-) TimerEvent: {}
[584.053468] (-) TimerEvent: {}
[584.161812] (-) TimerEvent: {}
[584.292071] (-) TimerEvent: {}
[584.406427] (-) TimerEvent: {}
[584.522629] (-) TimerEvent: {}
[584.623982] (-) TimerEvent: {}
[584.725950] (-) TimerEvent: {}
[584.835135] (-) TimerEvent: {}
[584.939063] (-) TimerEvent: {}
[585.043958] (-) TimerEvent: {}
[585.153289] (-) TimerEvent: {}
[585.256372] (-) TimerEvent: {}
[585.378154] (-) TimerEvent: {}
[585.486883] (-) TimerEvent: {}
[585.594940] (-) TimerEvent: {}
[585.748521] (-) TimerEvent: {}
[585.856394] (-) TimerEvent: {}
[585.959639] (-) TimerEvent: {}
[586.062057] (-) TimerEvent: {}
[586.168532] (-) TimerEvent: {}
[586.275984] (-) TimerEvent: {}
[586.380488] (-) TimerEvent: {}
[586.484174] (-) TimerEvent: {}
[586.606458] (-) TimerEvent: {}
[586.708756] (-) TimerEvent: {}
[586.829309] (-) TimerEvent: {}
[586.948951] (-) TimerEvent: {}
[587.052559] (-) TimerEvent: {}
[587.162220] (-) TimerEvent: {}
[587.269990] (-) TimerEvent: {}
[587.371604] (-) TimerEvent: {}
[587.474829] (-) TimerEvent: {}
[587.577179] (-) TimerEvent: {}
[587.681604] (-) TimerEvent: {}
[587.793783] (-) TimerEvent: {}
[587.898535] (-) TimerEvent: {}
[588.010764] (-) TimerEvent: {}
[588.116192] (-) TimerEvent: {}
[588.246343] (-) TimerEvent: {}
[588.355124] (-) TimerEvent: {}
[588.477703] (-) TimerEvent: {}
[588.590499] (-) TimerEvent: {}
[588.698146] (-) TimerEvent: {}
[588.808448] (-) TimerEvent: {}
[588.927675] (-) TimerEvent: {}
[589.037705] (-) TimerEvent: {}
[589.142976] (-) TimerEvent: {}
[589.260783] (-) TimerEvent: {}
[589.373364] (-) TimerEvent: {}
[589.501663] (-) TimerEvent: {}
[589.611457] (-) TimerEvent: {}
[589.715684] (-) TimerEvent: {}
[589.820186] (-) TimerEvent: {}
[589.941429] (-) TimerEvent: {}
[590.053660] (-) TimerEvent: {}
[590.155514] (-) TimerEvent: {}
[590.261421] (-) TimerEvent: {}
[590.375701] (-) TimerEvent: {}
[590.478837] (-) TimerEvent: {}
[590.588159] (-) TimerEvent: {}
[590.693941] (-) TimerEvent: {}
[590.797056] (-) TimerEvent: {}
[590.901649] (-) TimerEvent: {}
[591.008979] (-) TimerEvent: {}
[591.116701] (-) TimerEvent: {}
[591.240988] (-) TimerEvent: {}
[591.344090] (-) TimerEvent: {}
[591.452310] (-) TimerEvent: {}
[591.565800] (-) TimerEvent: {}
[591.674744] (-) TimerEvent: {}
[591.782148] (-) TimerEvent: {}
[591.898747] (-) TimerEvent: {}
[592.012005] (-) TimerEvent: {}
[592.115412] (-) TimerEvent: {}
[592.220706] (-) TimerEvent: {}
[592.325457] (-) TimerEvent: {}
[592.435966] (-) TimerEvent: {}
[592.540293] (-) TimerEvent: {}
[592.656495] (-) TimerEvent: {}
[592.772548] (-) TimerEvent: {}
[592.877180] (-) TimerEvent: {}
[592.982988] (-) TimerEvent: {}
[593.099528] (-) TimerEvent: {}
[593.216669] (-) TimerEvent: {}
[593.320729] (-) TimerEvent: {}
[593.423971] (-) TimerEvent: {}
[593.529681] (-) TimerEvent: {}
[593.638830] (-) TimerEvent: {}
[593.755983] (-) TimerEvent: {}
[593.868626] (-) TimerEvent: {}
[593.981516] (-) TimerEvent: {}
[594.089680] (-) TimerEvent: {}
[594.200023] (-) TimerEvent: {}
[594.299346] (gps_mavros) JobEnded: {'identifier': 'gps_mavros', 'rc': 0}
[594.471729] (-) TimerEvent: {}
[594.478530] (-) EventReactorShutdown: {}
